Trial,DAP,Plot,Row,Range,gid,GC,ph,yield
HARS22_chips,0,1,1,1,MSGG190-1,0,0,588.2415
HARS22_chips,28,1,1,1,MSGG190-1,0,0,588.2415
HARS22_chips,42,1,1,1,MSGG190-1,29.535,0.0938998609781265,588.2415
HARS22_chips,50,1,1,1,MSGG190-1,66.474,0.200388565659523,588.2415
HARS22_chips,62,1,1,1,MSGG190-1,92.201,0.716754138469696,588.2415
HARS22_chips,77,1,1,1,MSGG190-1,99.754,0.563077569007874,588.2415
HARS22_chips,84,1,1,1,MSGG190-1,100.04,0.445979803800583,588.2415
HARS22_chips,96,1,1,1,MSGG190-1,99.975,0.338879108428955,588.2415
HARS22_chips,105,1,1,1,MSGG190-1,98.783,0.292781352996826,588.2415
HARS22_chips,0,2,2,1,W19016-2,0,0,430.83865
HARS22_chips,28,2,2,1,W19016-2,0,0,430.83865
HARS22_chips,42,2,2,1,W19016-2,10.782,0.018795944750309,430.83865
HARS22_chips,50,2,2,1,W19016-2,43.61,0.0404068678617477,430.83865
HARS22_chips,62,2,2,1,W19016-2,82.922,0.708960950374603,430.83865
HARS22_chips,77,2,2,1,W19016-2,99.895,0.646141052246094,430.83865
HARS22_chips,84,2,2,1,W19016-2,99.747,0.508728444576263,430.83865
HARS22_chips,96,2,2,1,W19016-2,100.017,0.391227900981903,430.83865
HARS22_chips,105,2,2,1,W19016-2,99.972,0.339486330747604,430.83865
HARS22_chips,0,3,3,1,W19ND1810Y-8,0,0,642.9819
HARS22_chips,28,3,3,1,W19ND1810Y-8,0,0,642.9819
HARS22_chips,42,3,3,1,W19ND1810Y-8,25.105,0.0699338242411613,642.9819
HARS22_chips,50,3,3,1,W19ND1810Y-8,61.956,0.195087864995003,642.9819
HARS22_chips,62,3,3,1,W19ND1810Y-8,94.459,0.896725296974182,642.9819
HARS22_chips,77,3,3,1,W19ND1810Y-8,99.907,0.734365701675415,642.9819
HARS22_chips,84,3,3,1,W19ND1810Y-8,100.032,0.597395122051239,642.9819
HARS22_chips,96,3,3,1,W19ND1810Y-8,99.384,0.373959392309189,642.9819
HARS22_chips,105,3,3,1,W19ND1810Y-8,99.682,0.313375204801559,642.9819
HARS22_chips,0,4,4,1,W19002-2,0,0,531.6377
HARS22_chips,28,4,4,1,W19002-2,0,0,531.6377
HARS22_chips,42,4,4,1,W19002-2,28.307,0.09,531.6377
HARS22_chips,50,4,4,1,W19002-2,71.173,0.210849612951279,531.6377
HARS22_chips,62,4,4,1,W19002-2,99.856,0.853557765483856,531.6377
HARS22_chips,77,4,4,1,W19002-2,99.956,0.582263767719269,531.6377
HARS22_chips,84,4,4,1,W19002-2,100.012,0.42208394408226,531.6377
HARS22_chips,96,4,4,1,W19002-2,99.967,0.264402240514755,531.6377
HARS22_chips,105,4,4,1,W19002-2,99.867,0.223585650324821,531.6377
HARS22_chips,0,5,5,1,W19007-7,0,0,393.26815
HARS22_chips,28,5,5,1,W19007-7,0,0,393.26815
HARS22_chips,42,5,5,1,W19007-7,34.073,0.105914652347565,393.26815
HARS22_chips,50,5,5,1,W19007-7,69.373,0.254780977964401,393.26815
HARS22_chips,62,5,5,1,W19007-7,79.73,0.728647351264954,393.26815
HARS22_chips,77,5,5,1,W19007-7,98.185,0.482446104288101,393.26815
HARS22_chips,84,5,5,1,W19007-7,100.004,0.447129100561142,393.26815
HARS22_chips,96,5,5,1,W19007-7,99.562,0.366578102111816,393.26815
HARS22_chips,105,5,5,1,W19007-7,95.651,0.304970115423203,393.26815
HARS22_chips,0,6,6,1,W19007-18,0,0,592.34945
HARS22_chips,28,6,6,1,W19007-18,0,0,592.34945
HARS22_chips,42,6,6,1,W19007-18,10.045,0.0234270039945841,592.34945
HARS22_chips,50,6,6,1,W19007-18,38.246,0.0727364718914032,592.34945
HARS22_chips,62,6,6,1,W19007-18,73.843,0.829189538955688,592.34945
HARS22_chips,77,6,6,1,W19007-18,99.952,0.703704297542572,592.34945
HARS22_chips,84,6,6,1,W19007-18,100.044,0.552597641944885,592.34945
HARS22_chips,96,6,6,1,W19007-18,99.955,0.421618968248367,592.34945
HARS22_chips,105,6,6,1,W19007-18,99.803,0.332250952720642,592.34945
HARS22_chips,0,7,7,1,W19031-14,0,0,694.3948
HARS22_chips,28,7,7,1,W19031-14,0,0,694.3948
HARS22_chips,42,7,7,1,W19031-14,29.414,0.0752005204558372,694.3948
HARS22_chips,50,7,7,1,W19031-14,64.675,0.211323708295822,694.3948
HARS22_chips,62,7,7,1,W19031-14,96.688,0.881006419658661,694.3948
HARS22_chips,77,7,7,1,W19031-14,99.96,0.675995469093323,694.3948
HARS22_chips,84,7,7,1,W19031-14,100.02,0.5472531914711,694.3948
HARS22_chips,96,7,7,1,W19031-14,99.739,0.398605972528458,694.3948
HARS22_chips,105,7,7,1,W19031-14,95.151,0.30975466966629,694.3948
HARS22_chips,0,8,8,1,W19009-15,0,0,601.491
HARS22_chips,28,8,8,1,W19009-15,0,0,601.491
HARS22_chips,42,8,8,1,W19009-15,35.28,0.0734570026397705,601.491
HARS22_chips,50,8,8,1,W19009-15,72.354,0.18443962931633,601.491
HARS22_chips,62,8,8,1,W19009-15,98.415,0.79336416721344,601.491
HARS22_chips,77,8,8,1,W19009-15,99.972,0.618855714797974,601.491
HARS22_chips,84,8,8,1,W19009-15,100.016,0.45139017701149,601.491
HARS22_chips,96,8,8,1,W19009-15,99.959,0.31356492638588,601.491
HARS22_chips,105,8,8,1,W19009-15,97.961,0.255339175462723,601.491
HARS22_chips,0,9,9,1,W19027-46,0,0,468.80845
HARS22_chips,28,9,9,1,W19027-46,0,0,468.80845
HARS22_chips,42,9,9,1,W19027-46,33.356,0.107829429209232,468.80845
HARS22_chips,50,9,9,1,W19027-46,64.697,0.209953188896179,468.80845
HARS22_chips,62,9,9,1,W19027-46,91.604,0.701053440570831,468.80845
HARS22_chips,77,9,9,1,W19027-46,99.94,0.558604538440704,468.80845
HARS22_chips,84,9,9,1,W19027-46,100.016,0.435739755630493,468.80845
HARS22_chips,96,9,9,1,W19027-46,99.996,0.333653718233109,468.80845
HARS22_chips,105,9,9,1,W19027-46,99.508,0.300098985433578,468.80845
HARS22_chips,0,10,10,1,W19015-4,0,0,580.34625
HARS22_chips,28,10,10,1,W19015-4,0,0,580.34625
HARS22_chips,42,10,10,1,W19015-4,25.795,0.066875159740448,580.34625
HARS22_chips,50,10,10,1,W19015-4,62.302,0.203002646565437,580.34625
HARS22_chips,62,10,10,1,W19015-4,77.174,0.687711536884308,580.34625
HARS22_chips,77,10,10,1,W19015-4,99.956,0.612231314182281,580.34625
HARS22_chips,84,10,10,1,W19015-4,100.004,0.488008946180344,580.34625
HARS22_chips,96,10,10,1,W19015-4,100.012,0.365595877170563,580.34625
HARS22_chips,105,10,10,1,W19015-4,99.005,0.298555552959442,580.34625
HARS22_chips,0,11,11,1,MSGG690-1,0,0,330.7051
HARS22_chips,28,11,11,1,MSGG690-1,0.187,0,330.7051
HARS22_chips,42,11,11,1,MSGG690-1,31.152,0.0639027208089828,330.7051
HARS22_chips,50,11,11,1,MSGG690-1,62.57,0.163034409284592,330.7051
HARS22_chips,62,11,11,1,MSGG690-1,84.863,0.664551675319672,330.7051
HARS22_chips,77,11,11,1,MSGG690-1,99.98,0.572417318820953,330.7051
HARS22_chips,84,11,11,1,MSGG690-1,100.024,0.446721136569977,330.7051
HARS22_chips,96,11,11,1,MSGG690-1,99.471,0.317489266395569,330.7051
HARS22_chips,105,11,11,1,MSGG690-1,99.198,0.239347159862518,330.7051
HARS22_chips,0,12,12,1,W17037-3,0,0,651.91775
HARS22_chips,28,12,12,1,W17037-3,0,0,651.91775
HARS22_chips,42,12,12,1,W17037-3,23.341,0.0604326687753201,651.91775
HARS22_chips,50,12,12,1,W17037-3,61.518,0.223749801516533,651.91775
HARS22_chips,62,12,12,1,W17037-3,85.595,0.789130926132202,651.91775
HARS22_chips,77,12,12,1,W17037-3,99.952,0.670771956443787,651.91775
HARS22_chips,84,12,12,1,W17037-3,99.928,0.464430749416351,651.91775
HARS22_chips,96,12,12,1,W17037-3,97.489,0.346810817718506,651.91775
HARS22_chips,105,12,12,1,W17037-3,97.501,0.2541264295578,651.91775
HARS22_chips,0,13,13,1,W19005-5,0,0,545.7342
HARS22_chips,28,13,13,1,W19005-5,0,0,545.7342
HARS22_chips,42,13,13,1,W19005-5,20.919,0.0484187304973602,545.7342
HARS22_chips,50,13,13,1,W19005-5,54.069,0.173410430550575,545.7342
HARS22_chips,62,13,13,1,W19005-5,84.443,0.765353143215179,545.7342
HARS22_chips,77,13,13,1,W19005-5,99.907,0.682272732257843,545.7342
HARS22_chips,84,13,13,1,W19005-5,100.02,0.534313797950745,545.7342
HARS22_chips,96,13,13,1,W19005-5,99.57,0.412400096654892,545.7342
HARS22_chips,105,13,13,1,W19005-5,99.129,0.300517290830612,545.7342
HARS22_chips,0,14,14,1,MSGG365-1,0,0,559.28015
HARS22_chips,28,14,14,1,MSGG365-1,0,0,559.28015
HARS22_chips,42,14,14,1,MSGG365-1,33.827,0.0811689645051956,559.28015
HARS22_chips,50,14,14,1,MSGG365-1,71.975,0.217890590429306,559.28015
HARS22_chips,62,14,14,1,MSGG365-1,89.56,0.740210890769958,559.28015
HARS22_chips,77,14,14,1,MSGG365-1,99.948,0.624451100826263,559.28015
HARS22_chips,84,14,14,1,MSGG365-1,100.02,0.545925974845886,559.28015
HARS22_chips,96,14,14,1,MSGG365-1,97.067,0.393800795078278,559.28015
HARS22_chips,105,14,14,1,MSGG365-1,85.386,0.279000014066696,559.28015
HARS22_chips,0,15,14,2,MSGG207-1,0,0,597.1108
HARS22_chips,28,15,14,2,MSGG207-1,0,0,597.1108
HARS22_chips,42,15,14,2,MSGG207-1,14.468,0.0176960825920105,597.1108
HARS22_chips,50,15,14,2,MSGG207-1,47.321,0.0956890285015106,597.1108
HARS22_chips,62,15,14,2,MSGG207-1,73.824,0.797815144062042,597.1108
HARS22_chips,77,15,14,2,MSGG207-1,99.939,0.671887934207916,597.1108
HARS22_chips,84,15,14,2,MSGG207-1,100.008,0.480033487081528,597.1108
HARS22_chips,96,15,14,2,MSGG207-1,98.441,0.373135149478912,597.1108
HARS22_chips,105,15,14,2,MSGG207-1,96.554,0.266885846853256,597.1108
HARS22_chips,0,16,13,2,W19012-13,0,0,471.5491
HARS22_chips,28,16,13,2,W19012-13,0,0,471.5491
HARS22_chips,42,16,13,2,W19012-13,13.52,0.0132094174623489,471.5491
HARS22_chips,50,16,13,2,W19012-13,43.847,0.0815526023507118,471.5491
HARS22_chips,62,16,13,2,W19012-13,83.798,0.801262557506561,471.5491
HARS22_chips,77,16,13,2,W19012-13,99.964,0.571653008460999,471.5491
HARS22_chips,84,16,13,2,W19012-13,100.004,0.437789797782898,471.5491
HARS22_chips,96,16,13,2,W19012-13,99.293,0.289704084396362,471.5491
HARS22_chips,105,16,13,2,W19012-13,81.844,0.203198134899139,471.5491
HARS22_chips,0,17,12,2,W19022-5,0,0,663.54585
HARS22_chips,28,17,12,2,W19022-5,0,0,663.54585
HARS22_chips,42,17,12,2,W19022-5,21.211,0.0275999996811152,663.54585
HARS22_chips,50,17,12,2,W19022-5,53.68,0.187874898314476,663.54585
HARS22_chips,62,17,12,2,W19022-5,94.234,0.818791031837463,663.54585
HARS22_chips,77,17,12,2,W19022-5,99.923,0.603767991065979,663.54585
HARS22_chips,84,17,12,2,W19022-5,99.928,0.451790273189545,663.54585
HARS22_chips,96,17,12,2,W19022-5,97.742,0.263069212436676,663.54585
HARS22_chips,105,17,12,2,W19022-5,94.305,0.17751681804657,663.54585
HARS22_chips,0,18,11,2,W17065-11,0,0,599.19805
HARS22_chips,28,18,11,2,W17065-11,0,0,599.19805
HARS22_chips,42,18,11,2,W17065-11,21.702,0.0374650694429874,599.19805
HARS22_chips,50,18,11,2,W17065-11,60.985,0.219051823019981,599.19805
HARS22_chips,62,18,11,2,W17065-11,83.231,0.914873480796814,599.19805
HARS22_chips,77,18,11,2,W17065-11,99.718,0.677922010421753,599.19805
HARS22_chips,84,18,11,2,W17065-11,99.94,0.630834400653839,599.19805
HARS22_chips,96,18,11,2,W17065-11,99.301,0.430197030305862,599.19805
HARS22_chips,105,18,11,2,W17065-11,99.299,0.337069779634476,599.19805
HARS22_chips,0,19,10,2,W19028-32,0,0,445.91525
HARS22_chips,28,19,10,2,W19028-32,0,0,445.91525
HARS22_chips,42,19,10,2,W19028-32,12.175,0.0174281429499388,445.91525
HARS22_chips,50,19,10,2,W19028-32,41.989,0.106531172990799,445.91525
HARS22_chips,62,19,10,2,W19028-32,83.231,0.739965260028839,445.91525
HARS22_chips,77,19,10,2,W19028-32,99.952,0.675855994224548,445.91525
HARS22_chips,84,19,10,2,W19028-32,99.976,0.575347065925598,445.91525
HARS22_chips,96,19,10,2,W19028-32,100.025,0.404667347669601,445.91525
HARS22_chips,105,19,10,2,W19028-32,99.222,0.300757586956024,445.91525
HARS22_chips,0,20,9,2,W19024-6,0,0,408.7017
HARS22_chips,28,20,9,2,W19024-6,0,0,408.7017
HARS22_chips,42,20,9,2,W19024-6,1.341,0.00232095713727176,408.7017
HARS22_chips,50,20,9,2,W19024-6,21.749,0.026222875341773,408.7017
HARS22_chips,62,20,9,2,W19024-6,56.843,0.535995841026306,408.7017
HARS22_chips,77,20,9,2,W19024-6,99.931,0.611338138580322,408.7017
HARS22_chips,84,20,9,2,W19024-6,100,0.560643255710602,408.7017
HARS22_chips,96,20,9,2,W19024-6,100.004,0.384505867958069,408.7017
HARS22_chips,105,20,9,2,W19024-6,99.738,0.288763403892517,408.7017
HARS22_chips,0,21,8,2,Pike,0,0,416.4336
HARS22_chips,28,21,8,2,Pike,0,0,416.4336
HARS22_chips,42,21,8,2,Pike,2.7,-0.00377873005345464,416.4336
HARS22_chips,50,21,8,2,Pike,18.876,0.0150255355983973,416.4336
HARS22_chips,62,21,8,2,Pike,54.688,0.565219342708588,416.4336
HARS22_chips,77,21,8,2,Pike,99.794,0.551597535610199,416.4336
HARS22_chips,84,21,8,2,Pike,100.032,0.509848117828369,416.4336
HARS22_chips,96,21,8,2,Pike,100.004,0.398718446493149,416.4336
HARS22_chips,105,21,8,2,Pike,99.972,0.303727716207504,416.4336
HARS22_chips,0,22,7,2,Atlantic,0,0,706.519
HARS22_chips,28,22,7,2,Atlantic,0,0,706.519
HARS22_chips,42,22,7,2,Atlantic,24.666,0.0374514311552048,706.519
HARS22_chips,50,22,7,2,Atlantic,58.587,0.169412240386009,706.519
HARS22_chips,62,22,7,2,Atlantic,89.243,0.957994997501373,706.519
HARS22_chips,77,22,7,2,Atlantic,99.79,0.663151979446411,706.519
HARS22_chips,84,22,7,2,Atlantic,100.036,0.541065275669098,706.519
HARS22_chips,96,22,7,2,Atlantic,99.983,0.340520024299622,706.519
HARS22_chips,105,22,7,2,Atlantic,99.569,0.239189818501472,706.519
HARS22_chips,0,23,6,2,Snowden,0,0,608.7147
HARS22_chips,28,23,6,2,Snowden,0,0,608.7147
HARS22_chips,42,23,6,2,Snowden,20.162,0.032384566962719,608.7147
HARS22_chips,50,23,6,2,Snowden,50.903,0.141917660832405,608.7147
HARS22_chips,62,23,6,2,Snowden,90.676,0.975248336791992,608.7147
HARS22_chips,77,23,6,2,Snowden,99.891,0.750232338905334,608.7147
HARS22_chips,84,23,6,2,Snowden,99.595,0.526601552963257,608.7147
HARS22_chips,96,23,6,2,Snowden,99.975,0.321970820426941,608.7147
HARS22_chips,105,23,6,2,Snowden,96.622,0.2203588783741,608.7147
HARS22_chips,0,24,5,2,W19028-17,0,0,490.37065
HARS22_chips,28,24,5,2,W19028-17,0,0,490.37065
HARS22_chips,42,24,5,2,W19028-17,22.074,0.0258921906352043,490.37065
HARS22_chips,50,24,5,2,W19028-17,61.8,0.179661855101585,490.37065
HARS22_chips,62,24,5,2,W19028-17,92.193,0.782889783382416,490.37065
HARS22_chips,77,24,5,2,W19028-17,99.948,0.590893805027008,490.37065
HARS22_chips,84,24,5,2,W19028-17,100.004,0.451545238494873,490.37065
HARS22_chips,96,24,5,2,W19028-17,100.021,0.298935443162918,490.37065
HARS22_chips,105,24,5,2,W19028-17,97.912,0.230777844786644,490.37065
HARS22_chips,0,25,4,2,MSGG409-2,0,0,562.38985
HARS22_chips,28,25,4,2,MSGG409-2,0,0,562.38985
HARS22_chips,42,25,4,2,MSGG409-2,7.567,0.0011811233125627,562.38985
HARS22_chips,50,25,4,2,MSGG409-2,36.771,0.0547797456383705,562.38985
HARS22_chips,62,25,4,2,MSGG409-2,76.839,0.75702702999115,562.38985
HARS22_chips,77,25,4,2,MSGG409-2,99.871,0.683470845222473,562.38985
HARS22_chips,84,25,4,2,MSGG409-2,100.012,0.534544169902802,562.38985
HARS22_chips,96,25,4,2,MSGG409-2,100.017,0.359230816364288,562.38985
HARS22_chips,105,25,4,2,MSGG409-2,98.227,0.280680775642395,562.38985
HARS22_chips,0,26,3,2,MSGG242-1,0,0,531.8313
HARS22_chips,28,26,3,2,MSGG242-1,0,0,531.8313
HARS22_chips,42,26,3,2,MSGG242-1,22.925,0.0224406253546476,531.8313
HARS22_chips,50,26,3,2,MSGG242-1,62.369,0.182481154799461,531.8313
HARS22_chips,62,26,3,2,MSGG242-1,94.659,0.923207700252533,531.8313
HARS22_chips,77,26,3,2,MSGG242-1,99.818,0.711440861225128,531.8313
HARS22_chips,84,26,3,2,MSGG242-1,99.647,0.57850444316864,531.8313
HARS22_chips,96,26,3,2,MSGG242-1,99.694,0.427882164716721,531.8313
HARS22_chips,105,26,3,2,MSGG242-1,99.347,0.320091724395752,531.8313
HARS22_chips,0,27,2,2,W19024-23,0,0,599.2767
HARS22_chips,28,27,2,2,W19024-23,0,0,599.2767
HARS22_chips,42,27,2,2,W19024-23,20.463,0.0189761091023684,599.2767
HARS22_chips,50,27,2,2,W19024-23,54.313,0.175099581480026,599.2767
HARS22_chips,62,27,2,2,W19024-23,88.527,0.821981072425842,599.2767
HARS22_chips,77,27,2,2,W19024-23,99.98,0.637288749217987,599.2767
HARS22_chips,84,27,2,2,W19024-23,100.02,0.604432940483093,599.2767
HARS22_chips,96,27,2,2,W19024-23,98.391,0.370160490274429,599.2767
HARS22_chips,105,27,2,2,W19024-23,91.447,0.253822207450867,599.2767
HARS22_chips,0,28,1,2,W19015-3,0,0,655.54775
HARS22_chips,28,28,1,2,W19015-3,0,0,655.54775
HARS22_chips,42,28,1,2,W19015-3,23.356,0.0441812612116337,655.54775
HARS22_chips,50,28,1,2,W19015-3,63.108,0.215579316020012,655.54775
HARS22_chips,62,28,1,2,W19015-3,84.383,0.888313293457031,655.54775
HARS22_chips,77,28,1,2,W19015-3,99.818,0.673097789287567,655.54775
HARS22_chips,84,28,1,2,W19015-3,100.036,0.561053931713104,655.54775
HARS22_chips,96,28,1,2,W19015-3,100.004,0.339601337909698,655.54775
HARS22_chips,105,28,1,2,W19015-3,96.272,0.245807498693466,655.54775
HARS22_chips,0,29,1,3,W19027-10,0,0,576.15965
HARS22_chips,28,29,1,3,W19027-10,0,0,576.15965
HARS22_chips,42,29,1,3,W19027-10,17.639,0.015428033657372,576.15965
HARS22_chips,50,29,1,3,W19027-10,56.592,0.140628263354301,576.15965
HARS22_chips,62,29,1,3,W19027-10,92.258,0.943490326404572,576.15965
HARS22_chips,77,29,1,3,W19027-10,99.919,0.617477536201477,576.15965
HARS22_chips,84,29,1,3,W19027-10,100.036,0.469565242528915,576.15965
HARS22_chips,96,29,1,3,W19027-10,98.527,0.309726238250732,576.15965
HARS22_chips,105,29,1,3,W19027-10,93.281,0.243965208530426,576.15965
HARS22_chips,0,30,2,3,W17039-7,0,0,739.40075
HARS22_chips,28,30,2,3,W17039-7,0.092,0,739.40075
HARS22_chips,42,30,2,3,W17039-7,18.299,0.0216958448290825,739.40075
HARS22_chips,50,30,2,3,W17039-7,55.348,0.16227462887764,739.40075
HARS22_chips,62,30,2,3,W17039-7,90.274,0.990186810493469,739.40075
HARS22_chips,77,30,2,3,W17039-7,99.984,0.676548004150391,739.40075
HARS22_chips,84,30,2,3,W17039-7,100.016,0.478818714618683,739.40075
HARS22_chips,96,30,2,3,W17039-7,99.835,0.287251830101013,739.40075
HARS22_chips,105,30,2,3,W17039-7,99.823,0.244077682495117,739.40075
HARS22_chips,0,31,3,3,W19ND1810Y-6,0,0,412.43455
HARS22_chips,28,31,3,3,W19ND1810Y-6,0,0,412.43455
HARS22_chips,42,31,3,3,W19ND1810Y-6,17.069,0.0110448710620403,412.43455
HARS22_chips,50,31,3,3,W19ND1810Y-6,44.017,0.137459024786949,412.43455
HARS22_chips,62,31,3,3,W19ND1810Y-6,77.413,0.846279144287109,412.43455
HARS22_chips,77,31,3,3,W19ND1810Y-6,99.931,0.600198924541473,412.43455
HARS22_chips,84,31,3,3,W19ND1810Y-6,100.02,0.464947760105133,412.43455
HARS22_chips,96,31,3,3,W19ND1810Y-6,98.3,0.302995473146439,412.43455
HARS22_chips,105,31,3,3,W19ND1810Y-6,97.743,0.224526092410088,412.43455
HARS22_chips,0,32,4,3,W19021-2,0,0,478.44005
HARS22_chips,28,32,4,3,W19021-2,0,0,478.44005
HARS22_chips,42,32,4,3,W19021-2,12.624,-0.00131094909738749,478.44005
HARS22_chips,50,32,4,3,W19021-2,44.76,0.0966005250811577,478.44005
HARS22_chips,62,32,4,3,W19021-2,80.219,0.901352822780609,478.44005
HARS22_chips,77,32,4,3,W19021-2,99.968,0.714870929718018,478.44005
HARS22_chips,84,32,4,3,W19021-2,100.008,0.512247681617737,478.44005
HARS22_chips,96,32,4,3,W19021-2,99.595,0.344157934188843,478.44005
HARS22_chips,105,32,4,3,W19021-2,99.863,0.266450136899948,478.44005
HARS22_chips,0,33,5,3,W19008-2,0,0,650.27215
HARS22_chips,28,33,5,3,W19008-2,0,0,650.27215
HARS22_chips,42,33,5,3,W19008-2,17.98,0.00609023123979568,650.27215
HARS22_chips,50,33,5,3,W19008-2,47.749,0.0754380002617836,650.27215
HARS22_chips,62,33,5,3,W19008-2,86.837,0.858457863330841,650.27215
HARS22_chips,77,33,5,3,W19008-2,99.911,0.625690400600433,650.27215
HARS22_chips,84,33,5,3,W19008-2,100,0.485464513301849,650.27215
HARS22_chips,96,33,5,3,W19008-2,99.144,0.31483256816864,650.27215
HARS22_chips,105,33,5,3,W19008-2,99.21,0.245768755674362,650.27215
HARS22_chips,0,34,6,3,ND14348ABC-1,0,0,298.13795
HARS22_chips,28,34,6,3,ND14348ABC-1,0,0,298.13795
HARS22_chips,42,34,6,3,ND14348ABC-1,5.492,0.00155466934666038,298.13795
HARS22_chips,50,34,6,3,ND14348ABC-1,30.221,0.0536650493741035,298.13795
HARS22_chips,62,34,6,3,ND14348ABC-1,60.906,0.738777220249176,298.13795
HARS22_chips,77,34,6,3,ND14348ABC-1,99.927,0.519438028335571,298.13795
HARS22_chips,84,34,6,3,ND14348ABC-1,100.036,0.453288823366165,298.13795
HARS22_chips,96,34,6,3,ND14348ABC-1,97.348,0.253387928009033,298.13795
HARS22_chips,105,34,6,3,ND14348ABC-1,94.382,0.168360367417336,298.13795
HARS22_chips,0,35,7,3,W19MSU1-23,0,0,619.2417
HARS22_chips,28,35,7,3,W19MSU1-23,0,0,619.2417
HARS22_chips,42,35,7,3,W19MSU1-23,24.445,0.031209172680974,619.2417
HARS22_chips,50,35,7,3,W19MSU1-23,64.505,0.196298837661743,619.2417
HARS22_chips,62,35,7,3,W19MSU1-23,95.207,0.98965972661972,619.2417
HARS22_chips,77,35,7,3,W19MSU1-23,99.952,0.681073844432831,619.2417
HARS22_chips,84,35,7,3,W19MSU1-23,100.024,0.573764860630035,619.2417
HARS22_chips,96,35,7,3,W19MSU1-23,99.545,0.395494520664215,619.2417
HARS22_chips,105,35,7,3,W19MSU1-23,98.303,0.286280870437622,619.2417
HARS22_chips,0,36,8,3,W19024-29,0,0,619.3869
HARS22_chips,28,36,8,3,W19024-29,0,0,619.3869
HARS22_chips,42,36,8,3,W19024-29,26.415,0.0405234545469284,619.3869
HARS22_chips,50,36,8,3,W19024-29,63.375,0.206192523241043,619.3869
HARS22_chips,62,36,8,3,W19024-29,93.096,0.988209664821625,619.3869
HARS22_chips,77,36,8,3,W19024-29,99.899,0.742710113525391,619.3869
HARS22_chips,84,36,8,3,W19024-29,100.008,0.594356954097748,619.3869
HARS22_chips,96,36,8,3,W19024-29,98.772,0.379818797111511,619.3869
HARS22_chips,105,36,8,3,W19024-29,98.218,0.291199594736099,619.3869
HARS22_chips,0,37,9,3,Lamoka,0,0,378.36095
HARS22_chips,28,37,9,3,Lamoka,0,0,378.36095
HARS22_chips,42,37,9,3,Lamoka,7.051,0.00580853642895818,378.36095
HARS22_chips,50,37,9,3,Lamoka,34.993,0.0435138344764709,378.36095
HARS22_chips,62,37,9,3,Lamoka,84.023,0.830597460269928,378.36095
HARS22_chips,77,37,9,3,Lamoka,99.948,0.595730841159821,378.36095
HARS22_chips,84,37,9,3,Lamoka,99.992,0.482517629861832,378.36095
HARS22_chips,96,37,9,3,Lamoka,96.273,0.291056245565414,378.36095
HARS22_chips,105,37,9,3,Lamoka,93.1,0.220142066478729,378.36095
HARS22_chips,0,38,10,3,W19002-14,0,0,519.37435
HARS22_chips,28,38,10,3,W19002-14,0,0,519.37435
HARS22_chips,42,38,10,3,W19002-14,18.181,0.0051475209183991,519.37435
HARS22_chips,50,38,10,3,W19002-14,53.329,0.0763290002942085,519.37435
HARS22_chips,62,38,10,3,W19002-14,91.55,0.833282351493835,519.37435
HARS22_chips,77,38,10,3,W19002-14,99.984,0.651085436344147,519.37435
HARS22_chips,84,38,10,3,W19002-14,100.048,0.443236798048019,519.37435
HARS22_chips,96,38,10,3,W19002-14,100.012,0.243496239185333,519.37435
HARS22_chips,105,38,10,3,W19002-14,99.412,0.178336158394814,519.37435
HARS22_chips,0,39,11,3,MSGG294-1,0,0,474.10825
HARS22_chips,28,39,11,3,MSGG294-1,0,0,474.10825
HARS22_chips,42,39,11,3,MSGG294-1,16.52,0.0169984698295593,474.10825
HARS22_chips,50,39,11,3,MSGG294-1,50.903,0.134283408522606,474.10825
HARS22_chips,62,39,11,3,MSGG294-1,87.413,1.01441192626953,474.10825
HARS22_chips,77,39,11,3,MSGG294-1,99.891,0.698577225208282,474.10825
HARS22_chips,84,39,11,3,MSGG294-1,100.02,0.474790006875992,474.10825
HARS22_chips,96,39,11,3,MSGG294-1,98.42,0.267298966646194,474.10825
HARS22_chips,105,39,11,3,MSGG294-1,95.466,0.196406170725822,474.10825
HARS22_chips,0,40,12,3,W19027-52,0,0,573.9272
HARS22_chips,28,40,12,3,W19027-52,0,0,573.9272
HARS22_chips,42,40,12,3,W19027-52,20.189,0.0225746687501669,573.9272
HARS22_chips,50,40,12,3,W19027-52,45.789,0.132418408989906,573.9272
HARS22_chips,62,40,12,3,W19027-52,92.731,0.831360757350922,573.9272
HARS22_chips,77,40,12,3,W19027-52,99.968,0.647886872291565,573.9272
HARS22_chips,84,40,12,3,W19027-52,100.016,0.450752347707748,573.9272
HARS22_chips,96,40,12,3,W19027-52,98.259,0.275465190410614,573.9272
HARS22_chips,105,40,12,3,W19027-52,94.107,0.212699800729752,573.9272
HARS22_chips,0,41,13,3,W19026-13,0,0,624.01515
HARS22_chips,28,41,13,3,W19026-13,0,0,624.01515
HARS22_chips,42,41,13,3,W19026-13,28.55,0.0330176949501038,624.01515
HARS22_chips,50,41,13,3,W19026-13,70.774,0.24716891348362,624.01515
HARS22_chips,62,41,13,3,W19026-13,98.974,0.912040948867798,624.01515
HARS22_chips,77,41,13,3,W19026-13,99.944,0.580655872821808,624.01515
HARS22_chips,84,41,13,3,W19026-13,100.008,0.44753959774971,624.01515
HARS22_chips,96,41,13,3,W19026-13,99.5,0.372766524553299,624.01515
HARS22_chips,105,41,13,3,W19026-13,97.973,0.289151906967163,624.01515
HARS22_chips,0,42,14,3,W19023-13,0,0,515.91375
HARS22_chips,28,42,14,3,W19023-13,0,0,515.91375
HARS22_chips,42,42,14,3,W19023-13,21.02,0.036714356392622,515.91375
HARS22_chips,50,42,14,3,W19023-13,60.674,0.192632362246513,515.91375
HARS22_chips,62,42,14,3,W19023-13,94.566,0.900190830230713,515.91375
HARS22_chips,77,42,14,3,W19023-13,99.992,0.691832661628723,515.91375
HARS22_chips,84,42,14,3,W19023-13,100.008,0.532885730266571,515.91375
HARS22_chips,96,42,14,3,W19023-13,98.263,0.428818732500076,515.91375
HARS22_chips,105,42,14,3,W19023-13,99.778,0.354385107755661,515.91375
HARS22_chips,0,43,14,4,W19MSU2-10,0,0,512.91295
HARS22_chips,28,43,14,4,W19MSU2-10,0,0,512.91295
HARS22_chips,42,43,14,4,W19MSU2-10,22.263,0.018933879211545,512.91295
HARS22_chips,50,43,14,4,W19MSU2-10,53.949,0.194551631808281,512.91295
HARS22_chips,62,43,14,4,W19MSU2-10,93.874,0.826208591461182,512.91295
HARS22_chips,77,43,14,4,W19MSU2-10,99.895,0.52288156747818,512.91295
HARS22_chips,84,43,14,4,W19MSU2-10,99.892,0.41181805729866,512.91295
HARS22_chips,96,43,14,4,W19MSU2-10,99.268,0.339302897453308,512.91295
HARS22_chips,105,43,14,4,W19MSU2-10,89.625,0.266835272312164,512.91295
HARS22_chips,0,44,13,4,W19ND1810Y-7,0,0,522.2602
HARS22_chips,28,44,13,4,W19ND1810Y-7,0,0,522.2602
HARS22_chips,42,44,13,4,W19ND1810Y-7,31.925,0.0674339607357979,522.2602
HARS22_chips,50,44,13,4,W19ND1810Y-7,70.355,0.284938365221024,522.2602
HARS22_chips,62,44,13,4,W19ND1810Y-7,94.848,0.842198967933655,522.2602
HARS22_chips,77,44,13,4,W19ND1810Y-7,99.488,0.407144725322723,522.2602
HARS22_chips,84,44,13,4,W19ND1810Y-7,99.242,0.322161138057709,522.2602
HARS22_chips,96,44,13,4,W19ND1810Y-7,87.238,0.221561402082443,522.2602
HARS22_chips,105,44,13,4,W19ND1810Y-7,45.089,0.142181605100632,522.2602
HARS22_chips,0,45,12,4,W19029-14,0,0,597.31045
HARS22_chips,28,45,12,4,W19029-14,0.136,0,597.31045
HARS22_chips,42,45,12,4,W19029-14,37.666,0.0622625276446342,597.31045
HARS22_chips,50,45,12,4,W19029-14,69.81,0.294862449169159,597.31045
HARS22_chips,62,45,12,4,W19029-14,98.039,1.05260825157166,597.31045
HARS22_chips,77,45,12,4,W19029-14,99.968,0.559793949127197,597.31045
HARS22_chips,84,45,12,4,W19029-14,100.024,0.417637377977371,597.31045
HARS22_chips,96,45,12,4,W19029-14,94.117,0.26621401309967,597.31045
HARS22_chips,105,45,12,4,W19029-14,51.143,0.148881316184998,597.31045
HARS22_chips,0,46,11,4,ND1780-2,0,0,462.1716
HARS22_chips,28,46,11,4,ND1780-2,0,0,462.1716
HARS22_chips,42,46,11,4,ND1780-2,20.277,0.0249662939459085,462.1716
HARS22_chips,50,46,11,4,ND1780-2,58.482,0.242836862802505,462.1716
HARS22_chips,62,46,11,4,ND1780-2,96.592,0.800897419452667,462.1716
HARS22_chips,77,46,11,4,ND1780-2,99.996,0.514360666275024,462.1716
HARS22_chips,84,46,11,4,ND1780-2,99.992,0.353585302829742,462.1716
HARS22_chips,96,46,11,4,ND1780-2,89.75,0.207801699638367,462.1716
HARS22_chips,105,46,11,4,ND1780-2,62.644,0.114973977208138,462.1716
HARS22_chips,0,47,10,4,ND1776-11,0,0,414.23745
HARS22_chips,28,47,10,4,ND1776-11,0,0,414.23745
HARS22_chips,42,47,10,4,ND1776-11,14.279,-5.65860573260579e-05,414.23745
HARS22_chips,50,47,10,4,ND1776-11,45.949,0.0771488696336746,414.23745
HARS22_chips,62,47,10,4,ND1776-11,88.815,0.712323069572449,414.23745
HARS22_chips,77,47,10,4,ND1776-11,99.927,0.438562452793121,414.23745
HARS22_chips,84,47,10,4,ND1776-11,100.02,0.319850355386734,414.23745
HARS22_chips,96,47,10,4,ND1776-11,94.453,0.194506451487541,414.23745
HARS22_chips,105,47,10,4,ND1776-11,71.203,0.124292388558388,414.23745
HARS22_chips,0,48,9,4,MN19TX18304-1,0,0,682.93005
HARS22_chips,28,48,9,4,MN19TX18304-1,0,0,682.93005
HARS22_chips,42,48,9,4,MN19TX18304-1,37.657,0.0489238873124123,682.93005
HARS22_chips,50,48,9,4,MN19TX18304-1,73.221,0.252777308225632,682.93005
HARS22_chips,62,48,9,4,MN19TX18304-1,94.133,0.877326607704163,682.93005
HARS22_chips,77,48,9,4,MN19TX18304-1,99.73,0.574640512466431,682.93005
HARS22_chips,84,48,9,4,MN19TX18304-1,100.024,0.354945510625839,682.93005
HARS22_chips,96,48,9,4,MN19TX18304-1,99.094,0.243218466639519,682.93005
HARS22_chips,105,48,9,4,MN19TX18304-1,95.268,0.193898439407349,682.93005
HARS22_chips,0,49,8,4,W19029-17,0,0,618.2979
HARS22_chips,28,49,8,4,W19029-17,0,0,618.2979
HARS22_chips,42,49,8,4,W19029-17,13.096,0.00574851455166936,618.2979
HARS22_chips,50,49,8,4,W19029-17,47.988,0.11994444578886,618.2979
HARS22_chips,62,49,8,4,W19029-17,84.854,0.89500492811203,618.2979
HARS22_chips,77,49,8,4,W19029-17,99.956,0.654571354389191,618.2979
HARS22_chips,84,49,8,4,W19029-17,100.044,0.468330085277557,618.2979
HARS22_chips,96,49,8,4,W19029-17,100,0.320752859115601,618.2979
HARS22_chips,105,49,8,4,W19029-17,99.798,0.245119467377663,618.2979
HARS22_chips,0,50,7,4,W19026-11,0,0,630.6278
HARS22_chips,28,50,7,4,W19026-11,0,0,630.6278
HARS22_chips,42,50,7,4,W19026-11,17.574,0.00349598075263202,630.6278
HARS22_chips,50,50,7,4,W19026-11,51.65,0.111831046640873,630.6278
HARS22_chips,62,50,7,4,W19026-11,94.42,0.952766835689545,630.6278
HARS22_chips,77,50,7,4,W19026-11,99.96,0.626243591308594,630.6278
HARS22_chips,84,50,7,4,W19026-11,100.052,0.525171637535095,630.6278
HARS22_chips,96,50,7,4,W19026-11,100,0.382690876722336,630.6278
HARS22_chips,105,50,7,4,W19026-11,99.198,0.280206114053726,630.6278
HARS22_chips,0,51,6,4,MSGG343-1,0,0,576.444
HARS22_chips,28,51,6,4,MSGG343-1,0,0,576.444
HARS22_chips,42,51,6,4,MSGG343-1,16.239,0.00350629957392812,576.444
HARS22_chips,50,51,6,4,MSGG343-1,55.33,0.135990545153618,576.444
HARS22_chips,62,51,6,4,MSGG343-1,76.081,0.954275250434875,576.444
HARS22_chips,77,51,6,4,MSGG343-1,99.968,0.617345929145813,576.444
HARS22_chips,84,51,6,4,MSGG343-1,100.012,0.588417828083038,576.444
HARS22_chips,96,51,6,4,MSGG343-1,100.012,0.423329323530197,576.444
HARS22_chips,105,51,6,4,MSGG343-1,98.472,0.251896619796753,576.444
HARS22_chips,0,52,5,4,W17049-10,0,0,481.2049
HARS22_chips,28,52,5,4,W17049-10,0,0,481.2049
HARS22_chips,42,52,5,4,W17049-10,9.021,0.00452651409432292,481.2049
HARS22_chips,50,52,5,4,W17049-10,42.629,0.103037506341934,481.2049
HARS22_chips,62,52,5,4,W17049-10,74.441,1.01275026798248,481.2049
HARS22_chips,77,52,5,4,W17049-10,99.835,0.617458403110504,481.2049
HARS22_chips,84,52,5,4,W17049-10,100.016,0.53805935382843,481.2049
HARS22_chips,96,52,5,4,W17049-10,99.901,0.369077235460281,481.2049
HARS22_chips,105,52,5,4,W17049-10,89.272,0.227319613099098,481.2049
HARS22_chips,0,53,4,4,MSHH664-01,0,0,623.93045
HARS22_chips,28,53,4,4,MSHH664-01,0,0,623.93045
HARS22_chips,42,53,4,4,MSHH664-01,31.614,0.0523580387234688,623.93045
HARS22_chips,50,53,4,4,MSHH664-01,66.85,0.175244465470314,623.93045
HARS22_chips,62,53,4,4,MSHH664-01,91.912,1.20848596096039,623.93045
HARS22_chips,77,53,4,4,MSHH664-01,99.762,0.77958732843399,623.93045
HARS22_chips,84,53,4,4,MSHH664-01,100.02,0.709098875522614,623.93045
HARS22_chips,96,53,4,4,MSHH664-01,99.21,0.507189691066742,623.93045
HARS22_chips,105,53,4,4,MSHH664-01,97.183,0.368991136550903,623.93045
HARS22_chips,0,54,3,4,W19017-3,0,0,327.22635
HARS22_chips,28,54,3,4,W19017-3,0,0,327.22635
HARS22_chips,42,54,3,4,W19017-3,18.521,0.0169862229377031,327.22635
HARS22_chips,50,54,3,4,W19017-3,58.08,0.160179272294044,327.22635
HARS22_chips,62,54,3,4,W19017-3,94.987,1.03712821006775,327.22635
HARS22_chips,77,54,3,4,W19017-3,99.956,0.605093777179718,327.22635
HARS22_chips,84,54,3,4,W19017-3,100.032,0.557575404644012,327.22635
HARS22_chips,96,54,3,4,W19017-3,100.004,0.431476086378098,327.22635
HARS22_chips,105,54,3,4,W19017-3,97.554,0.313621312379837,327.22635
HARS22_chips,0,55,2,4,W19024-18,0,0,590.64335
HARS22_chips,28,55,2,4,W19024-18,0.355,0,590.64335
HARS22_chips,42,55,2,4,W19024-18,28.482,0.0386050418019295,590.64335
HARS22_chips,50,55,2,4,W19024-18,65.56,0.219825118780136,590.64335
HARS22_chips,62,55,2,4,W19024-18,91.849,1.03174948692322,590.64335
HARS22_chips,77,55,2,4,W19024-18,99.988,0.693909049034119,590.64335
HARS22_chips,84,55,2,4,W19024-18,100.036,0.512164831161499,590.64335
HARS22_chips,96,55,2,4,W19024-18,99.921,0.348654717206955,590.64335
HARS22_chips,105,55,2,4,W19024-18,97.336,0.258156090974808,590.64335
HARS22_chips,0,56,1,4,W19027-12,0,0,610.324
HARS22_chips,28,56,1,4,W19027-12,0,0,610.324
HARS22_chips,42,56,1,4,W19027-12,11.251,0.000875401950906962,610.324
HARS22_chips,50,56,1,4,W19027-12,49.98,0.149542525410652,610.324
HARS22_chips,62,56,1,4,W19027-12,87.156,0.965340673923492,610.324
HARS22_chips,77,56,1,4,W19027-12,99.952,0.708450317382812,610.324
HARS22_chips,84,56,1,4,W19027-12,100.008,0.589647591114044,610.324
HARS22_chips,96,56,1,4,W19027-12,100.008,0.404034495353699,610.324
HARS22_chips,105,56,1,4,W19027-12,99.633,0.306547194719315,610.324
HARS22_chips,0,57,1,5,W19021-4,0,0,804.9525
HARS22_chips,28,57,1,5,W19021-4,0,0,804.9525
HARS22_chips,42,57,1,5,W19021-4,17.547,0.0115879802033305,804.9525
HARS22_chips,50,57,1,5,W19021-4,53.014,0.126076012849808,804.9525
HARS22_chips,62,57,1,5,W19021-4,95.199,1.08292543888092,804.9525
HARS22_chips,77,57,1,5,W19021-4,99.944,0.721834301948547,804.9525
HARS22_chips,84,57,1,5,W19021-4,100.036,0.648662686347961,804.9525
HARS22_chips,96,57,1,5,W19021-4,99.26,0.422252953052521,804.9525
HARS22_chips,105,57,1,5,W19021-4,99.037,0.311457633972168,804.9525
HARS22_chips,0,58,2,5,W19027-40,0,0,561.4642
HARS22_chips,28,58,2,5,W19027-40,0,0,561.4642
HARS22_chips,42,58,2,5,W19027-40,19.485,0.0113942250609398,561.4642
HARS22_chips,50,58,2,5,W19027-40,54.662,0.144083082675934,561.4642
HARS22_chips,62,58,2,5,W19027-40,94.056,1.05544245243073,561.4642
HARS22_chips,77,58,2,5,W19027-40,99.96,0.634214222431183,561.4642
HARS22_chips,84,58,2,5,W19027-40,100.02,0.590271174907684,561.4642
HARS22_chips,96,58,2,5,W19027-40,100.008,0.356008142232895,561.4642
HARS22_chips,105,58,2,5,W19027-40,99.742,0.258734703063965,561.4642
HARS22_chips,0,59,3,5,MSGG263-1,0,0,631.96485
HARS22_chips,28,59,3,5,MSGG263-1,0.578,0,631.96485
HARS22_chips,42,59,3,5,MSGG263-1,35.736,0.0459868311882019,631.96485
HARS22_chips,50,59,3,5,MSGG263-1,71.833,0.211183160543442,631.96485
HARS22_chips,62,59,3,5,MSGG263-1,97.513,1.07356572151184,631.96485
HARS22_chips,77,59,3,5,MSGG263-1,99.952,0.591746091842651,631.96485
HARS22_chips,84,59,3,5,MSGG263-1,100.012,0.494047284126282,631.96485
HARS22_chips,96,59,3,5,MSGG263-1,99.073,0.281467497348785,631.96485
HARS22_chips,105,59,3,5,MSGG263-1,95.192,0.195166543126106,631.96485
HARS22_chips,0,60,4,5,W19026-15,0,0,452.8909
HARS22_chips,28,60,4,5,W19026-15,0,0,452.8909
HARS22_chips,42,60,4,5,W19026-15,11.876,-0.005189114715904,452.8909
HARS22_chips,50,60,4,5,W19026-15,40.988,0.0964254066348076,452.8909
HARS22_chips,62,60,4,5,W19026-15,75.745,0.976262211799622,452.8909
HARS22_chips,77,60,4,5,W19026-15,99.956,0.544330239295959,452.8909
HARS22_chips,84,60,4,5,W19026-15,99.711,0.432563930749893,452.8909
HARS22_chips,96,60,4,5,W19026-15,99.036,0.31353372335434,452.8909
HARS22_chips,105,60,4,5,W19026-15,97.344,0.225209459662437,452.8909
HARS22_chips,0,61,5,5,W19MSU2-8,0,0,687.96365
HARS22_chips,28,61,5,5,W19MSU2-8,0,0,687.96365
HARS22_chips,42,61,5,5,W19MSU2-8,18.428,0.0110316416248679,687.96365
HARS22_chips,50,61,5,5,W19MSU2-8,48.851,0.125592768192291,687.96365
HARS22_chips,62,61,5,5,W19MSU2-8,82.401,0.844723641872406,687.96365
HARS22_chips,77,61,5,5,W19MSU2-8,99.661,0.54544073343277,687.96365
HARS22_chips,84,61,5,5,W19MSU2-8,100.048,0.451990634202957,687.96365
HARS22_chips,96,61,5,5,W19MSU2-8,99.959,0.314532279968262,687.96365
HARS22_chips,105,61,5,5,W19MSU2-8,99.226,0.205452784895897,687.96365
HARS22_chips,0,62,6,5,W19024-22,0,0,465.19055
HARS22_chips,28,62,6,5,W19024-22,0,0,465.19055
HARS22_chips,42,62,6,5,W19024-22,21.492,0.0234709307551384,465.19055
HARS22_chips,50,62,6,5,W19024-22,56.49,0.16397450864315,465.19055
HARS22_chips,62,62,6,5,W19024-22,75.545,0.964752495288849,465.19055
HARS22_chips,77,62,6,5,W19024-22,99.996,0.618688941001892,465.19055
HARS22_chips,84,62,6,5,W19024-22,100.02,0.54217791557312,465.19055
HARS22_chips,96,62,6,5,W19024-22,98.275,0.412120819091797,465.19055
HARS22_chips,105,62,6,5,W19024-22,90.854,0.29415237903595,465.19055
HARS22_chips,0,63,7,5,W19027-55,0,0,773.19
HARS22_chips,28,63,7,5,W19027-55,0,0,773.19
HARS22_chips,42,63,7,5,W19027-55,18.24,0.0145118338987231,773.19
HARS22_chips,50,63,7,5,W19027-55,53.65,0.150260597467422,773.19
HARS22_chips,62,63,7,5,W19027-55,91.137,1.10934543609619,773.19
HARS22_chips,77,63,7,5,W19027-55,99.96,0.73394650220871,773.19
HARS22_chips,84,63,7,5,W19027-55,100.016,0.661982715129852,773.19
HARS22_chips,96,63,7,5,W19027-55,99.797,0.532472133636475,773.19
HARS22_chips,105,63,7,5,W19027-55,97.143,0.40171030163765,773.19
HARS22_chips,0,64,8,5,W17043-37,0,0,529.3145
HARS22_chips,28,64,8,5,W17043-37,0,0,529.3145
HARS22_chips,42,64,8,5,W17043-37,24.85,0.0108691547065973,529.3145
HARS22_chips,50,64,8,5,W17043-37,54.626,0.134574443101883,529.3145
HARS22_chips,62,64,8,5,W17043-37,88.517,0.984850227832794,529.3145
HARS22_chips,77,64,8,5,W17043-37,99.964,0.657478511333466,529.3145
HARS22_chips,84,64,8,5,W17043-37,100.004,0.551243603229523,529.3145
HARS22_chips,96,64,8,5,W17043-37,99.111,0.384476155042648,529.3145
HARS22_chips,105,64,8,5,W17043-37,97.078,0.266276061534882,529.3145
HARS22_chips,0,65,9,5,MSGG328-5,0,0,895.63595
HARS22_chips,28,65,9,5,MSGG328-5,0,0,895.63595
HARS22_chips,42,65,9,5,MSGG328-5,24.654,0.0156221343204379,895.63595
HARS22_chips,50,65,9,5,MSGG328-5,61.989,0.194888517260551,895.63595
HARS22_chips,62,65,9,5,MSGG328-5,96.679,1.02375555038452,895.63595
HARS22_chips,77,65,9,5,MSGG328-5,99.96,0.63008052110672,895.63595
HARS22_chips,84,65,9,5,MSGG328-5,100.004,0.573206722736359,895.63595
HARS22_chips,96,65,9,5,MSGG328-5,99.578,0.352130472660065,895.63595
HARS22_chips,105,65,9,5,MSGG328-5,99.137,0.218847528100014,895.63595
HARS22_chips,0,66,10,5,W19026-16,0,0,743.50265
HARS22_chips,28,66,10,5,W19026-16,0,0,743.50265
HARS22_chips,42,66,10,5,W19026-16,22.523,0.00634212186560035,743.50265
HARS22_chips,50,66,10,5,W19026-16,59.327,0.121313832700253,743.50265
HARS22_chips,62,66,10,5,W19026-16,89.493,0.849919736385345,743.50265
HARS22_chips,77,66,10,5,W19026-16,99.843,0.522148847579956,743.50265
HARS22_chips,84,66,10,5,W19026-16,99.956,0.465791672468185,743.50265
HARS22_chips,96,66,10,5,W19026-16,99.884,0.346110969781876,743.50265
HARS22_chips,105,66,10,5,W19026-16,99.549,0.251153618097305,743.50265
HARS22_chips,0,67,11,5,ND14359ABC-3,0,0,431.02015
HARS22_chips,28,67,11,5,ND14359ABC-3,0,0,431.02015
HARS22_chips,42,67,11,5,ND14359ABC-3,5.496,-0.00658826576545835,431.02015
HARS22_chips,50,67,11,5,ND14359ABC-3,24.011,0.0315963998436928,431.02015
HARS22_chips,62,67,11,5,ND14359ABC-3,61.276,0.75582367181778,431.02015
HARS22_chips,77,67,11,5,ND14359ABC-3,99.758,0.510708570480347,431.02015
HARS22_chips,84,67,11,5,ND14359ABC-3,100.012,0.395763278007507,431.02015
HARS22_chips,96,67,11,5,ND14359ABC-3,98.077,0.258680373430252,431.02015
HARS22_chips,105,67,11,5,ND14359ABC-3,83.527,0.158584743738174,431.02015
HARS22_chips,0,68,12,5,W19024-20,0,0,563.6543
HARS22_chips,28,68,12,5,W19024-20,0,0,563.6543
HARS22_chips,42,68,12,5,W19024-20,19.608,0.0119165377691388,563.6543
HARS22_chips,50,68,12,5,W19024-20,49.167,0.143830955028534,563.6543
HARS22_chips,62,68,12,5,W19024-20,75.839,0.942370593547821,563.6543
HARS22_chips,77,68,12,5,W19024-20,99.992,0.535026907920837,563.6543
HARS22_chips,84,68,12,5,W19024-20,100.012,0.461296081542969,563.6543
HARS22_chips,96,68,12,5,W19024-20,99.123,0.326928377151489,563.6543
HARS22_chips,105,68,12,5,W19024-20,95.071,0.19880011677742,563.6543
HARS22_chips,0,69,13,5,MSGG384-2,0,0,460.30215
HARS22_chips,28,69,13,5,MSGG384-2,0,0,460.30215
HARS22_chips,42,69,13,5,MSGG384-2,12.454,0.0105126574635506,460.30215
HARS22_chips,50,69,13,5,MSGG384-2,41.88,0.0708015859127045,460.30215
HARS22_chips,62,69,13,5,MSGG384-2,71.49,0.909515380859375,460.30215
HARS22_chips,77,69,13,5,MSGG384-2,99.778,0.596976518630981,460.30215
HARS22_chips,84,69,13,5,MSGG384-2,99.96,0.460869520902634,460.30215
HARS22_chips,96,69,13,5,MSGG384-2,97.733,0.346301019191742,460.30215
HARS22_chips,105,69,13,5,MSGG384-2,98.198,0.256759256124496,460.30215
HARS22_chips,0,70,14,5,W19028-23,0,0,560.8229
HARS22_chips,28,70,14,5,W19028-23,0.156,0,560.8229
HARS22_chips,42,70,14,5,W19028-23,36.206,0.0514519140124321,560.8229
HARS22_chips,50,70,14,5,W19028-23,78.281,0.266835659742355,560.8229
HARS22_chips,62,70,14,5,W19028-23,95.318,0.967852771282196,560.8229
HARS22_chips,77,70,14,5,W19028-23,99.927,0.632691442966461,560.8229
HARS22_chips,84,70,14,5,W19028-23,100,0.561035215854645,560.8229
HARS22_chips,96,70,14,5,W19028-23,99.946,0.444346159696579,560.8229
HARS22_chips,105,70,14,5,W19028-23,99.972,0.355675965547562,560.8229
HARS22_chips,0,71,14,6,MSGG169-2,0,0,471.8032
HARS22_chips,28,71,14,6,MSGG169-2,0,0,471.8032
HARS22_chips,42,71,14,6,MSGG169-2,1.866,-0.00273231766186655,471.8032
HARS22_chips,50,71,14,6,MSGG169-2,21.525,0.00722547713667154,471.8032
HARS22_chips,62,71,14,6,MSGG169-2,62.259,0.737525224685669,471.8032
HARS22_chips,77,71,14,6,MSGG169-2,99.891,0.658444166183472,471.8032
HARS22_chips,84,71,14,6,MSGG169-2,100.004,0.633973240852356,471.8032
HARS22_chips,96,71,14,6,MSGG169-2,100.017,0.559809148311615,471.8032
HARS22_chips,105,71,14,6,MSGG169-2,100,0.439836055040359,471.8032
HARS22_chips,0,72,13,6,Hodag,0,0,567.5626
HARS22_chips,28,72,13,6,Hodag,0,0,567.5626
HARS22_chips,42,72,13,6,Hodag,15.737,0.0156511440873146,567.5626
HARS22_chips,50,72,13,6,Hodag,53.938,0.137757793068886,567.5626
HARS22_chips,62,72,13,6,Hodag,92.632,1.0333776473999,567.5626
HARS22_chips,77,72,13,6,Hodag,99.944,0.700693011283875,567.5626
HARS22_chips,84,72,13,6,Hodag,100.012,0.626599490642548,567.5626
HARS22_chips,96,72,13,6,Hodag,99.992,0.46934512257576,567.5626
HARS22_chips,105,72,13,6,Hodag,99.109,0.355903744697571,567.5626
HARS22_chips,0,73,12,6,W19028-19,0,0,551.99595
HARS22_chips,28,73,12,6,W19028-19,0,0,551.99595
HARS22_chips,42,73,12,6,W19028-19,16.24,0.0137700447812676,551.99595
HARS22_chips,50,73,12,6,W19028-19,51.536,0.142594248056412,551.99595
HARS22_chips,62,73,12,6,W19028-19,93.311,1.17078590393066,551.99595
HARS22_chips,77,73,12,6,W19028-19,99.968,0.7745121717453,551.99595
HARS22_chips,84,73,12,6,W19028-19,99.992,0.552007138729095,551.99595
HARS22_chips,96,73,12,6,W19028-19,99.644,0.384056836366653,551.99595
HARS22_chips,105,73,12,6,W19028-19,95.321,0.297083854675293,551.99595
HARS22_chips,0,74,11,6,W19027-53,0,0,635.8792
HARS22_chips,28,74,11,6,W19027-53,0.02,0,635.8792
HARS22_chips,42,74,11,6,W19027-53,27.801,0.0354154780507088,635.8792
HARS22_chips,50,74,11,6,W19027-53,66.009,0.229315921664238,635.8792
HARS22_chips,62,74,11,6,W19027-53,97.92,1.05380272865295,635.8792
HARS22_chips,77,74,11,6,W19027-53,99.996,0.724785208702087,635.8792
HARS22_chips,84,74,11,6,W19027-53,100.016,0.533948957920074,635.8792
HARS22_chips,96,74,11,6,W19027-53,99.942,0.334687650203705,635.8792
HARS22_chips,105,74,11,6,W19027-53,97.522,0.272363990545273,635.8792
HARS22_chips,0,75,10,6,MSGG409-3,0,0,666.6011
HARS22_chips,28,75,10,6,MSGG409-3,0,0,666.6011
HARS22_chips,42,75,10,6,MSGG409-3,24.7,0.0223397798836231,666.6011
HARS22_chips,50,75,10,6,MSGG409-3,66.471,0.184654787182808,666.6011
HARS22_chips,62,75,10,6,MSGG409-3,86.866,1.01409482955933,666.6011
HARS22_chips,77,75,10,6,MSGG409-3,99.988,0.707204520702362,666.6011
HARS22_chips,84,75,10,6,MSGG409-3,100.028,0.608145475387573,666.6011
HARS22_chips,96,75,10,6,MSGG409-3,99.694,0.372033476829529,666.6011
HARS22_chips,105,75,10,6,MSGG409-3,98.235,0.31453812122345,666.6011
HARS22_chips,0,76,9,6,W16219-8,0,0,499.5848
HARS22_chips,28,76,9,6,W16219-8,0,0,499.5848
HARS22_chips,42,76,9,6,W16219-8,7.173,-0.00661869393661618,499.5848
HARS22_chips,50,76,9,6,W16219-8,47.313,0.114730499684811,499.5848
HARS22_chips,62,76,9,6,W16219-8,90.385,1.09298145771027,499.5848
HARS22_chips,77,76,9,6,W16219-8,99.827,0.766024887561798,499.5848
HARS22_chips,84,76,9,6,W16219-8,99.747,0.647132456302643,499.5848
HARS22_chips,96,76,9,6,W16219-8,99.996,0.45553132891655,499.5848
HARS22_chips,105,76,9,6,W16219-8,99.996,0.392301857471466,499.5848
HARS22_chips,0,77,8,6,W19022-3,0,0,499.2339
HARS22_chips,28,77,8,6,W19022-3,0,0,499.2339
HARS22_chips,42,77,8,6,W19022-3,24.091,0.021468672901392,499.2339
HARS22_chips,50,77,8,6,W19022-3,58.916,0.152900949120522,499.2339
HARS22_chips,62,77,8,6,W19022-3,84.808,0.997106611728668,499.2339
HARS22_chips,77,77,8,6,W19022-3,99.96,0.713022589683533,499.2339
HARS22_chips,84,77,8,6,W19022-3,99.992,0.611599802970886,499.2339
HARS22_chips,96,77,8,6,W19022-3,99.785,0.393100410699844,499.2339
HARS22_chips,105,77,8,6,W19022-3,98.948,0.313227862119675,499.2339
HARS22_chips,0,78,7,6,W17039-31,0,0,588.7497
HARS22_chips,28,78,7,6,W17039-31,0,0,588.7497
HARS22_chips,42,78,7,6,W17039-31,16.034,0.0129222115501761,588.7497
HARS22_chips,50,78,7,6,W17039-31,52.058,0.151476845145226,588.7497
HARS22_chips,62,78,7,6,W17039-31,93.543,1.17000305652618,588.7497
HARS22_chips,77,78,7,6,W17039-31,99.919,0.741753578186035,588.7497
HARS22_chips,84,78,7,6,W17039-31,99.402,0.590434014797211,588.7497
HARS22_chips,96,78,7,6,W17039-31,99.818,0.44394263625145,588.7497
HARS22_chips,105,78,7,6,W17039-31,99.327,0.332528531551361,588.7497
HARS22_chips,0,79,6,6,W17060-9,0,0,573.40085
HARS22_chips,28,79,6,6,W17060-9,0,0,573.40085
HARS22_chips,42,79,6,6,W17060-9,18.088,0.0239888951182365,573.40085
HARS22_chips,50,79,6,6,W17060-9,55.252,0.187358111143112,573.40085
HARS22_chips,62,79,6,6,W17060-9,87.514,1.08809471130371,573.40085
HARS22_chips,77,79,6,6,W17060-9,99.927,0.747889280319214,573.40085
HARS22_chips,84,79,6,6,W17060-9,99.755,0.512094140052795,573.40085
HARS22_chips,96,79,6,6,W17060-9,99.607,0.389267921447754,573.40085
HARS22_chips,105,79,6,6,W17060-9,99.351,0.309472382068634,573.40085
HARS22_chips,0,80,5,6,W19005-7,0,0,509.1922
HARS22_chips,28,80,5,6,W19005-7,0,0,509.1922
HARS22_chips,42,80,5,6,W19005-7,31.243,0.0394617095589638,509.1922
HARS22_chips,50,80,5,6,W19005-7,73.477,0.234355077147484,509.1922
HARS22_chips,62,80,5,6,W19005-7,95.381,1.03712558746338,509.1922
HARS22_chips,77,80,5,6,W19005-7,99.927,0.59258234500885,509.1922
HARS22_chips,84,80,5,6,W19005-7,100,0.449747085571289,509.1922
HARS22_chips,96,80,5,6,W19005-7,99.301,0.319053888320923,509.1922
HARS22_chips,105,80,5,6,W19005-7,82.754,0.208770155906677,509.1922
HARS22_chips,0,81,4,6,MSGG195-1,0,0,621.05065
HARS22_chips,28,81,4,6,MSGG195-1,0,0,621.05065
HARS22_chips,42,81,4,6,MSGG195-1,32.385,0.0384859628975391,621.05065
HARS22_chips,50,81,4,6,MSGG195-1,76.39,0.236156105995178,621.05065
HARS22_chips,62,81,4,6,MSGG195-1,97.814,1.09975385665894,621.05065
HARS22_chips,77,81,4,6,MSGG195-1,99.935,0.525482475757599,621.05065
HARS22_chips,84,81,4,6,MSGG195-1,100.004,0.383367300033569,621.05065
HARS22_chips,96,81,4,6,MSGG195-1,98.689,0.240596175193787,621.05065
HARS22_chips,105,81,4,6,MSGG195-1,90.51,0.152704983949661,621.05065
HARS22_chips,0,82,3,6,W19027-19,0,0,352.80575
HARS22_chips,28,82,3,6,W19027-19,0,0,352.80575
HARS22_chips,42,82,3,6,W19027-19,22.477,0.0593684874475002,352.80575
HARS22_chips,50,82,3,6,W19027-19,61.327,0.204524397850037,352.80575
HARS22_chips,62,82,3,6,W19027-19,81.968,0.899478852748871,352.80575
HARS22_chips,77,82,3,6,W19027-19,99.923,0.45110422372818,352.80575
HARS22_chips,84,82,3,6,W19027-19,100,0.329570084810257,352.80575
HARS22_chips,96,82,3,6,W19027-19,89.199,0.217422127723694,352.80575
HARS22_chips,105,82,3,6,W19027-19,78.956,0.161846876144409,352.80575
HARS22_chips,0,83,2,6,W19023-24,0,0,533.9004
HARS22_chips,28,83,2,6,W19023-24,0,0,533.9004
HARS22_chips,42,83,2,6,W19023-24,23.618,0.0299652758985758,533.9004
HARS22_chips,50,83,2,6,W19023-24,48.632,0.171236947178841,533.9004
HARS22_chips,62,83,2,6,W19023-24,78.684,0.950950264930725,533.9004
HARS22_chips,77,83,2,6,W19023-24,99.931,0.626975297927856,533.9004
HARS22_chips,84,83,2,6,W19023-24,100.028,0.579279482364655,533.9004
HARS22_chips,96,83,2,6,W19023-24,99.578,0.464773327112198,533.9004
HARS22_chips,105,83,2,6,W19023-24,99.863,0.362321704626083,533.9004
HARS22_chips,0,84,1,6,W19026-12,0,0,463.95635
HARS22_chips,28,84,1,6,W19026-12,0,0,463.95635
HARS22_chips,42,84,1,6,W19026-12,7.274,-0.000205866133910604,463.95635
HARS22_chips,50,84,1,6,W19026-12,39.803,0.0271479189395905,463.95635
HARS22_chips,62,84,1,6,W19026-12,82.631,0.84927636384964,463.95635
HARS22_chips,77,84,1,6,W19026-12,99.931,0.541334390640259,463.95635
HARS22_chips,84,84,1,6,W19026-12,100.048,0.465973377227783,463.95635
HARS22_chips,96,84,1,6,W19026-12,99.619,0.378695726394653,463.95635
HARS22_chips,105,84,1,6,W19026-12,97.549,0.285511076450348,463.95635
HARS22_chips,0,85,1,7,MN19AF6866-12,0,0,352.05555
HARS22_chips,28,85,1,7,MN19AF6866-12,0,0,352.05555
HARS22_chips,42,85,1,7,MN19AF6866-12,10.916,0.00356412795372307,352.05555
HARS22_chips,50,85,1,7,MN19AF6866-12,35.802,-0.0017295207362622,352.05555
HARS22_chips,62,85,1,7,MN19AF6866-12,73.52,1.01923203468323,352.05555
HARS22_chips,77,85,1,7,MN19AF6866-12,99.552,0.511611044406891,352.05555
HARS22_chips,84,85,1,7,MN19AF6866-12,100.012,0.419179081916809,352.05555
HARS22_chips,96,85,1,7,MN19AF6866-12,96.683,0.281572371721268,352.05555
HARS22_chips,105,85,1,7,MN19AF6866-12,83.572,0.194879442453384,352.05555
HARS22_chips,0,86,2,7,W19009-22,0,0,639.2793
HARS22_chips,28,86,2,7,W19009-22,0.502,0,639.2793
HARS22_chips,42,86,2,7,W19009-22,18.68,0.0119308391585946,639.2793
HARS22_chips,50,86,2,7,W19009-22,53.165,0.13133393228054,639.2793
HARS22_chips,62,86,2,7,W19009-22,72.589,1.11500120162964,639.2793
HARS22_chips,77,86,2,7,W19009-22,99.952,0.659385025501251,639.2793
HARS22_chips,84,86,2,7,W19009-22,99.892,0.556979179382324,639.2793
HARS22_chips,96,86,2,7,W19009-22,94.904,0.437660276889801,639.2793
HARS22_chips,105,86,2,7,W19009-22,93.446,0.299070835113525,639.2793
HARS22_chips,0,87,3,7,W19026-3,0,0,371.64545
HARS22_chips,28,87,3,7,W19026-3,0,0,371.64545
HARS22_chips,42,87,3,7,W19026-3,5.802,-0.00165061734151095,371.64545
HARS22_chips,50,87,3,7,W19026-3,28,0.0343253873288631,371.64545
HARS22_chips,62,87,3,7,W19026-3,73.964,0.962516903877258,371.64545
HARS22_chips,77,87,3,7,W19026-3,99.883,0.639498472213745,371.64545
HARS22_chips,84,87,3,7,W19026-3,100.04,0.550047934055328,371.64545
HARS22_chips,96,87,3,7,W19026-3,99.88,0.383341938257217,371.64545
HARS22_chips,105,87,3,7,W19026-3,99.94,0.302568554878235,371.64545
HARS22_chips,0,88,4,7,Atlantic,0,0,586.5717
HARS22_chips,28,88,4,7,Atlantic,0,0,586.5717
HARS22_chips,42,88,4,7,Atlantic,25.109,0.0322675928473473,586.5717
HARS22_chips,50,88,4,7,Atlantic,58.738,0.185422942042351,586.5717
HARS22_chips,62,88,4,7,Atlantic,90.135,1.15209865570068,586.5717
HARS22_chips,77,88,4,7,Atlantic,99.972,0.593896150588989,586.5717
HARS22_chips,84,88,4,7,Atlantic,100.036,0.49578008055687,586.5717
HARS22_chips,96,88,4,7,Atlantic,98.862,0.314590096473694,586.5717
HARS22_chips,105,88,4,7,Atlantic,97.509,0.225739136338234,586.5717
HARS22_chips,0,89,5,7,W19007-11,0,0,572.68695
HARS22_chips,28,89,5,7,W19007-11,0,0,572.68695
HARS22_chips,42,89,5,7,W19007-11,20.202,0.0221771243959665,572.68695
HARS22_chips,50,89,5,7,W19007-11,52.163,0.160866677761078,572.68695
HARS22_chips,62,89,5,7,W19007-11,83.285,1.02027142047882,572.68695
HARS22_chips,77,89,5,7,W19007-11,94.756,0.567753255367279,572.68695
HARS22_chips,84,89,5,7,W19007-11,95.366,0.492024838924408,572.68695
HARS22_chips,96,89,5,7,W19007-11,93.035,0.425810158252716,572.68695
HARS22_chips,105,89,5,7,W19007-11,91.078,0.342340379953384,572.68695
HARS22_chips,0,90,6,7,W19023-4,0,0,669.1179
HARS22_chips,28,90,6,7,W19023-4,0,0,669.1179
HARS22_chips,42,90,6,7,W19023-4,15.007,0.0114272255450487,669.1179
HARS22_chips,50,90,6,7,W19023-4,46.545,0.146897703409195,669.1179
HARS22_chips,62,90,6,7,W19023-4,73.342,1.02169024944305,669.1179
HARS22_chips,77,90,6,7,W19023-4,99.944,0.627211451530457,669.1179
HARS22_chips,84,90,6,7,W19023-4,100.012,0.616622626781464,669.1179
HARS22_chips,96,90,6,7,W19023-4,99.917,0.595490276813507,669.1179
HARS22_chips,105,90,6,7,W19023-4,99.738,0.513340651988983,669.1179
HARS22_chips,0,91,7,7,W15200-3,0,0,550.4048
HARS22_chips,28,91,7,7,W15200-3,0,0,550.4048
HARS22_chips,42,91,7,7,W15200-3,25.879,0.0267104264348745,550.4048
HARS22_chips,50,91,7,7,W15200-3,65.599,0.169883921742439,550.4048
HARS22_chips,62,91,7,7,W15200-3,93.895,1.07992589473724,550.4048
HARS22_chips,77,91,7,7,W15200-3,99.98,0.566952884197235,550.4048
HARS22_chips,84,91,7,7,W15200-3,100.032,0.53954154253006,550.4048
HARS22_chips,96,91,7,7,W15200-3,99.979,0.501852452754974,550.4048
HARS22_chips,105,91,7,7,W15200-3,99.488,0.42699721455574,550.4048
HARS22_chips,0,92,8,7,W19012-14,0,0,507.35905
HARS22_chips,28,92,8,7,W19012-14,0,0,507.35905
HARS22_chips,42,92,8,7,W19012-14,16.627,0.0111174564808607,507.35905
HARS22_chips,50,92,8,7,W19012-14,47.675,0.1159657984972,507.35905
HARS22_chips,62,92,8,7,W19012-14,82.767,1.00964653491974,507.35905
HARS22_chips,77,92,8,7,W19012-14,99.939,0.680234372615814,507.35905
HARS22_chips,84,92,8,7,W19012-14,100.02,0.635921001434326,507.35905
HARS22_chips,96,92,8,7,W19012-14,99.822,0.475777685642242,507.35905
HARS22_chips,105,92,8,7,W19012-14,99.452,0.376148849725723,507.35905
HARS22_chips,0,93,9,7,W19012-3,0,0,577.0732
HARS22_chips,28,93,9,7,W19012-3,0,0,577.0732
HARS22_chips,42,93,9,7,W19012-3,14.999,-0.0050817858427763,577.0732
HARS22_chips,50,93,9,7,W19012-3,51.293,0.146865382790565,577.0732
HARS22_chips,62,93,9,7,W19012-3,78.815,0.938456177711487,577.0732
HARS22_chips,77,93,9,7,W19012-3,99.726,0.538003325462341,577.0732
HARS22_chips,84,93,9,7,W19012-3,99.438,0.397577226161957,577.0732
HARS22_chips,96,93,9,7,W19012-3,91.897,0.229617908596992,577.0732
HARS22_chips,105,93,9,7,W19012-3,85.543,0.164562478661537,577.0732
HARS22_chips,0,94,10,7,W19027-33,0,0,537.724
HARS22_chips,28,94,10,7,W19027-33,0,0,537.724
HARS22_chips,42,94,10,7,W19027-33,24.754,0.0267336387187243,537.724
HARS22_chips,50,94,10,7,W19027-33,61.038,0.218842148780823,537.724
HARS22_chips,62,94,10,7,W19027-33,87.616,0.80230325460434,537.724
HARS22_chips,77,94,10,7,W19027-33,95.611,0.342219859361649,537.724
HARS22_chips,84,94,10,7,W19027-33,96.899,0.254925668239594,537.724
HARS22_chips,96,94,10,7,W19027-33,74.656,0.174435719847679,537.724
HARS22_chips,105,94,10,7,W19027-33,47.302,0.116222701966763,537.724
HARS22_chips,0,95,11,7,W19MSU2-9,0,0,547.2951
HARS22_chips,28,95,11,7,W19MSU2-9,0,0,547.2951
HARS22_chips,42,95,11,7,W19MSU2-9,21.106,0.0245448499917984,547.2951
HARS22_chips,50,95,11,7,W19MSU2-9,47.837,0.205850124359131,547.2951
HARS22_chips,62,95,11,7,W19MSU2-9,86.882,0.918635129928589,547.2951
HARS22_chips,77,95,11,7,W19MSU2-9,99.952,0.470148980617523,547.2951
HARS22_chips,84,95,11,7,W19MSU2-9,100.004,0.372812837362289,547.2951
HARS22_chips,96,95,11,7,W19MSU2-9,97.394,0.276201218366623,547.2951
HARS22_chips,105,95,11,7,W19MSU2-9,74.095,0.191509023308754,547.2951
HARS22_chips,0,96,12,7,Lamoka,0,0,625.1344
HARS22_chips,28,96,12,7,Lamoka,0,0,625.1344
HARS22_chips,42,96,12,7,Lamoka,10.624,-0.00133537768851966,625.1344
HARS22_chips,50,96,12,7,Lamoka,43.33,0.0584396794438362,625.1344
HARS22_chips,62,96,12,7,Lamoka,80.311,1.12527191638947,625.1344
HARS22_chips,77,96,12,7,Lamoka,99.96,0.702317535877228,625.1344
HARS22_chips,84,96,12,7,Lamoka,100.036,0.605474352836609,625.1344
HARS22_chips,96,96,12,7,Lamoka,99.305,0.466506332159042,625.1344
HARS22_chips,105,96,12,7,Lamoka,95.571,0.332365751266479,625.1344
HARS22_chips,0,97,13,7,W19008-3,0,0,646.48485
HARS22_chips,28,97,13,7,W19008-3,0,0,646.48485
HARS22_chips,42,97,13,7,W19008-3,19.371,0.0132098942995071,646.48485
HARS22_chips,50,97,13,7,W19008-3,59.322,0.137978553771973,646.48485
HARS22_chips,62,97,13,7,W19008-3,95.919,1.1752701997757,646.48485
HARS22_chips,77,97,13,7,W19008-3,99.939,0.713584363460541,646.48485
HARS22_chips,84,97,13,7,W19008-3,100.012,0.530317485332489,646.48485
HARS22_chips,96,97,13,7,W19008-3,99.979,0.387711733579636,646.48485
HARS22_chips,105,97,13,7,W19008-3,99.609,0.292265802621841,646.48485
HARS22_chips,0,98,14,7,MSGG276-4,0,0,539.3575
HARS22_chips,28,98,14,7,MSGG276-4,0,0,539.3575
HARS22_chips,42,98,14,7,MSGG276-4,13.234,0.0181069765239954,539.3575
HARS22_chips,50,98,14,7,MSGG276-4,47.325,0.0461986213922501,539.3575
HARS22_chips,62,98,14,7,MSGG276-4,88.424,0.936346054077148,539.3575
HARS22_chips,77,98,14,7,MSGG276-4,99.972,0.692776024341583,539.3575
HARS22_chips,84,98,14,7,MSGG276-4,100.012,0.601147711277008,539.3575
HARS22_chips,96,98,14,7,MSGG276-4,99.926,0.47807502746582,539.3575
HARS22_chips,105,98,14,7,MSGG276-4,99.339,0.372231602668762,539.3575
HARS22_chips,0,99,14,8,W17037-3,0,0,642.1591
HARS22_chips,28,99,14,8,W17037-3,0,0,642.1591
HARS22_chips,42,99,14,8,W17037-3,25.262,0.0183105766773224,642.1591
HARS22_chips,50,99,14,8,W17037-3,62.312,0.220974117517471,642.1591
HARS22_chips,62,99,14,8,W17037-3,89.001,1.16152203083038,642.1591
HARS22_chips,77,99,14,8,W17037-3,99.984,0.742835462093353,642.1591
HARS22_chips,84,99,14,8,W17037-3,98.788,0.466916918754578,642.1591
HARS22_chips,96,99,14,8,W17037-3,98.196,0.340800166130066,642.1591
HARS22_chips,105,99,14,8,W17037-3,97.686,0.271929264068604,642.1591
HARS22_chips,0,100,13,8,W19031-12,0,0,555.23875
HARS22_chips,28,100,13,8,W19031-12,0,0,555.23875
HARS22_chips,42,100,13,8,W19031-12,27.486,0.0301240384578705,555.23875
HARS22_chips,50,100,13,8,W19031-12,64.062,0.241800904273987,555.23875
HARS22_chips,62,100,13,8,W19031-12,93.446,1.04056942462921,555.23875
HARS22_chips,77,100,13,8,W19031-12,99.988,0.53629994392395,555.23875
HARS22_chips,84,100,13,8,W19031-12,100,0.397414207458496,555.23875
HARS22_chips,96,100,13,8,W19031-12,99.661,0.275626510381699,555.23875
HARS22_chips,105,100,13,8,W19031-12,98.223,0.19754096865654,555.23875
HARS22_chips,0,101,12,8,W19026-20,0,0,499.91755
HARS22_chips,28,101,12,8,W19026-20,0,0,499.91755
HARS22_chips,42,101,12,8,W19026-20,18.619,0.0151850339025259,499.91755
HARS22_chips,50,101,12,8,W19026-20,47.158,0.17018061876297,499.91755
HARS22_chips,62,101,12,8,W19026-20,84.335,0.922776103019714,499.91755
HARS22_chips,77,101,12,8,W19026-20,99.984,0.472600340843201,499.91755
HARS22_chips,84,101,12,8,W19026-20,100,0.399755954742432,499.91755
HARS22_chips,96,101,12,8,W19026-20,99.938,0.291592597961426,499.91755
HARS22_chips,105,101,12,8,W19026-20,95.695,0.197372183203697,499.91755
HARS22_chips,0,102,11,8,W19031-1,0,0,707.96495
HARS22_chips,28,102,11,8,W19031-1,0.14,0,707.96495
HARS22_chips,42,102,11,8,W19031-1,34.318,0.0726552605628967,707.96495
HARS22_chips,50,102,11,8,W19031-1,69.801,0.295727580785751,707.96495
HARS22_chips,62,102,11,8,W19031-1,96.281,1.13580250740051,707.96495
HARS22_chips,77,102,11,8,W19031-1,99.988,0.593487560749054,707.96495
HARS22_chips,84,102,11,8,W19031-1,100.016,0.511406719684601,707.96495
HARS22_chips,96,102,11,8,W19031-1,98.614,0.370298624038696,707.96495
HARS22_chips,105,102,11,8,W19031-1,94.345,0.242489337921143,707.96495
HARS22_chips,0,103,10,8,W19022-12,0,0,604.395
HARS22_chips,28,103,10,8,W19022-12,0,0,604.395
HARS22_chips,42,103,10,8,W19022-12,22.124,0.026573970913887,604.395
HARS22_chips,50,103,10,8,W19022-12,63.299,0.188738852739334,604.395
HARS22_chips,62,103,10,8,W19022-12,94.296,1.03769111633301,604.395
HARS22_chips,77,103,10,8,W19022-12,99.939,0.616073310375214,604.395
HARS22_chips,84,103,10,8,W19022-12,100.028,0.523141860961914,604.395
HARS22_chips,96,103,10,8,W19022-12,99.975,0.395401865243912,604.395
HARS22_chips,105,103,10,8,W19022-12,99.754,0.254557996988297,604.395
HARS22_chips,0,104,9,8,ND1776-8,0,0,583.7645
HARS22_chips,28,104,9,8,ND1776-8,0,0,583.7645
HARS22_chips,42,104,9,8,ND1776-8,12.874,0.0050251348875463,583.7645
HARS22_chips,50,104,9,8,ND1776-8,47.602,0.124653480947018,583.7645
HARS22_chips,62,104,9,8,ND1776-8,96.58,0.983957469463348,583.7645
HARS22_chips,77,104,9,8,ND1776-8,99.988,0.595724523067474,583.7645
HARS22_chips,84,104,9,8,ND1776-8,100.024,0.439739316701889,583.7645
HARS22_chips,96,104,9,8,ND1776-8,99.016,0.295401781797409,583.7645
HARS22_chips,105,104,9,8,ND1776-8,96.429,0.208227172493935,583.7645
HARS22_chips,0,105,8,8,W19009-25,0,0,614.58925
HARS22_chips,28,105,8,8,W19009-25,0,0,614.58925
HARS22_chips,42,105,8,8,W19009-25,42.052,0.0890460535883904,614.58925
HARS22_chips,50,105,8,8,W19009-25,82.825,0.277792066335678,614.58925
HARS22_chips,62,105,8,8,W19009-25,96.346,1.03368675708771,614.58925
HARS22_chips,77,105,8,8,W19009-25,99.931,0.567588806152344,614.58925
HARS22_chips,84,105,8,8,W19009-25,100,0.457454472780228,614.58925
HARS22_chips,96,105,8,8,W19009-25,99.946,0.304687708616257,614.58925
HARS22_chips,105,105,8,8,W19009-25,99.637,0.226726308465004,614.58925
HARS22_chips,0,106,7,8,W17060-9,0,0,625.83015
HARS22_chips,28,106,7,8,W17060-9,0,0,625.83015
HARS22_chips,42,106,7,8,W17060-9,28.349,0.0296374596655369,625.83015
HARS22_chips,50,106,7,8,W17060-9,70.568,0.246283382177353,625.83015
HARS22_chips,62,106,7,8,W17060-9,98.007,1.16654205322266,625.83015
HARS22_chips,77,106,7,8,W17060-9,99.968,0.673874795436859,625.83015
HARS22_chips,84,106,7,8,W17060-9,100.004,0.531115591526031,625.83015
HARS22_chips,96,106,7,8,W17060-9,99.007,0.371626347303391,625.83015
HARS22_chips,105,106,7,8,W17060-9,94.023,0.271585613489151,625.83015
HARS22_chips,0,107,6,8,MSGG268-4,0,0,580.83025
HARS22_chips,28,107,6,8,MSGG268-4,0,0,580.83025
HARS22_chips,42,107,6,8,MSGG268-4,24.975,0.0214944034814835,580.83025
HARS22_chips,50,107,6,8,MSGG268-4,61.622,0.205329194664955,580.83025
HARS22_chips,62,107,6,8,MSGG268-4,79.266,1.03013241291046,580.83025
HARS22_chips,77,107,6,8,MSGG268-4,99.968,0.589578807353973,580.83025
HARS22_chips,84,107,6,8,MSGG268-4,100.016,0.526807248592377,580.83025
HARS22_chips,96,107,6,8,MSGG268-4,99.979,0.402065426111221,580.83025
HARS22_chips,105,107,6,8,MSGG268-4,99.432,0.286639153957367,580.83025
HARS22_chips,0,108,5,8,W19026-18,0,0,661.22265
HARS22_chips,28,108,5,8,W19026-18,0,0,661.22265
HARS22_chips,42,108,5,8,W19026-18,20,0.017719455063343,661.22265
HARS22_chips,50,108,5,8,W19026-18,56.57,0.184187307953835,661.22265
HARS22_chips,62,108,5,8,W19026-18,89.353,0.997322082519531,661.22265
HARS22_chips,77,108,5,8,W19026-18,99.859,0.499706625938416,661.22265
HARS22_chips,84,108,5,8,W19026-18,100.032,0.444160312414169,661.22265
HARS22_chips,96,108,5,8,W19026-18,99.801,0.363454878330231,661.22265
HARS22_chips,105,108,5,8,W19026-18,97.134,0.257225960493088,661.22265
HARS22_chips,0,109,4,8,W19027-39,0,0,540.07745
HARS22_chips,28,109,4,8,W19027-39,0,0,540.07745
HARS22_chips,42,109,4,8,W19027-39,17.141,0.0131471874192357,540.07745
HARS22_chips,50,109,4,8,W19027-39,55.833,0.153975889086723,540.07745
HARS22_chips,62,109,4,8,W19027-39,93.245,1.04555630683899,540.07745
HARS22_chips,77,109,4,8,W19027-39,99.899,0.46677577495575,540.07745
HARS22_chips,84,109,4,8,W19027-39,100.016,0.39686319231987,540.07745
HARS22_chips,96,109,4,8,W19027-39,97.837,0.279375404119492,540.07745
HARS22_chips,105,109,4,8,W19027-39,80.681,0.17476224899292,540.07745
HARS22_chips,0,110,3,8,W19024-15,0,0,540.2045
HARS22_chips,28,110,3,8,W19024-15,0,0,540.2045
HARS22_chips,42,110,3,8,W19024-15,24.965,0.0323580913245678,540.2045
HARS22_chips,50,110,3,8,W19024-15,59.686,0.200375452637672,540.2045
HARS22_chips,62,110,3,8,W19024-15,88.667,1.04712200164795,540.2045
HARS22_chips,77,110,3,8,W19024-15,99.976,0.533683776855469,540.2045
HARS22_chips,84,110,3,8,W19024-15,100.028,0.492069154977798,540.2045
HARS22_chips,96,110,3,8,W19024-15,99.913,0.397590667009354,540.2045
HARS22_chips,105,110,3,8,W19024-15,96.57,0.238783791661263,540.2045
HARS22_chips,0,111,2,8,ND1741C-5,0,0,598.08485
HARS22_chips,28,111,2,8,ND1741C-5,0.203,0,598.08485
HARS22_chips,42,111,2,8,ND1741C-5,6.485,-0.000273139216005802,598.08485
HARS22_chips,50,111,2,8,ND1741C-5,35.855,0.0881452336907387,598.08485
HARS22_chips,62,111,2,8,ND1741C-5,71.848,0.969259440898895,598.08485
HARS22_chips,77,111,2,8,ND1741C-5,99.988,0.60870349407196,598.08485
HARS22_chips,84,111,2,8,ND1741C-5,100.004,0.517277300357819,598.08485
HARS22_chips,96,111,2,8,ND1741C-5,97.862,0.35260334610939,598.08485
HARS22_chips,105,111,2,8,ND1741C-5,86.618,0.232478559017181,598.08485
HARS22_chips,0,112,1,8,MN19TX18093-1,0,0,808.8124
HARS22_chips,28,112,1,8,MN19TX18093-1,0,0,808.8124
HARS22_chips,42,112,1,8,MN19TX18093-1,34.278,-0.00485709449276328,808.8124
HARS22_chips,50,112,1,8,MN19TX18093-1,65.533,0.213570222258568,808.8124
HARS22_chips,62,112,1,8,MN19TX18093-1,90.566,1.09250116348267,808.8124
HARS22_chips,77,112,1,8,MN19TX18093-1,99.443,0.550684869289398,808.8124
HARS22_chips,84,112,1,8,MN19TX18093-1,99.406,0.477970123291016,808.8124
HARS22_chips,96,112,1,8,MN19TX18093-1,97.39,0.366803199052811,808.8124
HARS22_chips,105,112,1,8,MN19TX18093-1,93.197,0.252097249031067,808.8124
HARS22_chips,0,113,1,9,W19024-17,0,0,614.04475
HARS22_chips,28,113,1,9,W19024-17,0,0,614.04475
HARS22_chips,42,113,1,9,W19024-17,23.986,0.0140366405248642,614.04475
HARS22_chips,50,113,1,9,W19024-17,55.488,0.202250748872757,614.04475
HARS22_chips,62,113,1,9,W19024-17,85.164,1.0897331237793,614.04475
HARS22_chips,77,113,1,9,W19024-17,99.887,0.677653729915619,614.04475
HARS22_chips,84,113,1,9,W19024-17,100.028,0.632096350193024,614.04475
HARS22_chips,96,113,1,9,W19024-17,98.643,0.523721992969513,614.04475
HARS22_chips,105,113,1,9,W19024-17,97.659,0.359340488910675,614.04475
HARS22_chips,0,114,2,9,MSGG863-A2,0,0,812.1762
HARS22_chips,28,114,2,9,MSGG863-A2,0.068,0,812.1762
HARS22_chips,42,114,2,9,MSGG863-A2,24.661,0.0221789889037609,812.1762
HARS22_chips,50,114,2,9,MSGG863-A2,62.081,0.18133407831192,812.1762
HARS22_chips,62,114,2,9,MSGG863-A2,87.006,1.14817333221436,812.1762
HARS22_chips,77,114,2,9,MSGG863-A2,99.964,0.716460764408112,812.1762
HARS22_chips,84,114,2,9,MSGG863-A2,100.04,0.6682488322258,812.1762
HARS22_chips,96,114,2,9,MSGG863-A2,98.747,0.534690320491791,812.1762
HARS22_chips,105,114,2,9,MSGG863-A2,95.236,0.396879255771637,812.1762
HARS22_chips,0,115,3,9,MSGG181-5,0,0,475.87485
HARS22_chips,28,115,3,9,MSGG181-5,0,0,475.87485
HARS22_chips,42,115,3,9,MSGG181-5,30.666,0.0342048592865467,475.87485
HARS22_chips,50,115,3,9,MSGG181-5,70.176,0.217646420001984,475.87485
HARS22_chips,62,115,3,9,MSGG181-5,97.181,1.09046483039856,475.87485
HARS22_chips,77,115,3,9,MSGG181-5,99.98,0.596437513828278,475.87485
HARS22_chips,84,115,3,9,MSGG181-5,100.016,0.532671511173248,475.87485
HARS22_chips,96,115,3,9,MSGG181-5,99.818,0.360509604215622,475.87485
HARS22_chips,105,115,3,9,MSGG181-5,99.218,0.269419193267822,475.87485
HARS22_chips,0,116,4,9,W19013-8,0,0,585.0471
HARS22_chips,28,116,4,9,W19013-8,0,0,585.0471
HARS22_chips,42,116,4,9,W19013-8,23.24,0.0315515585243702,585.0471
HARS22_chips,50,116,4,9,W19013-8,58.828,0.192857936024666,585.0471
HARS22_chips,62,116,4,9,W19013-8,95.198,1.16055452823639,585.0471
HARS22_chips,77,116,4,9,W19013-8,99.935,0.654556691646576,585.0471
HARS22_chips,84,116,4,9,W19013-8,100,0.540090918540955,585.0471
HARS22_chips,96,116,4,9,W19013-8,97.316,0.34988659620285,585.0471
HARS22_chips,105,116,4,9,W19013-8,92.584,0.222975194454193,585.0471
HARS22_chips,0,117,5,9,W19012-12,0,0,463.0065
HARS22_chips,28,117,5,9,W19012-12,0,0,463.0065
HARS22_chips,42,117,5,9,W19012-12,23.613,0.0356159284710884,463.0065
HARS22_chips,50,117,5,9,W19012-12,51.978,0.187314480543137,463.0065
HARS22_chips,62,117,5,9,W19012-12,81.431,0.834396421909332,463.0065
HARS22_chips,77,117,5,9,W19012-12,99.827,0.477734357118607,463.0065
HARS22_chips,84,117,5,9,W19012-12,100.008,0.435155540704727,463.0065
HARS22_chips,96,117,5,9,W19012-12,99.64,0.334166705608368,463.0065
HARS22_chips,105,117,5,9,W19012-12,99.222,0.238526359200478,463.0065
HARS22_chips,0,118,6,9,W19027-7,0,0,657.0542
HARS22_chips,28,118,6,9,W19027-7,0,0,657.0542
HARS22_chips,42,118,6,9,W19027-7,23.857,0.0444961190223694,657.0542
HARS22_chips,50,118,6,9,W19027-7,59.98,0.186312809586525,657.0542
HARS22_chips,62,118,6,9,W19027-7,85.427,0.878346681594849,657.0542
HARS22_chips,77,118,6,9,W19027-7,99.919,0.582512557506561,657.0542
HARS22_chips,84,118,6,9,W19027-7,100,0.460648745298386,657.0542
HARS22_chips,96,118,6,9,W19027-7,98.118,0.354792296886444,657.0542
HARS22_chips,105,118,6,9,W19027-7,93.963,0.26214474439621,657.0542
HARS22_chips,0,119,7,9,W19007-4,0,0,705.5994
HARS22_chips,28,119,7,9,W19007-4,0,0,705.5994
HARS22_chips,42,119,7,9,W19007-4,13.618,0.0169149544090033,705.5994
HARS22_chips,50,119,7,9,W19007-4,45.12,0.101170606911182,705.5994
HARS22_chips,62,119,7,9,W19007-4,86.689,1.01762461662292,705.5994
HARS22_chips,77,119,7,9,W19007-4,99.77,0.634962141513824,705.5994
HARS22_chips,84,119,7,9,W19007-4,100.024,0.584215402603149,705.5994
HARS22_chips,96,119,7,9,W19007-4,99.653,0.50634890794754,705.5994
HARS22_chips,105,119,7,9,W19007-4,98.448,0.370410621166229,705.5994
HARS22_chips,0,120,8,9,W19020-20,0,0,558.1851
HARS22_chips,28,120,8,9,W19020-20,0,0,558.1851
HARS22_chips,42,120,8,9,W19020-20,17.748,0.0129600064828992,558.1851
HARS22_chips,50,120,8,9,W19020-20,52.012,0.103692896664143,558.1851
HARS22_chips,62,120,8,9,W19020-20,74.516,0.749719083309174,558.1851
HARS22_chips,77,120,8,9,W19020-20,99.903,0.60469776391983,558.1851
HARS22_chips,84,120,8,9,W19020-20,100.02,0.539697527885437,558.1851
HARS22_chips,96,120,8,9,W19020-20,99.599,0.354530721902847,558.1851
HARS22_chips,105,120,8,9,W19020-20,97.739,0.245540976524353,558.1851
HARS22_chips,0,121,9,9,W17043-37,0,0,716.04775
HARS22_chips,28,121,9,9,W17043-37,0,0,716.04775
HARS22_chips,42,121,9,9,W17043-37,17.782,0.00699610356241465,716.04775
HARS22_chips,50,121,9,9,W17043-37,52.633,0.105955265462399,716.04775
HARS22_chips,62,121,9,9,W17043-37,85.519,0.979425191879272,716.04775
HARS22_chips,77,121,9,9,W17043-37,99.984,0.633549869060516,716.04775
HARS22_chips,84,121,9,9,W17043-37,100.008,0.495247781276703,716.04775
HARS22_chips,96,121,9,9,W17043-37,99.024,0.279428988695145,716.04775
HARS22_chips,105,121,9,9,W17043-37,97.324,0.20747347176075,716.04775
HARS22_chips,0,122,10,9,W19022-18,0,0,638.2145
HARS22_chips,28,122,10,9,W19022-18,0,0,638.2145
HARS22_chips,42,122,10,9,W19022-18,21.642,0.0209443029016256,638.2145
HARS22_chips,50,122,10,9,W19022-18,58.35,0.14312469959259,638.2145
HARS22_chips,62,122,10,9,W19022-18,92.054,0.931029796600342,638.2145
HARS22_chips,77,122,10,9,W19022-18,99.976,0.589070796966553,638.2145
HARS22_chips,84,122,10,9,W19022-18,100,0.471163392066956,638.2145
HARS22_chips,96,122,10,9,W19022-18,98.933,0.315716773271561,638.2145
HARS22_chips,105,122,10,9,W19022-18,84.929,0.228034362196922,638.2145
HARS22_chips,0,123,11,9,W19030-1,0,0,654.5495
HARS22_chips,28,123,11,9,W19030-1,0,0,654.5495
HARS22_chips,42,123,11,9,W19030-1,15.781,0.0130168730393052,654.5495
HARS22_chips,50,123,11,9,W19030-1,48.216,0.0998571440577507,654.5495
HARS22_chips,62,123,11,9,W19030-1,81.506,0.963736236095428,654.5495
HARS22_chips,77,123,11,9,W19030-1,99.98,0.696254730224609,654.5495
HARS22_chips,84,123,11,9,W19030-1,100.02,0.536282539367676,654.5495
HARS22_chips,96,123,11,9,W19030-1,99.996,0.356505662202835,654.5495
HARS22_chips,105,123,11,9,W19030-1,99.907,0.291964113712311,654.5495
HARS22_chips,0,124,12,9,W19027-4,0,0,554.01665
HARS22_chips,28,124,12,9,W19027-4,0,0,554.01665
HARS22_chips,42,124,12,9,W19027-4,23.778,0.0258467309176922,554.01665
HARS22_chips,50,124,12,9,W19027-4,63.513,0.200182884931564,554.01665
HARS22_chips,62,124,12,9,W19027-4,81.842,0.961141288280487,554.01665
HARS22_chips,77,124,12,9,W19027-4,99.996,0.630694031715393,554.01665
HARS22_chips,84,124,12,9,W19027-4,100.012,0.471883624792099,554.01665
HARS22_chips,96,124,12,9,W19027-4,99.677,0.323290348052979,554.01665
HARS22_chips,105,124,12,9,W19027-4,97.864,0.265981465578079,554.01665
HARS22_chips,0,125,13,9,W19027-58,0,0,655.37835
HARS22_chips,28,125,13,9,W19027-58,0,0,655.37835
HARS22_chips,42,125,13,9,W19027-58,26.908,0.035466518253088,655.37835
HARS22_chips,50,125,13,9,W19027-58,70.159,0.219353303313255,655.37835
HARS22_chips,62,125,13,9,W19027-58,98.953,1.08932328224182,655.37835
HARS22_chips,77,125,13,9,W19027-58,99.98,0.737439334392548,655.37835
HARS22_chips,84,125,13,9,W19027-58,99.438,0.48556262254715,655.37835
HARS22_chips,96,125,13,9,W19027-58,99.024,0.360314637422562,655.37835
HARS22_chips,105,125,13,9,W19027-58,98.896,0.291063755750656,655.37835
HARS22_chips,0,126,14,9,W17049-10,0,0,541.3419
HARS22_chips,28,126,14,9,W17049-10,0,0,541.3419
HARS22_chips,42,126,14,9,W17049-10,8.648,0.00517511833459139,541.3419
HARS22_chips,50,126,14,9,W17049-10,42.44,0.0961634144186974,541.3419
HARS22_chips,62,126,14,9,W17049-10,80.689,1.06982779502869,541.3419
HARS22_chips,77,126,14,9,W17049-10,99.992,0.787484407424927,541.3419
HARS22_chips,84,126,14,9,W17049-10,100.008,0.650257885456085,541.3419
HARS22_chips,96,126,14,9,W17049-10,99.934,0.471795320510864,541.3419
HARS22_chips,105,126,14,9,W17049-10,99.52,0.334850639104843,541.3419
HARS22_chips,0,127,14,10,W19016-5,0,0,519.94305
HARS22_chips,28,127,14,10,W19016-5,0,0,519.94305
HARS22_chips,42,127,14,10,W19016-5,22.28,0.0147333703935146,519.94305
HARS22_chips,50,127,14,10,W19016-5,56.219,0.15433444082737,519.94305
HARS22_chips,62,127,14,10,W19016-5,89.755,0.953620493412018,519.94305
HARS22_chips,77,127,14,10,W19016-5,99.988,0.681875348091125,519.94305
HARS22_chips,84,127,14,10,W19016-5,100.028,0.496320486068726,519.94305
HARS22_chips,96,127,14,10,W19016-5,99.963,0.359562397003174,519.94305
HARS22_chips,105,127,14,10,W19016-5,99.653,0.274768084287643,519.94305
HARS22_chips,0,128,13,10,ND1734-4,0,0,606.4278
HARS22_chips,28,128,13,10,ND1734-4,0,0,606.4278
HARS22_chips,42,128,13,10,ND1734-4,23.681,0.0293886866420507,606.4278
HARS22_chips,50,128,13,10,ND1734-4,58.935,0.174094811081886,606.4278
HARS22_chips,62,128,13,10,ND1734-4,86.656,0.76356440782547,606.4278
HARS22_chips,77,128,13,10,ND1734-4,100,0.550294756889343,606.4278
HARS22_chips,84,128,13,10,ND1734-4,99.864,0.389545530080795,606.4278
HARS22_chips,96,128,13,10,ND1734-4,95.76,0.281747072935104,606.4278
HARS22_chips,105,128,13,10,ND1734-4,77.707,0.191212669014931,606.4278
HARS22_chips,0,129,12,10,Snowden,0,0,690.1235
HARS22_chips,28,129,12,10,Snowden,0,0,690.1235
HARS22_chips,42,129,12,10,Snowden,26.641,0.0390324033796787,690.1235
HARS22_chips,50,129,12,10,Snowden,57.206,0.237310260534286,690.1235
HARS22_chips,62,129,12,10,Snowden,88.393,0.972321331501007,690.1235
HARS22_chips,77,129,12,10,Snowden,99.972,0.639008581638336,690.1235
HARS22_chips,84,129,12,10,Snowden,99.775,0.4515700340271,690.1235
HARS22_chips,96,129,12,10,Snowden,96.703,0.320614695549011,690.1235
HARS22_chips,105,129,12,10,Snowden,89.053,0.211212530732155,690.1235
HARS22_chips,0,130,11,10,W19028-6,0,0,494.36365
HARS22_chips,28,130,11,10,W19028-6,0,0,494.36365
HARS22_chips,42,130,11,10,W19028-6,14.728,0.0187369398772717,494.36365
HARS22_chips,50,130,11,10,W19028-6,49.814,0.163857728242874,494.36365
HARS22_chips,62,130,11,10,W19028-6,90.636,0.905243039131165,494.36365
HARS22_chips,77,130,11,10,W19028-6,99.996,0.571892023086548,494.36365
HARS22_chips,84,130,11,10,W19028-6,100.016,0.455535143613815,494.36365
HARS22_chips,96,130,11,10,W19028-6,99.971,0.348826795816422,494.36365
HARS22_chips,105,130,11,10,W19028-6,98.336,0.267145067453384,494.36365
HARS22_chips,0,131,10,10,W19026-1,0,0,673.28635
HARS22_chips,28,131,10,10,W19026-1,0,0,673.28635
HARS22_chips,42,131,10,10,W19026-1,24.373,0.0372372046113014,673.28635
HARS22_chips,50,131,10,10,W19026-1,60.522,0.2434072047472,673.28635
HARS22_chips,62,131,10,10,W19026-1,88.42,0.889422416687012,673.28635
HARS22_chips,77,131,10,10,W19026-1,99.972,0.593516886234283,673.28635
HARS22_chips,84,131,10,10,W19026-1,100.02,0.483793437480927,673.28635
HARS22_chips,96,131,10,10,W19026-1,99.723,0.376890748739243,673.28635
HARS22_chips,105,131,10,10,W19026-1,95.957,0.28461292386055,673.28635
HARS22_chips,0,132,9,10,MSGG194-3,0,0,881.35795
HARS22_chips,28,132,9,10,MSGG194-3,0.179,0,881.35795
HARS22_chips,42,132,9,10,MSGG194-3,26.438,0.0336856208741665,881.35795
HARS22_chips,50,132,9,10,MSGG194-3,61.621,0.211778879165649,881.35795
HARS22_chips,62,132,9,10,MSGG194-3,84.019,0.829732120037079,881.35795
HARS22_chips,77,132,9,10,MSGG194-3,99.988,0.683336973190308,881.35795
HARS22_chips,84,132,9,10,MSGG194-3,100.048,0.497543603181839,881.35795
HARS22_chips,96,132,9,10,MSGG194-3,99.872,0.426575243473053,881.35795
HARS22_chips,105,132,9,10,MSGG194-3,99.94,0.345222234725952,881.35795
HARS22_chips,0,133,8,10,MSGG221-3,0,0,619.46555
HARS22_chips,28,133,8,10,MSGG221-3,0,0,619.46555
HARS22_chips,42,133,8,10,MSGG221-3,31.084,0.0431432090699673,619.46555
HARS22_chips,50,133,8,10,MSGG221-3,66.343,0.249247029423714,619.46555
HARS22_chips,62,133,8,10,MSGG221-3,87.097,0.995986521244049,619.46555
HARS22_chips,77,133,8,10,MSGG221-3,99.972,0.695832669734955,619.46555
HARS22_chips,84,133,8,10,MSGG221-3,100,0.535408437252045,619.46555
HARS22_chips,96,133,8,10,MSGG221-3,99.512,0.425943702459335,619.46555
HARS22_chips,105,133,8,10,MSGG221-3,97.324,0.352405965328217,619.46555
HARS22_chips,0,134,7,10,W19012-30,0,0,584.0549
HARS22_chips,28,134,7,10,W19012-30,0,0,584.0549
HARS22_chips,42,134,7,10,W19012-30,31.454,0.0585804097354412,584.0549
HARS22_chips,50,134,7,10,W19012-30,70.508,0.252805829048157,584.0549
HARS22_chips,62,134,7,10,W19012-30,94.326,1.10297441482544,584.0549
HARS22_chips,77,134,7,10,W19012-30,99.956,0.706956744194031,584.0549
HARS22_chips,84,134,7,10,W19012-30,100.012,0.629570782184601,584.0549
HARS22_chips,96,134,7,10,W19012-30,99.082,0.468499511480331,584.0549
HARS22_chips,105,134,7,10,W19012-30,94.547,0.334559142589569,584.0549
HARS22_chips,0,135,6,10,W19022-16,0,0,572.9713
HARS22_chips,28,135,6,10,W19022-16,0,0,572.9713
HARS22_chips,42,135,6,10,W19022-16,28.17,0.0206651240587234,572.9713
HARS22_chips,50,135,6,10,W19022-16,64.889,0.199277281761169,572.9713
HARS22_chips,62,135,6,10,W19022-16,91.309,0.98134058713913,572.9713
HARS22_chips,77,135,6,10,W19022-16,99.952,0.593549013137817,572.9713
HARS22_chips,84,135,6,10,W19022-16,100.008,0.48980575799942,572.9713
HARS22_chips,96,135,6,10,W19022-16,95.173,0.348893404006958,572.9713
HARS22_chips,105,135,6,10,W19022-16,76.918,0.243410289287567,572.9713
HARS22_chips,0,136,5,10,W19009-23,0,0,468.32445
HARS22_chips,28,136,5,10,W19009-23,0,0,468.32445
HARS22_chips,42,136,5,10,W19009-23,20.982,0.0273065827786922,468.32445
HARS22_chips,50,136,5,10,W19009-23,53.231,0.166804373264313,468.32445
HARS22_chips,62,136,5,10,W19009-23,86.531,0.966336667537689,468.32445
HARS22_chips,77,136,5,10,W19009-23,99.871,0.64010488986969,468.32445
HARS22_chips,84,136,5,10,W19009-23,100.004,0.549494624137878,468.32445
HARS22_chips,96,136,5,10,W19009-23,99.557,0.371340543031693,468.32445
HARS22_chips,105,136,5,10,W19009-23,97.005,0.25756099820137,468.32445
HARS22_chips,0,137,4,10,W19ND1810Y-10,0,0,666.42565
HARS22_chips,28,137,4,10,W19ND1810Y-10,0,0,666.42565
HARS22_chips,42,137,4,10,W19ND1810Y-10,26.016,0.0385239906609058,666.42565
HARS22_chips,50,137,4,10,W19ND1810Y-10,59.84,0.22088922560215,666.42565
HARS22_chips,62,137,4,10,W19ND1810Y-10,93.292,1.18617570400238,666.42565
HARS22_chips,77,137,4,10,W19ND1810Y-10,99.907,0.733980178833008,666.42565
HARS22_chips,84,137,4,10,W19ND1810Y-10,100.02,0.589807212352753,666.42565
HARS22_chips,96,137,4,10,W19ND1810Y-10,97.257,0.42860358953476,666.42565
HARS22_chips,105,137,4,10,W19ND1810Y-10,95.636,0.326361745595932,666.42565
HARS22_chips,0,138,3,10,MSGG190-4,0,0,648.31195
HARS22_chips,28,138,3,10,MSGG190-4,0,0,648.31195
HARS22_chips,42,138,3,10,MSGG190-4,29.637,0.0360524170100689,648.31195
HARS22_chips,50,138,3,10,MSGG190-4,68.748,0.213563159108162,648.31195
HARS22_chips,62,138,3,10,MSGG190-4,90.774,1.04174041748047,648.31195
HARS22_chips,77,138,3,10,MSGG190-4,99.919,0.683064877986908,648.31195
HARS22_chips,84,138,3,10,MSGG190-4,100.008,0.502737939357758,648.31195
HARS22_chips,96,138,3,10,MSGG190-4,99.123,0.340352803468704,648.31195
HARS22_chips,105,138,3,10,MSGG190-4,96.977,0.244560942053795,648.31195
HARS22_chips,0,139,2,10,FILL,0,0,
HARS22_chips,28,139,2,10,FILL,0.164,0,
HARS22_chips,42,139,2,10,FILL,25.458,0.0061944299377501,
HARS22_chips,50,139,2,10,FILL,57.368,0.181801915168762,
HARS22_chips,62,139,2,10,FILL,84.766,0.90174263715744,
HARS22_chips,77,139,2,10,FILL,99.98,0.459520429372787,
HARS22_chips,84,139,2,10,FILL,99.956,0.369339168071747,
HARS22_chips,96,139,2,10,FILL,81.879,0.237647175788879,
HARS22_chips,105,139,2,10,FILL,65.834,0.16049899160862,
HARS22_chips,0,140,1,10,W19009-20,0,0,634.37275
HARS22_chips,28,140,1,10,W19009-20,0,0,634.37275
HARS22_chips,42,140,1,10,W19009-20,15.023,0.0108528733253479,634.37275
HARS22_chips,50,140,1,10,W19009-20,48.154,0.0901664346456528,634.37275
HARS22_chips,62,140,1,10,W19009-20,91.57,1.16591453552246,634.37275
HARS22_chips,77,140,1,10,W19009-20,99.895,0.667735636234283,634.37275
HARS22_chips,84,140,1,10,W19009-20,100.016,0.514627754688263,634.37275
HARS22_chips,96,140,1,10,W19009-20,99.247,0.325078636407852,634.37275
HARS22_chips,105,140,1,10,W19009-20,96.663,0.208203315734863,634.37275
HARS22_chips,0,141,1,11,W19027-32,0,0,676.4142
HARS22_chips,28,141,1,11,W19027-32,0,0,676.4142
HARS22_chips,42,141,1,11,W19027-32,29.331,0.0498492754995823,676.4142
HARS22_chips,50,141,1,11,W19027-32,71.024,0.275243669748306,676.4142
HARS22_chips,62,141,1,11,W19027-32,93.553,1.01458609104156,676.4142
HARS22_chips,77,141,1,11,W19027-32,99.403,0.515236616134644,676.4142
HARS22_chips,84,141,1,11,W19027-32,99.53,0.470708250999451,676.4142
HARS22_chips,96,141,1,11,W19027-32,97.394,0.36162143945694,676.4142
HARS22_chips,105,141,1,11,W19027-32,95.26,0.28178134560585,676.4142
HARS22_chips,0,142,2,11,W19023-17,0,0,657.94355
HARS22_chips,28,142,2,11,W19023-17,0,0,657.94355
HARS22_chips,42,142,2,11,W19023-17,12.783,0.00776030262932181,657.94355
HARS22_chips,50,142,2,11,W19023-17,44.579,0.106953427195549,657.94355
HARS22_chips,62,142,2,11,W19023-17,91.245,0.947774112224579,657.94355
HARS22_chips,77,142,2,11,W19023-17,99.96,0.609901309013367,657.94355
HARS22_chips,84,142,2,11,W19023-17,100.024,0.584708452224731,657.94355
HARS22_chips,96,142,2,11,W19023-17,99.801,0.460440009832382,657.94355
HARS22_chips,105,142,2,11,W19023-17,98.372,0.345871835947037,657.94355
HARS22_chips,0,143,3,11,W19022-9,0,0,457.99105
HARS22_chips,28,143,3,11,W19022-9,0,0,457.99105
HARS22_chips,42,143,3,11,W19022-9,6.171,0.000537374755367637,457.99105
HARS22_chips,50,143,3,11,W19022-9,36.105,0.0347629748284817,457.99105
HARS22_chips,62,143,3,11,W19022-9,77.622,0.904068768024445,457.99105
HARS22_chips,77,143,3,11,W19022-9,99.956,0.628167748451233,457.99105
HARS22_chips,84,143,3,11,W19022-9,100.036,0.510003566741943,457.99105
HARS22_chips,96,143,3,11,W19022-9,99.648,0.315550833940506,457.99105
HARS22_chips,105,143,3,11,W19022-9,97.844,0.227560952305794,457.99105
HARS22_chips,0,144,4,11,W19027-50,0,0,632.7453
HARS22_chips,28,144,4,11,W19027-50,0,0,632.7453
HARS22_chips,42,144,4,11,W19027-50,30.81,0.0538958981633186,632.7453
HARS22_chips,50,144,4,11,W19027-50,69.789,0.257247060537338,632.7453
HARS22_chips,62,144,4,11,W19027-50,91.708,0.8912113904953,632.7453
HARS22_chips,77,144,4,11,W19027-50,99.96,0.540225327014923,632.7453
HARS22_chips,84,144,4,11,W19027-50,100.012,0.448115676641464,632.7453
HARS22_chips,96,144,4,11,W19027-50,99.528,0.327346593141556,632.7453
HARS22_chips,105,144,4,11,W19027-50,94.213,0.211437717080116,632.7453
HARS22_chips,0,145,5,11,W19027-13,0,0,466.4066
HARS22_chips,28,145,5,11,W19027-13,0,0,466.4066
HARS22_chips,42,145,5,11,W19027-13,9.44,0.00635181507095695,466.4066
HARS22_chips,50,145,5,11,W19027-13,39.36,0.0691928192973137,466.4066
HARS22_chips,62,145,5,11,W19027-13,85.084,0.869165658950806,466.4066
HARS22_chips,77,145,5,11,W19027-13,100,0.618679523468018,466.4066
HARS22_chips,84,145,5,11,W19027-13,100.004,0.570327639579773,466.4066
HARS22_chips,96,145,5,11,W19027-13,99.313,0.433195650577545,466.4066
HARS22_chips,105,145,5,11,W19027-13,98.734,0.286628931760788,466.4066
HARS22_chips,0,146,6,11,MSGG212-4,0,0,636.15145
HARS22_chips,28,146,6,11,MSGG212-4,0,0,636.15145
HARS22_chips,42,146,6,11,MSGG212-4,16.229,0.0260586999356747,636.15145
HARS22_chips,50,146,6,11,MSGG212-4,52.519,0.166758850216866,636.15145
HARS22_chips,62,146,6,11,MSGG212-4,74.12,1.00549578666687,636.15145
HARS22_chips,77,146,6,11,MSGG212-4,99.996,0.679274201393127,636.15145
HARS22_chips,84,146,6,11,MSGG212-4,100.028,0.614653468132019,636.15145
HARS22_chips,96,146,6,11,MSGG212-4,99.131,0.416720509529114,636.15145
HARS22_chips,105,146,6,11,MSGG212-4,93.632,0.277283847332001,636.15145
HARS22_chips,0,147,7,11,MSGG282-20,0,0,598.73825
HARS22_chips,28,147,7,11,MSGG282-20,0.132,0,598.73825
HARS22_chips,42,147,7,11,MSGG282-20,35.65,0.0621175728738308,598.73825
HARS22_chips,50,147,7,11,MSGG282-20,80.661,0.270778328180313,598.73825
HARS22_chips,62,147,7,11,MSGG282-20,96.768,1.01271796226501,598.73825
HARS22_chips,77,147,7,11,MSGG282-20,99.984,0.590481638908386,598.73825
HARS22_chips,84,147,7,11,MSGG282-20,100.012,0.522861480712891,598.73825
HARS22_chips,96,147,7,11,MSGG282-20,99.955,0.395850777626038,598.73825
HARS22_chips,105,147,7,11,MSGG282-20,99.952,0.289940148591995,598.73825
HARS22_chips,0,148,8,11,W19028-2,0,0,529.9558
HARS22_chips,28,148,8,11,W19028-2,0,0,529.9558
HARS22_chips,42,148,8,11,W19028-2,11.264,0.0157968159765005,529.9558
HARS22_chips,50,148,8,11,W19028-2,46.268,0.107783794403076,529.9558
HARS22_chips,62,148,8,11,W19028-2,93.398,1.01743197441101,529.9558
HARS22_chips,77,148,8,11,W19028-2,99.98,0.713168382644653,529.9558
HARS22_chips,84,148,8,11,W19028-2,100.012,0.63641744852066,529.9558
HARS22_chips,96,148,8,11,W19028-2,99.665,0.418823510408401,529.9558
HARS22_chips,105,148,8,11,W19028-2,98.118,0.290010809898376,529.9558
HARS22_chips,0,149,9,11,Atlantic,0,0,643.1997
HARS22_chips,28,149,9,11,Atlantic,0,0,643.1997
HARS22_chips,42,149,9,11,Atlantic,21.098,0.0257658343762159,643.1997
HARS22_chips,50,149,9,11,Atlantic,57.138,0.190437808632851,643.1997
HARS22_chips,62,149,9,11,Atlantic,89.302,1.05485439300537,643.1997
HARS22_chips,77,149,9,11,Atlantic,99.794,0.674244344234467,643.1997
HARS22_chips,84,149,9,11,Atlantic,100.008,0.562287151813507,643.1997
HARS22_chips,96,149,9,11,Atlantic,98.064,0.3983413875103,643.1997
HARS22_chips,105,149,9,11,Atlantic,97.312,0.304436445236206,643.1997
HARS22_chips,0,150,10,11,W19023-21,0,0,578.0291
HARS22_chips,28,150,10,11,W19023-21,0,0,578.0291
HARS22_chips,42,150,10,11,W19023-21,20.755,0.0317593663930893,578.0291
HARS22_chips,50,150,10,11,W19023-21,52.561,0.222759887576103,578.0291
HARS22_chips,62,150,10,11,W19023-21,79.891,0.869179129600525,578.0291
HARS22_chips,77,150,10,11,W19023-21,99.903,0.643900573253632,578.0291
HARS22_chips,84,150,10,11,W19023-21,100,0.574465155601501,578.0291
HARS22_chips,96,150,10,11,W19023-21,99.789,0.485410958528519,578.0291
HARS22_chips,105,150,10,11,W19023-21,99.553,0.378320932388306,578.0291
HARS22_chips,0,151,11,11,W19026-14,0,0,510.49295
HARS22_chips,28,151,11,11,W19026-14,0,0,510.49295
HARS22_chips,42,151,11,11,W19026-14,8.083,0.0030077351257205,510.49295
HARS22_chips,50,151,11,11,W19026-14,34.333,0.0435844920575619,510.49295
HARS22_chips,62,151,11,11,W19026-14,61.998,0.780290007591248,510.49295
HARS22_chips,77,151,11,11,W19026-14,99.944,0.616018176078796,510.49295
HARS22_chips,84,151,11,11,W19026-14,100.028,0.558448195457458,510.49295
HARS22_chips,96,151,11,11,W19026-14,99.528,0.433679521083832,510.49295
HARS22_chips,105,151,11,11,W19026-14,98.602,0.302610337734222,510.49295
HARS22_chips,0,152,12,11,W19031-8,0,0,695.93755
HARS22_chips,28,152,12,11,W19031-8,0,0,695.93755
HARS22_chips,42,152,12,11,W19031-8,21.238,0.0269454456865788,695.93755
HARS22_chips,50,152,12,11,W19031-8,57.071,0.182958483695984,695.93755
HARS22_chips,62,152,12,11,W19031-8,83.345,1.04522931575775,695.93755
HARS22_chips,77,152,12,11,W19031-8,99.96,0.686553120613098,695.93755
HARS22_chips,84,152,12,11,W19031-8,100.012,0.608587920665741,695.93755
HARS22_chips,96,152,12,11,W19031-8,100,0.555705606937408,695.93755
HARS22_chips,105,152,12,11,W19031-8,98.533,0.394466817378998,695.93755
HARS22_chips,0,153,13,11,W19020-16,0,0,267.6762
HARS22_chips,28,153,13,11,W19020-16,0,0,267.6762
HARS22_chips,42,153,13,11,W19020-16,4.066,0.0151239456608891,267.6762
HARS22_chips,50,153,13,11,W19020-16,20.968,0.0315484553575516,267.6762
HARS22_chips,62,153,13,11,W19020-16,56.343,0.781889736652374,267.6762
HARS22_chips,77,153,13,11,W19020-16,99.689,0.657133400440216,267.6762
HARS22_chips,84,153,13,11,W19020-16,100.016,0.613477468490601,267.6762
HARS22_chips,96,153,13,11,W19020-16,99.909,0.599574863910675,267.6762
HARS22_chips,105,153,13,11,W19020-16,99.593,0.47528076171875,267.6762
HARS22_chips,0,154,14,11,W19019-2,0,0,448.17795
HARS22_chips,28,154,14,11,W19019-2,0,0,448.17795
HARS22_chips,42,154,14,11,W19019-2,5.961,0.0102136451750994,448.17795
HARS22_chips,50,154,14,11,W19019-2,31.721,0.0299621783196926,448.17795
HARS22_chips,62,154,14,11,W19019-2,56.471,0.771589636802673,448.17795
HARS22_chips,77,154,14,11,W19019-2,99.843,0.72580087184906,448.17795
HARS22_chips,84,154,14,11,W19019-2,100,0.66204297542572,448.17795
HARS22_chips,96,154,14,11,W19019-2,99.963,0.572696566581726,448.17795
HARS22_chips,105,154,14,11,W19019-2,99.863,0.445045620203018,448.17795
HARS22_chips,0,155,14,12,MSGG302-1,0,0,527.92905
HARS22_chips,28,155,14,12,MSGG302-1,0,0,527.92905
HARS22_chips,42,155,14,12,MSGG302-1,10.786,0.0177414938807487,527.92905
HARS22_chips,50,155,14,12,MSGG302-1,43.589,0.0895779877901077,527.92905
HARS22_chips,62,155,14,12,MSGG302-1,71.597,0.829865217208862,527.92905
HARS22_chips,77,155,14,12,MSGG302-1,99.956,0.738906621932983,527.92905
HARS22_chips,84,155,14,12,MSGG302-1,100.024,0.551424860954285,527.92905
HARS22_chips,96,155,14,12,MSGG302-1,99.934,0.453140825033188,527.92905
HARS22_chips,105,155,14,12,MSGG302-1,99.774,0.357504308223724,527.92905
HARS22_chips,0,156,13,12,W19027-17,0,0,392.3546
HARS22_chips,28,156,13,12,W19027-17,0,0,392.3546
HARS22_chips,42,156,13,12,W19027-17,12.3,0.0242991074919701,392.3546
HARS22_chips,50,156,13,12,W19027-17,52.024,0.0456133745610714,392.3546
HARS22_chips,62,156,13,12,W19027-17,81.482,0.812328457832336,392.3546
HARS22_chips,77,156,13,12,W19027-17,99.927,0.555184125900269,392.3546
HARS22_chips,84,156,13,12,W19027-17,99.98,0.467505723237991,392.3546
HARS22_chips,96,156,13,12,W19027-17,99.624,0.331595063209534,392.3546
HARS22_chips,105,156,13,12,W19027-17,97.231,0.250316232442856,392.3546
HARS22_chips,0,157,12,12,ND176Y-1,0,0,569.8253
HARS22_chips,28,157,12,12,ND176Y-1,0,0,569.8253
HARS22_chips,42,157,12,12,ND176Y-1,13.008,0.0274037327617407,569.8253
HARS22_chips,50,157,12,12,ND176Y-1,42.586,0.0754964575171471,569.8253
HARS22_chips,62,157,12,12,ND176Y-1,79.541,0.820254504680634,569.8253
HARS22_chips,77,157,12,12,ND176Y-1,99.738,0.731233477592468,569.8253
HARS22_chips,84,157,12,12,ND176Y-1,99.92,0.535624265670776,569.8253
HARS22_chips,96,157,12,12,ND176Y-1,99.797,0.352318227291107,569.8253
HARS22_chips,105,157,12,12,ND176Y-1,98.005,0.244352221488953,569.8253
HARS22_chips,0,158,11,12,W19026-21,0,0,664.82845
HARS22_chips,28,158,11,12,W19026-21,0,0,664.82845
HARS22_chips,42,158,11,12,W19026-21,18.051,0.0155944395810366,664.82845
HARS22_chips,50,158,11,12,W19026-21,44.674,0.0888518467545509,664.82845
HARS22_chips,62,158,11,12,W19026-21,85.61,0.846290767192841,664.82845
HARS22_chips,77,158,11,12,W19026-21,99.972,0.702655434608459,664.82845
HARS22_chips,84,158,11,12,W19026-21,100.024,0.499364465475082,664.82845
HARS22_chips,96,158,11,12,W19026-21,100.004,0.335461229085922,664.82845
HARS22_chips,105,158,11,12,W19026-21,100,0.266137510538101,664.82845
HARS22_chips,0,159,10,12,W17039-31,0,0,596.11255
HARS22_chips,28,159,10,12,W17039-31,0,0,596.11255
HARS22_chips,42,159,10,12,W17039-31,15.095,0.00939700752496719,596.11255
HARS22_chips,50,159,10,12,W17039-31,53.005,0.142258748412132,596.11255
HARS22_chips,62,159,10,12,W17039-31,79.517,0.976972579956055,596.11255
HARS22_chips,77,159,10,12,W17039-31,99.968,0.781479179859161,596.11255
HARS22_chips,84,159,10,12,W17039-31,100.028,0.586938440799713,596.11255
HARS22_chips,96,159,10,12,W17039-31,99.715,0.419303715229034,596.11255
HARS22_chips,105,159,10,12,W17039-31,99.682,0.35104438662529,596.11255
HARS22_chips,0,160,9,12,W19009-26,0,0,526.5315
HARS22_chips,28,160,9,12,W19009-26,0,0,526.5315
HARS22_chips,42,160,9,12,W19009-26,13.701,0.0100161908194423,526.5315
HARS22_chips,50,160,9,12,W19009-26,48.569,0.0982879549264908,526.5315
HARS22_chips,62,160,9,12,W19009-26,90.767,1.02308583259583,526.5315
HARS22_chips,77,160,9,12,W19009-26,99.782,0.71351146697998,526.5315
HARS22_chips,84,160,9,12,W19009-26,100.02,0.550976037979126,526.5315
HARS22_chips,96,160,9,12,W19009-26,98.858,0.374831348657608,526.5315
HARS22_chips,105,160,9,12,W19009-26,98.682,0.289436221122742,526.5315
HARS22_chips,0,161,8,12,W19031-7,0,0,520.5299
HARS22_chips,28,161,8,12,W19031-7,0,0,520.5299
HARS22_chips,42,161,8,12,W19031-7,24.998,0.0440315417945385,520.5299
HARS22_chips,50,161,8,12,W19031-7,55.284,0.207044035196304,520.5299
HARS22_chips,62,161,8,12,W19031-7,76.699,0.861184656620026,520.5299
HARS22_chips,77,161,8,12,W19031-7,99.952,0.609305500984192,520.5299
HARS22_chips,84,161,8,12,W19031-7,100,0.490955024957657,520.5299
HARS22_chips,96,161,8,12,W19031-7,97.651,0.318566113710403,520.5299
HARS22_chips,105,161,8,12,W19031-7,90.206,0.227186486124992,520.5299
HARS22_chips,0,162,7,12,MSGG302-3,0,0,545.9641
HARS22_chips,28,162,7,12,MSGG302-3,0,0,545.9641
HARS22_chips,42,162,7,12,MSGG302-3,21.005,0.0307066887617111,545.9641
HARS22_chips,50,162,7,12,MSGG302-3,54.847,0.14968129992485,545.9641
HARS22_chips,62,162,7,12,MSGG302-3,92.488,0.96745890378952,545.9641
HARS22_chips,77,162,7,12,MSGG302-3,99.673,0.612419724464417,545.9641
HARS22_chips,84,162,7,12,MSGG302-3,99.996,0.526288747787476,545.9641
HARS22_chips,96,162,7,12,MSGG302-3,97.816,0.371431827545166,545.9641
HARS22_chips,105,162,7,12,MSGG302-3,92.58,0.283936053514481,545.9641
HARS22_chips,0,163,6,12,W19MSU1-21,0,0,547.18015
HARS22_chips,28,163,6,12,W19MSU1-21,0,0,547.18015
HARS22_chips,42,163,6,12,W19MSU1-21,20.387,0.0172701310366392,547.18015
HARS22_chips,50,163,6,12,W19MSU1-21,56.164,0.198971852660179,547.18015
HARS22_chips,62,163,6,12,W19MSU1-21,83.546,0.885661602020264,547.18015
HARS22_chips,77,163,6,12,W19MSU1-21,99.988,0.556987106800079,547.18015
HARS22_chips,84,163,6,12,W19MSU1-21,100.028,0.52195280790329,547.18015
HARS22_chips,96,163,6,12,W19MSU1-21,99.975,0.416796654462814,547.18015
HARS22_chips,105,163,6,12,W19MSU1-21,99.968,0.33185350894928,547.18015
HARS22_chips,0,164,5,12,W19020-6,0,0,540.1077
HARS22_chips,28,164,5,12,W19020-6,0,0,540.1077
HARS22_chips,42,164,5,12,W19020-6,18.246,0.0117179714143276,540.1077
HARS22_chips,50,164,5,12,W19020-6,50.334,0.151561632752419,540.1077
HARS22_chips,62,164,5,12,W19020-6,77.298,0.799020171165466,540.1077
HARS22_chips,77,164,5,12,W19020-6,99.903,0.505169868469238,540.1077
HARS22_chips,84,164,5,12,W19020-6,100.036,0.426591664552689,540.1077
HARS22_chips,96,164,5,12,W19020-6,99.793,0.31261345744133,540.1077
HARS22_chips,105,164,5,12,W19020-6,93.47,0.222806200385094,540.1077
HARS22_chips,0,165,4,12,MN19TX18120-1,0,0,317.8549
HARS22_chips,28,165,4,12,MN19TX18120-1,0.008,0,317.8549
HARS22_chips,42,165,4,12,MN19TX18120-1,14.316,0.00465033669024706,317.8549
HARS22_chips,50,165,4,12,MN19TX18120-1,44.241,0.131292805075645,317.8549
HARS22_chips,62,165,4,12,MN19TX18120-1,75.864,0.857512056827545,317.8549
HARS22_chips,77,165,4,12,MN19TX18120-1,99.895,0.531910121440887,317.8549
HARS22_chips,84,165,4,12,MN19TX18120-1,99.326,0.482898086309433,317.8549
HARS22_chips,96,165,4,12,MN19TX18120-1,94.602,0.390751898288727,317.8549
HARS22_chips,105,165,4,12,MN19TX18120-1,86.161,0.270635277032852,317.8549
HARS22_chips,0,166,3,12,MSGG426-2,0,0,580.316
HARS22_chips,28,166,3,12,MSGG426-2,0,0,580.316
HARS22_chips,42,166,3,12,MSGG426-2,19.681,0.0199794322252274,580.316
HARS22_chips,50,166,3,12,MSGG426-2,56.133,0.162052810192108,580.316
HARS22_chips,62,166,3,12,MSGG426-2,76.073,0.89892041683197,580.316
HARS22_chips,77,166,3,12,MSGG426-2,99.952,0.590786218643188,580.316
HARS22_chips,84,166,3,12,MSGG426-2,99.952,0.556073546409607,580.316
HARS22_chips,96,166,3,12,MSGG426-2,99.942,0.457294195890427,580.316
HARS22_chips,105,166,3,12,MSGG426-2,98.182,0.341194212436676,580.316
HARS22_chips,0,167,2,12,W16219-8,0,0,529.1814
HARS22_chips,28,167,2,12,W16219-8,0,0,529.1814
HARS22_chips,42,167,2,12,W16219-8,5.776,-0.00359746441245079,529.1814
HARS22_chips,50,167,2,12,W16219-8,42.893,0.100177265703678,529.1814
HARS22_chips,62,167,2,12,W16219-8,71.091,0.940023064613342,529.1814
HARS22_chips,77,167,2,12,W16219-8,99.798,0.721510648727417,529.1814
HARS22_chips,84,167,2,12,W16219-8,99.876,0.614224493503571,529.1814
HARS22_chips,96,167,2,12,W16219-8,99.913,0.449477076530457,529.1814
HARS22_chips,105,167,2,12,W16219-8,99.057,0.352166414260864,529.1814
HARS22_chips,0,168,1,12,W19032-4,0,0,488.34995
HARS22_chips,28,168,1,12,W19032-4,0,0,488.34995
HARS22_chips,42,168,1,12,W19032-4,10.703,0.0167286023497581,488.34995
HARS22_chips,50,168,1,12,W19032-4,39.191,0.0164975374937057,488.34995
HARS22_chips,62,168,1,12,W19032-4,74.444,0.915270507335663,488.34995
HARS22_chips,77,168,1,12,W19032-4,99.823,0.652001261711121,488.34995
HARS22_chips,84,168,1,12,W19032-4,99.844,0.546992123126984,488.34995
HARS22_chips,96,168,1,12,W19032-4,99.007,0.435420989990234,488.34995
HARS22_chips,105,168,1,12,W19032-4,97.832,0.33885195851326,488.34995
HARS22_chips,0,169,1,13,W19012-9,0,0,470.56295
HARS22_chips,28,169,1,13,W19012-9,0,0,470.56295
HARS22_chips,42,169,1,13,W19012-9,14.874,0.0120105510577559,470.56295
HARS22_chips,50,169,1,13,W19012-9,41.787,0.0712104886770248,470.56295
HARS22_chips,62,169,1,13,W19012-9,77.942,0.866158962249756,470.56295
HARS22_chips,77,169,1,13,W19012-9,99.956,0.669594585895538,470.56295
HARS22_chips,84,169,1,13,W19012-9,100.032,0.646806359291077,470.56295
HARS22_chips,96,169,1,13,W19012-9,99.975,0.609974026679993,470.56295
HARS22_chips,105,169,1,13,W19012-9,99.996,0.50491201877594,470.56295
HARS22_chips,0,170,2,13,W17065-11,0,0,585.6037
HARS22_chips,28,170,2,13,W17065-11,0,0,585.6037
HARS22_chips,42,170,2,13,W17065-11,17.388,0.0191030260175467,585.6037
HARS22_chips,50,170,2,13,W17065-11,51.832,0.183066561818123,585.6037
HARS22_chips,62,170,2,13,W17065-11,78.303,1.0434410572052,585.6037
HARS22_chips,77,170,2,13,W17065-11,99.887,0.751808643341064,585.6037
HARS22_chips,84,170,2,13,W17065-11,100.012,0.725621163845062,585.6037
HARS22_chips,96,170,2,13,W17065-11,99.872,0.541565656661987,585.6037
HARS22_chips,105,170,2,13,W17065-11,99.428,0.415300637483597,585.6037
HARS22_chips,0,171,3,13,W19013-1,0,0,505.61665
HARS22_chips,28,171,3,13,W19013-1,0,0,505.61665
HARS22_chips,42,171,3,13,W19013-1,27.336,0.0509059652686119,505.61665
HARS22_chips,50,171,3,13,W19013-1,63.099,0.225800454616547,505.61665
HARS22_chips,62,171,3,13,W19013-1,94.487,1.0764182806015,505.61665
HARS22_chips,77,171,3,13,W19013-1,99.923,0.601087331771851,505.61665
HARS22_chips,84,171,3,13,W19013-1,100.012,0.499740481376648,505.61665
HARS22_chips,96,171,3,13,W19013-1,98.978,0.401951998472214,505.61665
HARS22_chips,105,171,3,13,W19013-1,83.642,0.328144133090973,505.61665
HARS22_chips,0,172,4,13,W19022-25,0,0,405.471
HARS22_chips,28,172,4,13,W19022-25,0,0,405.471
HARS22_chips,42,172,4,13,W19022-25,21.574,0.00618805876001716,405.471
HARS22_chips,50,172,4,13,W19022-25,62.652,0.173643097281456,405.471
HARS22_chips,62,172,4,13,W19022-25,94.924,0.900565385818481,405.471
HARS22_chips,77,172,4,13,W19022-25,99.875,0.523947596549988,405.471
HARS22_chips,84,172,4,13,W19022-25,100,0.419616013765335,405.471
HARS22_chips,96,172,4,13,W19022-25,99.789,0.309323310852051,405.471
HARS22_chips,105,172,4,13,W19022-25,94.7,0.212020188570023,405.471
HARS22_chips,0,173,5,13,W19013-4,0,0,473.26125
HARS22_chips,28,173,5,13,W19013-4,0,0,473.26125
HARS22_chips,42,173,5,13,W19013-4,23.017,0.0282264649868011,473.26125
HARS22_chips,50,173,5,13,W19013-4,50.907,0.160011947154999,473.26125
HARS22_chips,62,173,5,13,W19013-4,90.434,0.982014060020447,473.26125
HARS22_chips,77,173,5,13,W19013-4,99.827,0.711131274700165,473.26125
HARS22_chips,84,173,5,13,W19013-4,99.767,0.594398379325867,473.26125
HARS22_chips,96,173,5,13,W19013-4,98.478,0.470166176557541,473.26125
HARS22_chips,105,173,5,13,W19013-4,95.482,0.31772443652153,473.26125
HARS22_chips,0,174,6,13,W19027-14,0,0,686.2757
HARS22_chips,28,174,6,13,W19027-14,0,0,686.2757
HARS22_chips,42,174,6,13,W19027-14,20.352,0.0244889259338379,686.2757
HARS22_chips,50,174,6,13,W19027-14,55.639,0.190378949046135,686.2757
HARS22_chips,62,174,6,13,W19027-14,92.018,0.984318315982819,686.2757
HARS22_chips,77,174,6,13,W19027-14,99.939,0.719128608703613,686.2757
HARS22_chips,84,174,6,13,W19027-14,100.016,0.668347358703613,686.2757
HARS22_chips,96,174,6,13,W19027-14,99.731,0.518681049346924,686.2757
HARS22_chips,105,174,6,13,W19027-14,97.997,0.351266950368881,686.2757
HARS22_chips,0,175,7,13,W19MSU1-20,0,0,527.197
HARS22_chips,28,175,7,13,W19MSU1-20,0,0,527.197
HARS22_chips,42,175,7,13,W19MSU1-20,30.367,0.0576465018093586,527.197
HARS22_chips,50,175,7,13,W19MSU1-20,62.598,0.232421159744263,527.197
HARS22_chips,62,175,7,13,W19MSU1-20,90.282,1.03479659557343,527.197
HARS22_chips,77,175,7,13,W19MSU1-20,99.939,0.60927152633667,527.197
HARS22_chips,84,175,7,13,W19MSU1-20,100.016,0.539450705051422,527.197
HARS22_chips,96,175,7,13,W19MSU1-20,99.566,0.39763817191124,527.197
HARS22_chips,105,175,7,13,W19MSU1-20,98.218,0.288846999406815,527.197
HARS22_chips,0,176,8,13,W19027-51,0,0,464.90015
HARS22_chips,28,176,8,13,W19027-51,0,0,464.90015
HARS22_chips,42,176,8,13,W19027-51,2.746,-0.00465800752863288,464.90015
HARS22_chips,50,176,8,13,W19027-51,30.9,0.0775043219327927,464.90015
HARS22_chips,62,176,8,13,W19027-51,78.111,0.754386186599731,464.90015
HARS22_chips,77,176,8,13,W19027-51,99.681,0.553891777992249,464.90015
HARS22_chips,84,176,8,13,W19027-51,100.004,0.433680951595306,464.90015
HARS22_chips,96,176,8,13,W19027-51,99.446,0.296106338500977,464.90015
HARS22_chips,105,176,8,13,W19027-51,96.377,0.209887072443962,464.90015
HARS22_chips,0,177,9,13,ND1734-7,0,0,638.55935
HARS22_chips,28,177,9,13,ND1734-7,0,0,638.55935
HARS22_chips,42,177,9,13,ND1734-7,21.913,0.0268304049968719,638.55935
HARS22_chips,50,177,9,13,ND1734-7,55.337,0.198437169194221,638.55935
HARS22_chips,62,177,9,13,ND1734-7,77.322,0.699968934059143,638.55935
HARS22_chips,77,177,9,13,ND1734-7,98.963,0.486329942941666,638.55935
HARS22_chips,84,177,9,13,ND1734-7,100,0.400518327951431,638.55935
HARS22_chips,96,177,9,13,ND1734-7,94.904,0.299994975328445,638.55935
HARS22_chips,105,177,9,13,ND1734-7,80.795,0.212726593017578,638.55935
HARS22_chips,0,178,10,13,W19003-6,0,0,473.67265
HARS22_chips,28,178,10,13,W19003-6,0,0,473.67265
HARS22_chips,42,178,10,13,W19003-6,11.855,0.00345744309015572,473.67265
HARS22_chips,50,178,10,13,W19003-6,41.571,0.0327274240553379,473.67265
HARS22_chips,62,178,10,13,W19003-6,84.376,0.790818274021149,473.67265
HARS22_chips,77,178,10,13,W19003-6,99.73,0.643585801124573,473.67265
HARS22_chips,84,178,10,13,W19003-6,100.016,0.543314337730408,473.67265
HARS22_chips,96,178,10,13,W19003-6,99.979,0.425631761550903,473.67265
HARS22_chips,105,178,10,13,W19003-6,99.472,0.318054705858231,473.67265
HARS22_chips,0,179,11,13,W19012-28,0,0,516.8031
HARS22_chips,28,179,11,13,W19012-28,0,0,516.8031
HARS22_chips,42,179,11,13,W19012-28,10.807,0.0100733125582337,516.8031
HARS22_chips,50,179,11,13,W19012-28,44.481,0.100116051733494,516.8031
HARS22_chips,62,179,11,13,W19012-28,82.534,0.902681887149811,516.8031
HARS22_chips,77,179,11,13,W19012-28,99.952,0.642800211906433,516.8031
HARS22_chips,84,179,11,13,W19012-28,100.024,0.587129235267639,516.8031
HARS22_chips,96,179,11,13,W19012-28,100.004,0.448202043771744,516.8031
HARS22_chips,105,179,11,13,W19012-28,99.303,0.326098948717117,516.8031
HARS22_chips,0,180,12,13,W15200-3,0,0,433.41595
HARS22_chips,28,180,12,13,W15200-3,0,0,433.41595
HARS22_chips,42,180,12,13,W15200-3,15.526,0.00343719869852066,433.41595
HARS22_chips,50,180,12,13,W15200-3,52.587,0.107375629246235,433.41595
HARS22_chips,62,180,12,13,W15200-3,87.574,0.874439418315887,433.41595
HARS22_chips,77,180,12,13,W15200-3,99.98,0.644591212272644,433.41595
HARS22_chips,84,180,12,13,W15200-3,99.137,0.486945062875748,433.41595
HARS22_chips,96,180,12,13,W15200-3,98.196,0.294297248125076,433.41595
HARS22_chips,105,180,12,13,W15200-3,95.695,0.227518931031227,433.41595
HARS22_chips,0,181,13,13,W17039-7,0,0,668.9848
HARS22_chips,28,181,13,13,W17039-7,0,0,668.9848
HARS22_chips,42,181,13,13,W17039-7,19.587,0.0276826471090317,668.9848
HARS22_chips,50,181,13,13,W17039-7,56.212,0.171820878982544,668.9848
HARS22_chips,62,181,13,13,W17039-7,87.045,0.935479402542114,668.9848
HARS22_chips,77,181,13,13,W17039-7,99.976,0.692913293838501,668.9848
HARS22_chips,84,181,13,13,W17039-7,99.631,0.516593158245087,668.9848
HARS22_chips,96,181,13,13,W17039-7,98.924,0.365387618541718,668.9848
HARS22_chips,105,181,13,13,W17039-7,95.938,0.268907338380814,668.9848
HARS22_chips,0,182,14,13,Snowden,0,0,537.82685
HARS22_chips,28,182,14,13,Snowden,0,0,537.82685
HARS22_chips,42,182,14,13,Snowden,11.411,0.00553077831864357,537.82685
HARS22_chips,50,182,14,13,Snowden,41.537,0.0725774765014648,537.82685
HARS22_chips,62,182,14,13,Snowden,68.09,0.924950897693634,537.82685
HARS22_chips,77,182,14,13,Snowden,99.988,0.760749816894531,537.82685
HARS22_chips,84,182,14,13,Snowden,99.31,0.600047290325165,537.82685
HARS22_chips,96,182,14,13,Snowden,99.148,0.461746692657471,537.82685
HARS22_chips,105,182,14,13,Snowden,97.279,0.363846033811569,537.82685
HARS22_chips,0,183,14,14,FILL,0,0,
HARS22_chips,28,183,14,14,FILL,0,0,
HARS22_chips,42,183,14,14,FILL,18.97,0.009861352853477,
HARS22_chips,50,183,14,14,FILL,53.192,0.161843553185463,
HARS22_chips,62,183,14,14,FILL,83.374,0.733787477016449,
HARS22_chips,77,183,14,14,FILL,99.859,0.459278255701065,
HARS22_chips,84,183,14,14,FILL,99.487,0.378334581851959,
HARS22_chips,96,183,14,14,FILL,87.594,0.312069654464722,
HARS22_chips,105,183,14,14,FILL,52.912,0.257303684949875,
HARS22_chips,0,184,13,14,W19ND1810Y-5,0,0,381.25285
HARS22_chips,28,184,13,14,W19ND1810Y-5,0,0,381.25285
HARS22_chips,42,184,13,14,W19ND1810Y-5,10.594,0.0101555921137333,381.25285
HARS22_chips,50,184,13,14,W19ND1810Y-5,44.365,0.119083814322948,381.25285
HARS22_chips,62,184,13,14,W19ND1810Y-5,77.471,0.862537741661072,381.25285
HARS22_chips,77,184,13,14,W19ND1810Y-5,99.04,0.559277474880219,381.25285
HARS22_chips,84,184,13,14,W19ND1810Y-5,95.988,0.350831151008606,381.25285
HARS22_chips,96,184,13,14,W19ND1810Y-5,89.432,0.240641996264458,381.25285
HARS22_chips,105,184,13,14,W19ND1810Y-5,78.202,0.163706168532372,381.25285
HARS22_chips,0,185,12,14,ND1789-1,0,0,610.46315
HARS22_chips,28,185,12,14,ND1789-1,0.02,0,610.46315
HARS22_chips,42,185,12,14,ND1789-1,16.832,-0.0172074753791094,610.46315
HARS22_chips,50,185,12,14,ND1789-1,54.36,0.141646474599838,610.46315
HARS22_chips,62,185,12,14,ND1789-1,89.494,0.850669980049133,610.46315
HARS22_chips,77,185,12,14,ND1789-1,99.964,0.585770606994629,610.46315
HARS22_chips,84,185,12,14,ND1789-1,99.86,0.389913856983185,610.46315
HARS22_chips,96,185,12,14,ND1789-1,97.58,0.218208581209183,610.46315
HARS22_chips,105,185,12,14,ND1789-1,88.039,0.164562866091728,610.46315
HARS22_chips,0,186,11,14,W19024-16,0,0,500.86135
HARS22_chips,28,186,11,14,W19024-16,0,0,500.86135
HARS22_chips,42,186,11,14,W19024-16,8.392,0.00827266555279493,500.86135
HARS22_chips,50,186,11,14,W19024-16,37.975,0.0878118798136711,500.86135
HARS22_chips,62,186,11,14,W19024-16,77.125,0.886350035667419,500.86135
HARS22_chips,77,186,11,14,W19024-16,99.98,0.680767834186554,500.86135
HARS22_chips,84,186,11,14,W19024-16,99.603,0.554741680622101,500.86135
HARS22_chips,96,186,11,14,W19024-16,98.052,0.382000535726547,500.86135
HARS22_chips,105,186,11,14,W19024-16,94.039,0.290221661329269,500.86135
HARS22_chips,0,187,10,14,W19003-3,0,0,414.5944
HARS22_chips,28,187,10,14,W19003-3,0,0,414.5944
HARS22_chips,42,187,10,14,W19003-3,9.65,0.00488882791250944,414.5944
HARS22_chips,50,187,10,14,W19003-3,41.988,0.0586914047598839,414.5944
HARS22_chips,62,187,10,14,W19003-3,75.722,0.815983891487122,414.5944
HARS22_chips,77,187,10,14,W19003-3,99.976,0.652641773223877,414.5944
HARS22_chips,84,187,10,14,W19003-3,100.012,0.592681646347046,414.5944
HARS22_chips,96,187,10,14,W19003-3,99.905,0.423689723014832,414.5944
HARS22_chips,105,187,10,14,W19003-3,99.988,0.300857961177826,414.5944
HARS22_chips,0,188,9,14,W19012-24,0,0,463.15775
HARS22_chips,28,188,9,14,W19012-24,0,0,463.15775
HARS22_chips,42,188,9,14,W19012-24,23.3,0.0247458461672068,463.15775
HARS22_chips,50,188,9,14,W19012-24,62.632,0.153429642319679,463.15775
HARS22_chips,62,188,9,14,W19012-24,90.208,0.851676464080811,463.15775
HARS22_chips,77,188,9,14,W19012-24,99.859,0.638764619827271,463.15775
HARS22_chips,84,188,9,14,W19012-24,100.012,0.549997925758362,463.15775
HARS22_chips,96,188,9,14,W19012-24,99.384,0.380967795848846,463.15775
HARS22_chips,105,188,9,14,W19012-24,97.271,0.259991466999054,463.15775
HARS22_chips,0,189,8,14,W19022-2,0,0,379.6738
HARS22_chips,28,189,8,14,W19022-2,0,0,379.6738
HARS22_chips,42,189,8,14,W19022-2,4.75,0.00134360638912767,379.6738
HARS22_chips,50,189,8,14,W19022-2,30.841,0.0231025274842978,379.6738
HARS22_chips,62,189,8,14,W19022-2,71.873,0.688614845275879,379.6738
HARS22_chips,77,189,8,14,W19022-2,99.645,0.712956309318542,379.6738
HARS22_chips,84,189,8,14,W19022-2,100.012,0.627829074859619,379.6738
HARS22_chips,96,189,8,14,W19022-2,99.359,0.408541053533554,379.6738
HARS22_chips,105,189,8,14,W19022-2,98.102,0.27376914024353,379.6738
HARS22_chips,0,190,7,14,W19018-3,0,0,469.00205
HARS22_chips,28,190,7,14,W19018-3,0,0,469.00205
HARS22_chips,42,190,7,14,W19018-3,28.288,0.0318637490272522,469.00205
HARS22_chips,50,190,7,14,W19018-3,61.307,0.16597718000412,469.00205
HARS22_chips,62,190,7,14,W19018-3,92.257,0.806964039802551,469.00205
HARS22_chips,77,190,7,14,W19018-3,99.835,0.55193954706192,469.00205
HARS22_chips,84,190,7,14,W19018-3,99.916,0.46341860294342,469.00205
HARS22_chips,96,190,7,14,W19018-3,98.929,0.384508281946182,469.00205
HARS22_chips,105,190,7,14,W19018-3,98.283,0.288490384817123,469.00205
HARS22_chips,0,191,6,14,W19027-37,0,0,639.17645
HARS22_chips,28,191,6,14,W19027-37,0,0,639.17645
HARS22_chips,42,191,6,14,W19027-37,14.826,0.016301678493619,639.17645
HARS22_chips,50,191,6,14,W19027-37,50.419,0.104828044772148,639.17645
HARS22_chips,62,191,6,14,W19027-37,82.451,0.760610401630402,639.17645
HARS22_chips,77,191,6,14,W19027-37,99.956,0.513809680938721,639.17645
HARS22_chips,84,191,6,14,W19027-37,100.008,0.439588606357574,639.17645
HARS22_chips,96,191,6,14,W19027-37,99.686,0.350561261177063,639.17645
HARS22_chips,105,191,6,14,W19027-37,92.559,0.26184943318367,639.17645
HARS22_chips,0,192,5,14,W19002-7,0,0,510.2086
HARS22_chips,28,192,5,14,W19002-7,0,0,510.2086
HARS22_chips,42,192,5,14,W19002-7,14.014,0.00636964105069637,510.2086
HARS22_chips,50,192,5,14,W19002-7,45.998,0.0794546082615852,510.2086
HARS22_chips,62,192,5,14,W19002-7,81.034,0.760180354118347,510.2086
HARS22_chips,77,192,5,14,W19002-7,99.661,0.559307157993317,510.2086
HARS22_chips,84,192,5,14,W19002-7,100.016,0.505853354930878,510.2086
HARS22_chips,96,192,5,14,W19002-7,98.681,0.361465185880661,510.2086
HARS22_chips,105,192,5,14,W19002-7,92.371,0.253457427024841,510.2086
HARS22_chips,0,193,4,14,Pike,0,0,413.14845
HARS22_chips,28,193,4,14,Pike,0,0,413.14845
HARS22_chips,42,193,4,14,Pike,4.247,0.00478152045980096,413.14845
HARS22_chips,50,193,4,14,Pike,23,0.0111205810680985,413.14845
HARS22_chips,62,193,4,14,Pike,52.778,0.663778722286224,413.14845
HARS22_chips,77,193,4,14,Pike,98.621,0.57352077960968,413.14845
HARS22_chips,84,193,4,14,Pike,100.024,0.51119726896286,413.14845
HARS22_chips,96,193,4,14,Pike,99.942,0.396226912736893,413.14845
HARS22_chips,105,193,4,14,Pike,99.94,0.28542160987854,413.14845
HARS22_chips,0,194,3,14,Lamoka,0,0,462.8855
HARS22_chips,28,194,3,14,Lamoka,0,0,462.8855
HARS22_chips,42,194,3,14,Lamoka,16.398,0.011081587523222,462.8855
HARS22_chips,50,194,3,14,Lamoka,51.54,0.0679314509034157,462.8855
HARS22_chips,62,194,3,14,Lamoka,87.153,0.995487868785858,462.8855
HARS22_chips,77,194,3,14,Lamoka,99.419,0.645083665847778,462.8855
HARS22_chips,84,194,3,14,Lamoka,100.012,0.607106328010559,462.8855
HARS22_chips,96,194,3,14,Lamoka,97.555,0.459407418966293,462.8855
HARS22_chips,105,194,3,14,Lamoka,93.346,0.324802309274673,462.8855
HARS22_chips,0,195,2,14,Hodag,0,0,676.5473
HARS22_chips,28,195,2,14,Hodag,0,0,676.5473
HARS22_chips,42,195,2,14,Hodag,20.013,0.0143570732325315,676.5473
HARS22_chips,50,195,2,14,Hodag,56.402,0.143496453762054,676.5473
HARS22_chips,62,195,2,14,Hodag,83.702,0.976583182811737,676.5473
HARS22_chips,77,195,2,14,Hodag,99.972,0.67639422416687,676.5473
HARS22_chips,84,195,2,14,Hodag,100,0.626762568950653,676.5473
HARS22_chips,96,195,2,14,Hodag,99.247,0.523413777351379,676.5473
HARS22_chips,105,195,2,14,Hodag,96.268,0.376235842704773,676.5473
HARS22_chips,0,196,1,14,MSGG349-3,0,0,465.5838
HARS22_chips,28,196,1,14,MSGG349-3,0,0,465.5838
HARS22_chips,42,196,1,14,MSGG349-3,7.956,0.00323467794805765,465.5838
HARS22_chips,50,196,1,14,MSGG349-3,37.549,0.0180932693183422,465.5838
HARS22_chips,62,196,1,14,MSGG349-3,69.748,0.709891259670258,465.5838
HARS22_chips,77,196,1,14,MSGG349-3,99.56,0.534420728683472,465.5838
HARS22_chips,84,196,1,14,MSGG349-3,99.795,0.427789151668549,465.5838
HARS22_chips,96,196,1,14,MSGG349-3,97.369,0.306811511516571,465.5838
HARS22_chips,105,196,1,14,MSGG349-3,94.853,0.223956808447838,465.5838
