location,Year,sowing_date,harvest_date,plot.UID,time_since_sowing,Canopy_cover
Eschikon,2022,2022-04-21,2022-09-23,FPSB0160001,0,0
Eschikon,2022,2022-04-21,2022-09-23,FPSB0160001,22,0.0204171646907289
Eschikon,2022,2022-04-21,2022-09-23,FPSB0160001,25,0.0456814953869796
Eschikon,2022,2022-04-21,2022-09-23,FPSB0160001,29,0.065910741700796
Eschikon,2022,2022-04-21,2022-09-23,FPSB0160001,34,0.131715128492619
Eschikon,2022,2022-04-21,2022-09-23,FPSB0160001,40,0.17622921596549
Eschikon,2022,2022-04-21,2022-09-23,FPSB0160001,43,0.202413034876805
Eschikon,2022,2022-04-21,2022-09-23,FPSB0160001,47,0.33946739685072
Eschikon,2022,2022-04-21,2022-09-23,FPSB0160001,48,0.407914160503444
Eschikon,2022,2022-04-21,2022-09-23,FPSB0160001,53,0.54428785105993
Eschikon,2022,2022-04-21,2022-09-23,FPSB0160001,57,0.57740752939215
Eschikon,2022,2022-04-21,2022-09-23,FPSB0160001,60,0.634883784184273
Eschikon,2022,2022-04-21,2022-09-23,FPSB0160001,63,0.81519214501056
Eschikon,2022,2022-04-21,2022-09-23,FPSB0160001,66,0.805363576594346
Eschikon,2022,2022-04-21,2022-09-23,FPSB0160001,69,0.929383519614289
Eschikon,2022,2022-04-21,2022-09-23,FPSB0160001,71,0.811847468770546
Eschikon,2022,2022-04-21,2022-09-23,FPSB0160001,78,0.900448060486522
Eschikon,2022,2022-04-21,2022-09-23,FPSB0160001,81,0.918052377821609
Eschikon,2022,2022-04-21,2022-09-23,FPSB0160001,85,0.912161735700197
Eschikon,2022,2022-04-21,2022-09-23,FPSB0160001,88,0.907625904010519
Eschikon,2022,2022-04-21,2022-09-23,FPSB0160001,95,0.922082292351523
Eschikon,2022,2022-04-21,2022-09-23,FPSB0160001,95,0.874204251588867
Eschikon,2022,2022-04-21,2022-09-23,FPSB0160001,103,0.828212579443349
Eschikon,2022,2022-04-21,2022-09-23,FPSB0160001,109,0.736609357878589
Eschikon,2022,2022-04-21,2022-09-23,FPSB0160001,109,0.587394258163489
Eschikon,2022,2022-04-21,2022-09-23,FPSB0160001,117,0.0346917598071444
Eschikon,2022,2022-04-21,2022-09-23,FPSB0160001,117,0.0255872233179925
Eschikon,2022,2022-04-21,2022-09-23,FPSB0160001,124,0.00612568485645409
Eschikon,2022,2022-04-21,2022-09-23,FPSB0160001,126,0.00412941047556432
Eschikon,2022,2022-04-21,2022-09-23,FPSB0160001,131,0.00327744904667982
Eschikon,2022,2022-04-21,2022-09-23,FPSB0160001,137,0.00820644312952005
Eschikon,2022,2022-04-21,2022-09-23,FPSB0160001,145,0.0102790927021696
Eschikon,2022,2022-04-21,2022-09-23,FPSB0160001,151,0.016901033575402
Eschikon,2022,2022-04-21,2022-09-23,FPSB0160002,0,0
Eschikon,2022,2022-04-21,2022-09-23,FPSB0160002,22,0.022160253660689
Eschikon,2022,2022-04-21,2022-09-23,FPSB0160002,25,0.0484700320597582
Eschikon,2022,2022-04-21,2022-09-23,FPSB0160002,29,0.0547307637570373
Eschikon,2022,2022-04-21,2022-09-23,FPSB0160002,34,0.129817693138762
Eschikon,2022,2022-04-21,2022-09-23,FPSB0160002,40,0.212234696330773
Eschikon,2022,2022-04-21,2022-09-23,FPSB0160002,43,0.235257461763923
Eschikon,2022,2022-04-21,2022-09-23,FPSB0160002,47,0.4060401298973
Eschikon,2022,2022-04-21,2022-09-23,FPSB0160002,48,0.454922300797121
Eschikon,2022,2022-04-21,2022-09-23,FPSB0160002,53,0.634752141447569
Eschikon,2022,2022-04-21,2022-09-23,FPSB0160002,57,0.562181873303762
Eschikon,2022,2022-04-21,2022-09-23,FPSB0160002,60,0.633691806633304
Eschikon,2022,2022-04-21,2022-09-23,FPSB0160002,63,0.786129792734537
Eschikon,2022,2022-04-21,2022-09-23,FPSB0160002,66,0.802707667921655
Eschikon,2022,2022-04-21,2022-09-23,FPSB0160002,69,0.924371068247199
Eschikon,2022,2022-04-21,2022-09-23,FPSB0160002,71,0.733163473681915
Eschikon,2022,2022-04-21,2022-09-23,FPSB0160002,78,0.871617428680755
Eschikon,2022,2022-04-21,2022-09-23,FPSB0160002,81,0.864606071330149
Eschikon,2022,2022-04-21,2022-09-23,FPSB0160002,85,0.87544992733754
Eschikon,2022,2022-04-21,2022-09-23,FPSB0160002,88,0.828359969626497
Eschikon,2022,2022-04-21,2022-09-23,FPSB0160002,95,0.866523250004461
Eschikon,2022,2022-04-21,2022-09-23,FPSB0160002,95,0.805763481215812
Eschikon,2022,2022-04-21,2022-09-23,FPSB0160002,103,0.805898670068816
Eschikon,2022,2022-04-21,2022-09-23,FPSB0160002,109,0.880097276496024
Eschikon,2022,2022-04-21,2022-09-23,FPSB0160002,109,0.791228139305732
Eschikon,2022,2022-04-21,2022-09-23,FPSB0160002,117,0.238064844058233
Eschikon,2022,2022-04-21,2022-09-23,FPSB0160002,117,0.198836161518834
Eschikon,2022,2022-04-21,2022-09-23,FPSB0160002,124,0.0323557357743161
Eschikon,2022,2022-04-21,2022-09-23,FPSB0160002,126,0.0153975270972487
Eschikon,2022,2022-04-21,2022-09-23,FPSB0160002,131,0.0153135142261795
Eschikon,2022,2022-04-21,2022-09-23,FPSB0160002,137,0.0297937149450719
Eschikon,2022,2022-04-21,2022-09-23,FPSB0160002,145,0.0325712201147135
Eschikon,2022,2022-04-21,2022-09-23,FPSB0160002,151,0.053031435024442
Eschikon,2022,2022-04-21,2022-09-23,FPSB0160003,0,0
Eschikon,2022,2022-04-21,2022-09-23,FPSB0160003,22,0.0240600199322266
Eschikon,2022,2022-04-21,2022-09-23,FPSB0160003,25,0.0554343665760371
Eschikon,2022,2022-04-21,2022-09-23,FPSB0160003,29,0.0746655531368743
Eschikon,2022,2022-04-21,2022-09-23,FPSB0160003,34,0.185062526703808
Eschikon,2022,2022-04-21,2022-09-23,FPSB0160003,40,0.261261882766468
Eschikon,2022,2022-04-21,2022-09-23,FPSB0160003,43,0.301592041006662
Eschikon,2022,2022-04-21,2022-09-23,FPSB0160003,47,0.49395131628318
Eschikon,2022,2022-04-21,2022-09-23,FPSB0160003,48,0.529228338415026
Eschikon,2022,2022-04-21,2022-09-23,FPSB0160003,53,0.720712649346563
Eschikon,2022,2022-04-21,2022-09-23,FPSB0160003,57,0.533072861856561
Eschikon,2022,2022-04-21,2022-09-23,FPSB0160003,60,0.595397322246142
Eschikon,2022,2022-04-21,2022-09-23,FPSB0160003,63,0.67818161411752
Eschikon,2022,2022-04-21,2022-09-23,FPSB0160003,66,0.761296125824922
Eschikon,2022,2022-04-21,2022-09-23,FPSB0160003,69,0.893631855346515
Eschikon,2022,2022-04-21,2022-09-23,FPSB0160003,71,0.761150591674936
Eschikon,2022,2022-04-21,2022-09-23,FPSB0160003,78,0.875905918883447
Eschikon,2022,2022-04-21,2022-09-23,FPSB0160003,81,0.883415762348347
Eschikon,2022,2022-04-21,2022-09-23,FPSB0160003,85,0.869175416413244
Eschikon,2022,2022-04-21,2022-09-23,FPSB0160003,88,0.854359401175881
Eschikon,2022,2022-04-21,2022-09-23,FPSB0160003,95,0.866799913569577
Eschikon,2022,2022-04-21,2022-09-23,FPSB0160003,95,0.784498410107024
Eschikon,2022,2022-04-21,2022-09-23,FPSB0160003,103,0.735859155756159
Eschikon,2022,2022-04-21,2022-09-23,FPSB0160003,109,0.622697722931805
Eschikon,2022,2022-04-21,2022-09-23,FPSB0160003,109,0.487242709433721
Eschikon,2022,2022-04-21,2022-09-23,FPSB0160003,117,0.0421593734327817
Eschikon,2022,2022-04-21,2022-09-23,FPSB0160003,117,0.0321611874046331
Eschikon,2022,2022-04-21,2022-09-23,FPSB0160003,124,0.0557748327411249
Eschikon,2022,2022-04-21,2022-09-23,FPSB0160003,126,0.0432660296424341
Eschikon,2022,2022-04-21,2022-09-23,FPSB0160003,131,0.0421535047003212
Eschikon,2022,2022-04-21,2022-09-23,FPSB0160003,137,NA
Eschikon,2022,2022-04-21,2022-09-23,FPSB0160003,145,NA
Eschikon,2022,2022-04-21,2022-09-23,FPSB0160003,151,NA
Eschikon,2022,2022-04-21,2022-09-23,FPSB0160004,0,0
Eschikon,2022,2022-04-21,2022-09-23,FPSB0160004,22,0.0227722477572936
Eschikon,2022,2022-04-21,2022-09-23,FPSB0160004,25,0.0443016879364197
Eschikon,2022,2022-04-21,2022-09-23,FPSB0160004,29,0.0592758387721143
Eschikon,2022,2022-04-21,2022-09-23,FPSB0160004,34,0.15185741506452
Eschikon,2022,2022-04-21,2022-09-23,FPSB0160004,40,0.220012427517759
Eschikon,2022,2022-04-21,2022-09-23,FPSB0160004,43,0.246986649176193
Eschikon,2022,2022-04-21,2022-09-23,FPSB0160004,47,0.428116245846262
Eschikon,2022,2022-04-21,2022-09-23,FPSB0160004,48,0.465086212637643
Eschikon,2022,2022-04-21,2022-09-23,FPSB0160004,53,0.604567487523195
Eschikon,2022,2022-04-21,2022-09-23,FPSB0160004,57,0.439706860010181
Eschikon,2022,2022-04-21,2022-09-23,FPSB0160004,60,0.500029994300076
Eschikon,2022,2022-04-21,2022-09-23,FPSB0160004,63,0.615326464218321
Eschikon,2022,2022-04-21,2022-09-23,FPSB0160004,66,0.691190817129746
Eschikon,2022,2022-04-21,2022-09-23,FPSB0160004,69,0.853854504532166
Eschikon,2022,2022-04-21,2022-09-23,FPSB0160004,71,0.770356827575137
Eschikon,2022,2022-04-21,2022-09-23,FPSB0160004,78,0.871616092566797
Eschikon,2022,2022-04-21,2022-09-23,FPSB0160004,81,0.899305854118061
Eschikon,2022,2022-04-21,2022-09-23,FPSB0160004,85,0.881994005820297
Eschikon,2022,2022-04-21,2022-09-23,FPSB0160004,88,0.857137602442767
Eschikon,2022,2022-04-21,2022-09-23,FPSB0160004,95,0.878766664564787
Eschikon,2022,2022-04-21,2022-09-23,FPSB0160004,95,0.836673172940779
Eschikon,2022,2022-04-21,2022-09-23,FPSB0160004,103,0.814895426691201
Eschikon,2022,2022-04-21,2022-09-23,FPSB0160004,109,0.791828248694446
Eschikon,2022,2022-04-21,2022-09-23,FPSB0160004,109,0.675178564263071
Eschikon,2022,2022-04-21,2022-09-23,FPSB0160004,117,0.0881631192664056
Eschikon,2022,2022-04-21,2022-09-23,FPSB0160004,117,0.0648148148148148
Eschikon,2022,2022-04-21,2022-09-23,FPSB0160004,124,0.0479202374742281
Eschikon,2022,2022-04-21,2022-09-23,FPSB0160004,126,0.0394989834543825
Eschikon,2022,2022-04-21,2022-09-23,FPSB0160004,131,0.0435728091244523
Eschikon,2022,2022-04-21,2022-09-23,FPSB0160004,137,NA
Eschikon,2022,2022-04-21,2022-09-23,FPSB0160004,145,NA
Eschikon,2022,2022-04-21,2022-09-23,FPSB0160004,151,NA
Eschikon,2022,2022-04-21,2022-09-23,FPSB0160005,0,0
Eschikon,2022,2022-04-21,2022-09-23,FPSB0160005,22,0.027841917201148
Eschikon,2022,2022-04-21,2022-09-23,FPSB0160005,25,0.048946847788146
Eschikon,2022,2022-04-21,2022-09-23,FPSB0160005,29,0.0601888101664317
Eschikon,2022,2022-04-21,2022-09-23,FPSB0160005,34,0.147420608038019
Eschikon,2022,2022-04-21,2022-09-23,FPSB0160005,40,0.247168670176562
Eschikon,2022,2022-04-21,2022-09-23,FPSB0160005,43,0.255049188444668
Eschikon,2022,2022-04-21,2022-09-23,FPSB0160005,47,0.440335773100368
Eschikon,2022,2022-04-21,2022-09-23,FPSB0160005,48,0.477775051145005
Eschikon,2022,2022-04-21,2022-09-23,FPSB0160005,53,0.634415347520101
Eschikon,2022,2022-04-21,2022-09-23,FPSB0160005,57,0.482854309185701
Eschikon,2022,2022-04-21,2022-09-23,FPSB0160005,60,0.589065900427922
Eschikon,2022,2022-04-21,2022-09-23,FPSB0160005,63,0.73641845935911
Eschikon,2022,2022-04-21,2022-09-23,FPSB0160005,66,0.75685506505483
Eschikon,2022,2022-04-21,2022-09-23,FPSB0160005,69,0.92239293407198
Eschikon,2022,2022-04-21,2022-09-23,FPSB0160005,71,0.764328005948118
Eschikon,2022,2022-04-21,2022-09-23,FPSB0160005,78,0.89217047177941
Eschikon,2022,2022-04-21,2022-09-23,FPSB0160005,81,0.899254041013818
Eschikon,2022,2022-04-21,2022-09-23,FPSB0160005,85,0.884046095638274
Eschikon,2022,2022-04-21,2022-09-23,FPSB0160005,88,0.852897064140081
Eschikon,2022,2022-04-21,2022-09-23,FPSB0160005,95,0.869438845346667
Eschikon,2022,2022-04-21,2022-09-23,FPSB0160005,95,0.804620477804835
Eschikon,2022,2022-04-21,2022-09-23,FPSB0160005,103,0.781616428264473
Eschikon,2022,2022-04-21,2022-09-23,FPSB0160005,109,0.832290394790395
Eschikon,2022,2022-04-21,2022-09-23,FPSB0160005,109,0.743740663433401
Eschikon,2022,2022-04-21,2022-09-23,FPSB0160005,117,0.240981189305212
Eschikon,2022,2022-04-21,2022-09-23,FPSB0160005,117,0.164883339813507
Eschikon,2022,2022-04-21,2022-09-23,FPSB0160005,124,0.0268409947180897
Eschikon,2022,2022-04-21,2022-09-23,FPSB0160005,126,0.00905774858288825
Eschikon,2022,2022-04-21,2022-09-23,FPSB0160005,131,0.017451137213707
Eschikon,2022,2022-04-21,2022-09-23,FPSB0160005,137,0.0469251289782016
Eschikon,2022,2022-04-21,2022-09-23,FPSB0160005,145,NA
Eschikon,2022,2022-04-21,2022-09-23,FPSB0160005,151,NA
Eschikon,2022,2022-04-21,2022-09-23,FPSB0160006,0,0
Eschikon,2022,2022-04-21,2022-09-23,FPSB0160006,22,0.0190478843663681
Eschikon,2022,2022-04-21,2022-09-23,FPSB0160006,25,0.0300831795571827
Eschikon,2022,2022-04-21,2022-09-23,FPSB0160006,29,0.0402298092690805
Eschikon,2022,2022-04-21,2022-09-23,FPSB0160006,34,0.104628203963522
Eschikon,2022,2022-04-21,2022-09-23,FPSB0160006,40,0.15003489254559
Eschikon,2022,2022-04-21,2022-09-23,FPSB0160006,43,0.162600676012315
Eschikon,2022,2022-04-21,2022-09-23,FPSB0160006,47,0.265583268743901
Eschikon,2022,2022-04-21,2022-09-23,FPSB0160006,48,0.274661001297593
Eschikon,2022,2022-04-21,2022-09-23,FPSB0160006,53,0.318245179358946
Eschikon,2022,2022-04-21,2022-09-23,FPSB0160006,57,0.33746528708468
Eschikon,2022,2022-04-21,2022-09-23,FPSB0160006,60,0.467430395510525
Eschikon,2022,2022-04-21,2022-09-23,FPSB0160006,63,0.672599534174196
Eschikon,2022,2022-04-21,2022-09-23,FPSB0160006,66,NA
Eschikon,2022,2022-04-21,2022-09-23,FPSB0160006,69,0.827571576799972
Eschikon,2022,2022-04-21,2022-09-23,FPSB0160006,71,0.88141219025722
Eschikon,2022,2022-04-21,2022-09-23,FPSB0160006,78,0.925029662237265
Eschikon,2022,2022-04-21,2022-09-23,FPSB0160006,81,0.921536390834636
Eschikon,2022,2022-04-21,2022-09-23,FPSB0160006,85,0.926518278126465
Eschikon,2022,2022-04-21,2022-09-23,FPSB0160006,88,0.928200724984351
Eschikon,2022,2022-04-21,2022-09-23,FPSB0160006,95,0.920847792558319
Eschikon,2022,2022-04-21,2022-09-23,FPSB0160006,95,0.916534123770966
Eschikon,2022,2022-04-21,2022-09-23,FPSB0160006,103,0.912651107826546
Eschikon,2022,2022-04-21,2022-09-23,FPSB0160006,109,0.924356981009028
Eschikon,2022,2022-04-21,2022-09-23,FPSB0160006,109,0.875772794997941
Eschikon,2022,2022-04-21,2022-09-23,FPSB0160006,117,0.436038606725741
Eschikon,2022,2022-04-21,2022-09-23,FPSB0160006,117,0.416872844504423
Eschikon,2022,2022-04-21,2022-09-23,FPSB0160006,124,0.14480467550643
Eschikon,2022,2022-04-21,2022-09-23,FPSB0160006,126,0.0559488702763557
Eschikon,2022,2022-04-21,2022-09-23,FPSB0160006,131,0.0131666714269053
Eschikon,2022,2022-04-21,2022-09-23,FPSB0160006,137,0.020024111105705
Eschikon,2022,2022-04-21,2022-09-23,FPSB0160006,145,0.0249927406360155
Eschikon,2022,2022-04-21,2022-09-23,FPSB0160006,151,0.0490768247547212
Eschikon,2022,2022-04-21,2022-09-23,FPSB0160007,0,0
Eschikon,2022,2022-04-21,2022-09-23,FPSB0160007,22,0.0217070281141304
Eschikon,2022,2022-04-21,2022-09-23,FPSB0160007,25,0.0450319890258132
Eschikon,2022,2022-04-21,2022-09-23,FPSB0160007,29,0.0697338550899325
Eschikon,2022,2022-04-21,2022-09-23,FPSB0160007,34,0.137089861936553
Eschikon,2022,2022-04-21,2022-09-23,FPSB0160007,40,0.187899317019165
Eschikon,2022,2022-04-21,2022-09-23,FPSB0160007,43,0.224624689515008
Eschikon,2022,2022-04-21,2022-09-23,FPSB0160007,47,0.37744332651011
Eschikon,2022,2022-04-21,2022-09-23,FPSB0160007,48,0.41608981986189
Eschikon,2022,2022-04-21,2022-09-23,FPSB0160007,53,0.508393657620574
Eschikon,2022,2022-04-21,2022-09-23,FPSB0160007,57,0.561024380857091
Eschikon,2022,2022-04-21,2022-09-23,FPSB0160007,60,0.679898853384709
Eschikon,2022,2022-04-21,2022-09-23,FPSB0160007,63,0.84339213912476
Eschikon,2022,2022-04-21,2022-09-23,FPSB0160007,66,0.836308922311973
Eschikon,2022,2022-04-21,2022-09-23,FPSB0160007,69,0.934698399038597
Eschikon,2022,2022-04-21,2022-09-23,FPSB0160007,71,0.88070402038391
Eschikon,2022,2022-04-21,2022-09-23,FPSB0160007,78,0.907093244976199
Eschikon,2022,2022-04-21,2022-09-23,FPSB0160007,81,0.902740570651018
Eschikon,2022,2022-04-21,2022-09-23,FPSB0160007,85,0.900313155321011
Eschikon,2022,2022-04-21,2022-09-23,FPSB0160007,88,0.910323690812693
Eschikon,2022,2022-04-21,2022-09-23,FPSB0160007,95,0.88834854629238
Eschikon,2022,2022-04-21,2022-09-23,FPSB0160007,95,0.819484169346699
Eschikon,2022,2022-04-21,2022-09-23,FPSB0160007,103,0.790605983801192
Eschikon,2022,2022-04-21,2022-09-23,FPSB0160007,109,0.770266973723376
Eschikon,2022,2022-04-21,2022-09-23,FPSB0160007,109,0.661689024513062
Eschikon,2022,2022-04-21,2022-09-23,FPSB0160007,117,0.0584326735642525
Eschikon,2022,2022-04-21,2022-09-23,FPSB0160007,117,0.0325513402398713
Eschikon,2022,2022-04-21,2022-09-23,FPSB0160007,124,0.0359110318851089
Eschikon,2022,2022-04-21,2022-09-23,FPSB0160007,126,0.0294021626012985
Eschikon,2022,2022-04-21,2022-09-23,FPSB0160007,131,0.0173926532430067
Eschikon,2022,2022-04-21,2022-09-23,FPSB0160007,137,0.0110894731147896
Eschikon,2022,2022-04-21,2022-09-23,FPSB0160007,145,0.0161821627355799
Eschikon,2022,2022-04-21,2022-09-23,FPSB0160007,151,0.0291130380486233
Eschikon,2022,2022-04-21,2022-09-23,FPSB0160008,0,0
Eschikon,2022,2022-04-21,2022-09-23,FPSB0160008,22,0.0213348167268693
Eschikon,2022,2022-04-21,2022-09-23,FPSB0160008,25,0.042116743175406
Eschikon,2022,2022-04-21,2022-09-23,FPSB0160008,29,0.0537775358105077
Eschikon,2022,2022-04-21,2022-09-23,FPSB0160008,34,0.125588582859868
Eschikon,2022,2022-04-21,2022-09-23,FPSB0160008,40,0.197178467148446
Eschikon,2022,2022-04-21,2022-09-23,FPSB0160008,43,0.191068915517475
Eschikon,2022,2022-04-21,2022-09-23,FPSB0160008,47,0.31230621854884
Eschikon,2022,2022-04-21,2022-09-23,FPSB0160008,48,0.340744407075158
Eschikon,2022,2022-04-21,2022-09-23,FPSB0160008,53,0.44338231188429
Eschikon,2022,2022-04-21,2022-09-23,FPSB0160008,57,0.474491388925201
Eschikon,2022,2022-04-21,2022-09-23,FPSB0160008,60,0.59081653891004
Eschikon,2022,2022-04-21,2022-09-23,FPSB0160008,63,0.774219072944449
Eschikon,2022,2022-04-21,2022-09-23,FPSB0160008,66,0.785260339141348
Eschikon,2022,2022-04-21,2022-09-23,FPSB0160008,69,0.917762965881563
Eschikon,2022,2022-04-21,2022-09-23,FPSB0160008,71,0.831555264516158
Eschikon,2022,2022-04-21,2022-09-23,FPSB0160008,78,0.90980606657981
Eschikon,2022,2022-04-21,2022-09-23,FPSB0160008,81,0.912538966309916
Eschikon,2022,2022-04-21,2022-09-23,FPSB0160008,85,0.900787966430425
Eschikon,2022,2022-04-21,2022-09-23,FPSB0160008,88,0.894064785824562
Eschikon,2022,2022-04-21,2022-09-23,FPSB0160008,95,0.871127243333947
Eschikon,2022,2022-04-21,2022-09-23,FPSB0160008,95,0.856414405995412
Eschikon,2022,2022-04-21,2022-09-23,FPSB0160008,103,0.849082714306178
Eschikon,2022,2022-04-21,2022-09-23,FPSB0160008,109,0.875842280521052
Eschikon,2022,2022-04-21,2022-09-23,FPSB0160008,109,0.826491633754204
Eschikon,2022,2022-04-21,2022-09-23,FPSB0160008,117,0.354555903438585
Eschikon,2022,2022-04-21,2022-09-23,FPSB0160008,117,0.293342843273011
Eschikon,2022,2022-04-21,2022-09-23,FPSB0160008,124,0.063109932174178
Eschikon,2022,2022-04-21,2022-09-23,FPSB0160008,126,0.0370958701964289
Eschikon,2022,2022-04-21,2022-09-23,FPSB0160008,131,0.0159413703408117
Eschikon,2022,2022-04-21,2022-09-23,FPSB0160008,137,0.00846889719699482
Eschikon,2022,2022-04-21,2022-09-23,FPSB0160008,145,0.00501303992924105
Eschikon,2022,2022-04-21,2022-09-23,FPSB0160008,151,0.00867754055005051
Eschikon,2022,2022-04-21,2022-09-23,FPSB0160009,0,0
Eschikon,2022,2022-04-21,2022-09-23,FPSB0160009,22,0.012793894084288
Eschikon,2022,2022-04-21,2022-09-23,FPSB0160009,25,0.023874031223808
Eschikon,2022,2022-04-21,2022-09-23,FPSB0160009,29,0.0343228900950453
Eschikon,2022,2022-04-21,2022-09-23,FPSB0160009,34,0.0969439142873691
Eschikon,2022,2022-04-21,2022-09-23,FPSB0160009,40,0.149525075016277
Eschikon,2022,2022-04-21,2022-09-23,FPSB0160009,43,0.165594789935198
Eschikon,2022,2022-04-21,2022-09-23,FPSB0160009,47,0.298730381751355
Eschikon,2022,2022-04-21,2022-09-23,FPSB0160009,48,0.318309961193043
Eschikon,2022,2022-04-21,2022-09-23,FPSB0160009,53,0.389943604568674
Eschikon,2022,2022-04-21,2022-09-23,FPSB0160009,57,0.394727446758492
Eschikon,2022,2022-04-21,2022-09-23,FPSB0160009,60,0.527773018821267
Eschikon,2022,2022-04-21,2022-09-23,FPSB0160009,63,0.695896741048346
Eschikon,2022,2022-04-21,2022-09-23,FPSB0160009,66,0.709783493829416
Eschikon,2022,2022-04-21,2022-09-23,FPSB0160009,69,0.850658846007223
Eschikon,2022,2022-04-21,2022-09-23,FPSB0160009,71,0.753222977310788
Eschikon,2022,2022-04-21,2022-09-23,FPSB0160009,78,0.879897937385908
Eschikon,2022,2022-04-21,2022-09-23,FPSB0160009,81,0.895533896736784
Eschikon,2022,2022-04-21,2022-09-23,FPSB0160009,85,0.881697983993493
Eschikon,2022,2022-04-21,2022-09-23,FPSB0160009,88,0.871969364651803
Eschikon,2022,2022-04-21,2022-09-23,FPSB0160009,95,0.888138226901258
Eschikon,2022,2022-04-21,2022-09-23,FPSB0160009,95,0.855475077507956
Eschikon,2022,2022-04-21,2022-09-23,FPSB0160009,103,0.825868551760693
Eschikon,2022,2022-04-21,2022-09-23,FPSB0160009,109,0.813676041873716
Eschikon,2022,2022-04-21,2022-09-23,FPSB0160009,109,0.713100615265812
Eschikon,2022,2022-04-21,2022-09-23,FPSB0160009,117,0.200535701638348
Eschikon,2022,2022-04-21,2022-09-23,FPSB0160009,117,0.179105065833213
Eschikon,2022,2022-04-21,2022-09-23,FPSB0160009,124,0.06360878644359
Eschikon,2022,2022-04-21,2022-09-23,FPSB0160009,126,0.0200171294297196
Eschikon,2022,2022-04-21,2022-09-23,FPSB0160009,131,0.0106663399566367
Eschikon,2022,2022-04-21,2022-09-23,FPSB0160009,137,0.0119229546677099
Eschikon,2022,2022-04-21,2022-09-23,FPSB0160009,145,0.00553279437601811
Eschikon,2022,2022-04-21,2022-09-23,FPSB0160009,151,0.00859741442139197
Eschikon,2022,2022-04-21,2022-09-23,FPSB0160010,0,0
Eschikon,2022,2022-04-21,2022-09-23,FPSB0160010,22,0.0196304856196197
Eschikon,2022,2022-04-21,2022-09-23,FPSB0160010,25,0.0513335405980871
Eschikon,2022,2022-04-21,2022-09-23,FPSB0160010,29,0.0802478118096596
Eschikon,2022,2022-04-21,2022-09-23,FPSB0160010,34,0.138632220612515
Eschikon,2022,2022-04-21,2022-09-23,FPSB0160010,40,0.232267260166043
Eschikon,2022,2022-04-21,2022-09-23,FPSB0160010,43,0.244036808809736
Eschikon,2022,2022-04-21,2022-09-23,FPSB0160010,47,0.381252941830736
Eschikon,2022,2022-04-21,2022-09-23,FPSB0160010,48,0.414822031809779
Eschikon,2022,2022-04-21,2022-09-23,FPSB0160010,53,0.535598843894433
Eschikon,2022,2022-04-21,2022-09-23,FPSB0160010,57,0.552658230179505
Eschikon,2022,2022-04-21,2022-09-23,FPSB0160010,60,0.672663642743287
Eschikon,2022,2022-04-21,2022-09-23,FPSB0160010,63,0.856752331259674
Eschikon,2022,2022-04-21,2022-09-23,FPSB0160010,66,0.826495402499951
Eschikon,2022,2022-04-21,2022-09-23,FPSB0160010,69,0.93412355902879
Eschikon,2022,2022-04-21,2022-09-23,FPSB0160010,71,0.92745258995259
Eschikon,2022,2022-04-21,2022-09-23,FPSB0160010,78,0.913909513909514
Eschikon,2022,2022-04-21,2022-09-23,FPSB0160010,81,0.924337661837662
Eschikon,2022,2022-04-21,2022-09-23,FPSB0160010,85,0.896406708906709
Eschikon,2022,2022-04-21,2022-09-23,FPSB0160010,88,0.853724328724329
Eschikon,2022,2022-04-21,2022-09-23,FPSB0160010,95,0.863501413501414
Eschikon,2022,2022-04-21,2022-09-23,FPSB0160010,95,0.828682666182666
Eschikon,2022,2022-04-21,2022-09-23,FPSB0160010,103,0.761619174119174
Eschikon,2022,2022-04-21,2022-09-23,FPSB0160010,109,0.781279081279081
Eschikon,2022,2022-04-21,2022-09-23,FPSB0160010,109,0.662069074569075
Eschikon,2022,2022-04-21,2022-09-23,FPSB0160010,117,0.0240663740663741
Eschikon,2022,2022-04-21,2022-09-23,FPSB0160010,117,0.0182847682847683
Eschikon,2022,2022-04-21,2022-09-23,FPSB0160010,124,0.0137527637527638
Eschikon,2022,2022-04-21,2022-09-23,FPSB0160010,126,0.011955361955362
Eschikon,2022,2022-04-21,2022-09-23,FPSB0160010,131,0.0102566852566853
Eschikon,2022,2022-04-21,2022-09-23,FPSB0160010,137,0.0148768386686896
Eschikon,2022,2022-04-21,2022-09-23,FPSB0160010,145,0.0154860904860905
Eschikon,2022,2022-04-21,2022-09-23,FPSB0160010,151,0.0285281358222082
Eschikon,2022,2022-04-21,2022-09-23,FPSB0160011,0,0
Eschikon,2022,2022-04-21,2022-09-23,FPSB0160011,22,0.0203935921799888
Eschikon,2022,2022-04-21,2022-09-23,FPSB0160011,25,0.0508541979076494
Eschikon,2022,2022-04-21,2022-09-23,FPSB0160011,29,0.0809189161134406
Eschikon,2022,2022-04-21,2022-09-23,FPSB0160011,34,0.139978080524886
Eschikon,2022,2022-04-21,2022-09-23,FPSB0160011,40,0.201020322851245
Eschikon,2022,2022-04-21,2022-09-23,FPSB0160011,43,0.223985502298207
Eschikon,2022,2022-04-21,2022-09-23,FPSB0160011,47,0.355806206571943
Eschikon,2022,2022-04-21,2022-09-23,FPSB0160011,48,0.400383917097294
Eschikon,2022,2022-04-21,2022-09-23,FPSB0160011,53,0.525843579335573
Eschikon,2022,2022-04-21,2022-09-23,FPSB0160011,57,0.586877795752341
Eschikon,2022,2022-04-21,2022-09-23,FPSB0160011,60,0.736006543621026
Eschikon,2022,2022-04-21,2022-09-23,FPSB0160011,63,0.867366379818658
Eschikon,2022,2022-04-21,2022-09-23,FPSB0160011,66,0.839460405725466
Eschikon,2022,2022-04-21,2022-09-23,FPSB0160011,69,0.89292148483325
Eschikon,2022,2022-04-21,2022-09-23,FPSB0160011,71,0.845648536648537
Eschikon,2022,2022-04-21,2022-09-23,FPSB0160011,78,0.874833074333074
Eschikon,2022,2022-04-21,2022-09-23,FPSB0160011,81,0.894874773374773
Eschikon,2022,2022-04-21,2022-09-23,FPSB0160011,85,0.896008935508935
Eschikon,2022,2022-04-21,2022-09-23,FPSB0160011,88,0.900350945350945
Eschikon,2022,2022-04-21,2022-09-23,FPSB0160011,95,0.888937062937063
Eschikon,2022,2022-04-21,2022-09-23,FPSB0160011,95,0.829612794612795
Eschikon,2022,2022-04-21,2022-09-23,FPSB0160011,103,0.821562030562031
Eschikon,2022,2022-04-21,2022-09-23,FPSB0160011,109,0.754006863506864
Eschikon,2022,2022-04-21,2022-09-23,FPSB0160011,109,0.633990934990935
Eschikon,2022,2022-04-21,2022-09-23,FPSB0160011,117,0.0482466977466977
Eschikon,2022,2022-04-21,2022-09-23,FPSB0160011,117,0.0448536648536649
Eschikon,2022,2022-04-21,2022-09-23,FPSB0160011,124,0.0212525252525253
Eschikon,2022,2022-04-21,2022-09-23,FPSB0160011,126,0.0192714322714323
Eschikon,2022,2022-04-21,2022-09-23,FPSB0160011,131,0.0156719761719762
Eschikon,2022,2022-04-21,2022-09-23,FPSB0160011,137,0.0214957264957265
Eschikon,2022,2022-04-21,2022-09-23,FPSB0160011,145,0.012511137011137
Eschikon,2022,2022-04-21,2022-09-23,FPSB0160011,151,0.0190577497222377
Eschikon,2022,2022-04-21,2022-09-23,FPSB0160012,0,0
Eschikon,2022,2022-04-21,2022-09-23,FPSB0160012,22,0.0180532705956102
Eschikon,2022,2022-04-21,2022-09-23,FPSB0160012,25,0.0438338241023347
Eschikon,2022,2022-04-21,2022-09-23,FPSB0160012,29,0.066134757374305
Eschikon,2022,2022-04-21,2022-09-23,FPSB0160012,34,0.136410080002582
Eschikon,2022,2022-04-21,2022-09-23,FPSB0160012,40,0.191553239332978
Eschikon,2022,2022-04-21,2022-09-23,FPSB0160012,43,0.218206039254946
Eschikon,2022,2022-04-21,2022-09-23,FPSB0160012,47,0.322737535234482
Eschikon,2022,2022-04-21,2022-09-23,FPSB0160012,48,0.365841001220617
Eschikon,2022,2022-04-21,2022-09-23,FPSB0160012,53,0.481443277189707
Eschikon,2022,2022-04-21,2022-09-23,FPSB0160012,57,0.533317882069794
Eschikon,2022,2022-04-21,2022-09-23,FPSB0160012,60,0.723548693185924
Eschikon,2022,2022-04-21,2022-09-23,FPSB0160012,63,0.870548965873404
Eschikon,2022,2022-04-21,2022-09-23,FPSB0160012,66,0.851664365925534
Eschikon,2022,2022-04-21,2022-09-23,FPSB0160012,69,0.901856257526361
Eschikon,2022,2022-04-21,2022-09-23,FPSB0160012,71,0.853256373060537
Eschikon,2022,2022-04-21,2022-09-23,FPSB0160012,78,0.892653714460348
Eschikon,2022,2022-04-21,2022-09-23,FPSB0160012,81,0.906488945788522
Eschikon,2022,2022-04-21,2022-09-23,FPSB0160012,85,0.897521850062429
Eschikon,2022,2022-04-21,2022-09-23,FPSB0160012,88,0.897763371916512
Eschikon,2022,2022-04-21,2022-09-23,FPSB0160012,95,0.837008562087955
Eschikon,2022,2022-04-21,2022-09-23,FPSB0160012,95,NA
Eschikon,2022,2022-04-21,2022-09-23,FPSB0160012,103,0.619336802602505
Eschikon,2022,2022-04-21,2022-09-23,FPSB0160012,109,0.30924423011579
Eschikon,2022,2022-04-21,2022-09-23,FPSB0160012,109,0.23171885649832
Eschikon,2022,2022-04-21,2022-09-23,FPSB0160012,117,0.00817165694547487
Eschikon,2022,2022-04-21,2022-09-23,FPSB0160012,117,0.00802601499496348
Eschikon,2022,2022-04-21,2022-09-23,FPSB0160012,124,0.0124494337179588
Eschikon,2022,2022-04-21,2022-09-23,FPSB0160012,126,0.0143030699664433
Eschikon,2022,2022-04-21,2022-09-23,FPSB0160012,131,0.0112859317164187
Eschikon,2022,2022-04-21,2022-09-23,FPSB0160012,137,0.0198709708168745
Eschikon,2022,2022-04-21,2022-09-23,FPSB0160012,145,0.0128202614970434
Eschikon,2022,2022-04-21,2022-09-23,FPSB0160012,151,0.0215724662615389
Eschikon,2022,2022-04-21,2022-09-23,FPSB0160013,0,0
Eschikon,2022,2022-04-21,2022-09-23,FPSB0160013,22,0.0184163725761717
Eschikon,2022,2022-04-21,2022-09-23,FPSB0160013,25,0.0467162815404696
Eschikon,2022,2022-04-21,2022-09-23,FPSB0160013,29,0.073559259985502
Eschikon,2022,2022-04-21,2022-09-23,FPSB0160013,34,0.144940368718389
Eschikon,2022,2022-04-21,2022-09-23,FPSB0160013,40,0.210364594757291
Eschikon,2022,2022-04-21,2022-09-23,FPSB0160013,43,0.225836756398948
Eschikon,2022,2022-04-21,2022-09-23,FPSB0160013,47,0.354246537257243
Eschikon,2022,2022-04-21,2022-09-23,FPSB0160013,48,0.401503610572126
Eschikon,2022,2022-04-21,2022-09-23,FPSB0160013,53,0.545478068877315
Eschikon,2022,2022-04-21,2022-09-23,FPSB0160013,57,0.653289744902214
Eschikon,2022,2022-04-21,2022-09-23,FPSB0160013,60,0.790770274777742
Eschikon,2022,2022-04-21,2022-09-23,FPSB0160013,63,0.908141501117235
Eschikon,2022,2022-04-21,2022-09-23,FPSB0160013,66,0.857683129203748
Eschikon,2022,2022-04-21,2022-09-23,FPSB0160013,69,0.887469649797828
Eschikon,2022,2022-04-21,2022-09-23,FPSB0160013,71,0.83760372244452
Eschikon,2022,2022-04-21,2022-09-23,FPSB0160013,78,0.878892333012347
Eschikon,2022,2022-04-21,2022-09-23,FPSB0160013,81,0.887267384599435
Eschikon,2022,2022-04-21,2022-09-23,FPSB0160013,85,0.892249152177424
Eschikon,2022,2022-04-21,2022-09-23,FPSB0160013,88,0.899349853163709
Eschikon,2022,2022-04-21,2022-09-23,FPSB0160013,95,0.878066690391743
Eschikon,2022,2022-04-21,2022-09-23,FPSB0160013,95,0.836413232013302
Eschikon,2022,2022-04-21,2022-09-23,FPSB0160013,103,0.770994075708911
Eschikon,2022,2022-04-21,2022-09-23,FPSB0160013,109,0.573486803673998
Eschikon,2022,2022-04-21,2022-09-23,FPSB0160013,109,0.452699624585559
Eschikon,2022,2022-04-21,2022-09-23,FPSB0160013,117,0.0321914643555651
Eschikon,2022,2022-04-21,2022-09-23,FPSB0160013,117,0.0246075393906045
Eschikon,2022,2022-04-21,2022-09-23,FPSB0160013,124,0.0231677113675014
Eschikon,2022,2022-04-21,2022-09-23,FPSB0160013,126,0.019619915307459
Eschikon,2022,2022-04-21,2022-09-23,FPSB0160013,131,0.0200838252797665
Eschikon,2022,2022-04-21,2022-09-23,FPSB0160013,137,0.0281171991047549
Eschikon,2022,2022-04-21,2022-09-23,FPSB0160013,145,0.0162449484527861
Eschikon,2022,2022-04-21,2022-09-23,FPSB0160013,151,0.0289030990133159
Eschikon,2022,2022-04-21,2022-09-23,FPSB0160014,0,0
Eschikon,2022,2022-04-21,2022-09-23,FPSB0160014,22,0.0192329160517905
Eschikon,2022,2022-04-21,2022-09-23,FPSB0160014,25,0.0490503782043652
Eschikon,2022,2022-04-21,2022-09-23,FPSB0160014,29,0.0727806197001713
Eschikon,2022,2022-04-21,2022-09-23,FPSB0160014,34,0.145435861757726
Eschikon,2022,2022-04-21,2022-09-23,FPSB0160014,40,0.22406295343663
Eschikon,2022,2022-04-21,2022-09-23,FPSB0160014,43,0.249435166520337
Eschikon,2022,2022-04-21,2022-09-23,FPSB0160014,47,0.38135819478286
Eschikon,2022,2022-04-21,2022-09-23,FPSB0160014,48,0.446724020132922
Eschikon,2022,2022-04-21,2022-09-23,FPSB0160014,53,0.616498106367578
Eschikon,2022,2022-04-21,2022-09-23,FPSB0160014,57,0.655075565982362
Eschikon,2022,2022-04-21,2022-09-23,FPSB0160014,60,0.783201078264731
Eschikon,2022,2022-04-21,2022-09-23,FPSB0160014,63,0.879972553302484
Eschikon,2022,2022-04-21,2022-09-23,FPSB0160014,66,0.863351390954466
Eschikon,2022,2022-04-21,2022-09-23,FPSB0160014,69,0.922123273625719
Eschikon,2022,2022-04-21,2022-09-23,FPSB0160014,71,0.881765118014231
Eschikon,2022,2022-04-21,2022-09-23,FPSB0160014,78,0.871449109206384
Eschikon,2022,2022-04-21,2022-09-23,FPSB0160014,81,0.888104225178391
Eschikon,2022,2022-04-21,2022-09-23,FPSB0160014,85,0.851314125311641
Eschikon,2022,2022-04-21,2022-09-23,FPSB0160014,88,0.900928023754496
Eschikon,2022,2022-04-21,2022-09-23,FPSB0160014,95,0.862902732535451
Eschikon,2022,2022-04-21,2022-09-23,FPSB0160014,95,0.749918614361482
Eschikon,2022,2022-04-21,2022-09-23,FPSB0160014,103,0.751109448013281
Eschikon,2022,2022-04-21,2022-09-23,FPSB0160014,109,0.740057682703176
Eschikon,2022,2022-04-21,2022-09-23,FPSB0160014,109,0.612443232253381
Eschikon,2022,2022-04-21,2022-09-23,FPSB0160014,117,0.196223175596845
Eschikon,2022,2022-04-21,2022-09-23,FPSB0160014,117,0.17605015276236
Eschikon,2022,2022-04-21,2022-09-23,FPSB0160014,124,0.102381869503942
Eschikon,2022,2022-04-21,2022-09-23,FPSB0160014,126,NA
Eschikon,2022,2022-04-21,2022-09-23,FPSB0160014,131,0.0654784110692556
Eschikon,2022,2022-04-21,2022-09-23,FPSB0160014,137,0.0735143476386041
Eschikon,2022,2022-04-21,2022-09-23,FPSB0160014,145,0.0243230585228456
Eschikon,2022,2022-04-21,2022-09-23,FPSB0160014,151,0.0265003771036418
Eschikon,2022,2022-04-21,2022-09-23,FPSB0160015,0,0
Eschikon,2022,2022-04-21,2022-09-23,FPSB0160015,22,0.017781908058874
Eschikon,2022,2022-04-21,2022-09-23,FPSB0160015,25,0.0568372821540139
Eschikon,2022,2022-04-21,2022-09-23,FPSB0160015,29,0.0945476962524734
Eschikon,2022,2022-04-21,2022-09-23,FPSB0160015,34,0.159359695709234
Eschikon,2022,2022-04-21,2022-09-23,FPSB0160015,40,0.203519838887929
Eschikon,2022,2022-04-21,2022-09-23,FPSB0160015,43,0.240280619621707
Eschikon,2022,2022-04-21,2022-09-23,FPSB0160015,47,0.377653532378437
Eschikon,2022,2022-04-21,2022-09-23,FPSB0160015,48,0.434891281295187
Eschikon,2022,2022-04-21,2022-09-23,FPSB0160015,53,0.600566280530845
Eschikon,2022,2022-04-21,2022-09-23,FPSB0160015,57,0.649532924029963
Eschikon,2022,2022-04-21,2022-09-23,FPSB0160015,60,0.786628555982968
Eschikon,2022,2022-04-21,2022-09-23,FPSB0160015,63,0.885988597145161
Eschikon,2022,2022-04-21,2022-09-23,FPSB0160015,66,0.832186659320806
Eschikon,2022,2022-04-21,2022-09-23,FPSB0160015,69,0.896699201882129
Eschikon,2022,2022-04-21,2022-09-23,FPSB0160015,71,0.793187116333945
Eschikon,2022,2022-04-21,2022-09-23,FPSB0160015,78,0.863403208021882
Eschikon,2022,2022-04-21,2022-09-23,FPSB0160015,81,0.863743976582537
Eschikon,2022,2022-04-21,2022-09-23,FPSB0160015,85,0.870441189311467
Eschikon,2022,2022-04-21,2022-09-23,FPSB0160015,88,0.847130462196392
Eschikon,2022,2022-04-21,2022-09-23,FPSB0160015,95,0.858011449823638
Eschikon,2022,2022-04-21,2022-09-23,FPSB0160015,95,0.863160418354645
Eschikon,2022,2022-04-21,2022-09-23,FPSB0160015,103,0.845726774940959
Eschikon,2022,2022-04-21,2022-09-23,FPSB0160015,109,0.724511526988362
Eschikon,2022,2022-04-21,2022-09-23,FPSB0160015,109,0.643250980296597
Eschikon,2022,2022-04-21,2022-09-23,FPSB0160015,117,0.104797183690626
Eschikon,2022,2022-04-21,2022-09-23,FPSB0160015,117,0.0793024918114013
Eschikon,2022,2022-04-21,2022-09-23,FPSB0160015,124,0.0218166759061271
Eschikon,2022,2022-04-21,2022-09-23,FPSB0160015,126,0.019924744087253
Eschikon,2022,2022-04-21,2022-09-23,FPSB0160015,131,0.015007269729294
Eschikon,2022,2022-04-21,2022-09-23,FPSB0160015,137,0.0284016951871549
Eschikon,2022,2022-04-21,2022-09-23,FPSB0160015,145,0.0122587840870093
Eschikon,2022,2022-04-21,2022-09-23,FPSB0160015,151,0.014911513621478
Eschikon,2022,2022-04-21,2022-09-23,FPSB0160016,0,0
Eschikon,2022,2022-04-21,2022-09-23,FPSB0160016,22,0.0238021918581647
Eschikon,2022,2022-04-21,2022-09-23,FPSB0160016,25,0.0595506426430463
Eschikon,2022,2022-04-21,2022-09-23,FPSB0160016,29,0.0847045397976439
Eschikon,2022,2022-04-21,2022-09-23,FPSB0160016,34,0.158249561700992
Eschikon,2022,2022-04-21,2022-09-23,FPSB0160016,40,0.234923559546459
Eschikon,2022,2022-04-21,2022-09-23,FPSB0160016,43,0.265529571296539
Eschikon,2022,2022-04-21,2022-09-23,FPSB0160016,47,0.41562340910155
Eschikon,2022,2022-04-21,2022-09-23,FPSB0160016,48,0.471073741799363
Eschikon,2022,2022-04-21,2022-09-23,FPSB0160016,53,0.628775961771681
Eschikon,2022,2022-04-21,2022-09-23,FPSB0160016,57,0.654965559125568
Eschikon,2022,2022-04-21,2022-09-23,FPSB0160016,60,0.76866913185031
Eschikon,2022,2022-04-21,2022-09-23,FPSB0160016,63,0.927368569740931
Eschikon,2022,2022-04-21,2022-09-23,FPSB0160016,66,0.879628695967647
Eschikon,2022,2022-04-21,2022-09-23,FPSB0160016,69,0.936990754078769
Eschikon,2022,2022-04-21,2022-09-23,FPSB0160016,71,0.907048162903075
Eschikon,2022,2022-04-21,2022-09-23,FPSB0160016,78,0.885978452381727
Eschikon,2022,2022-04-21,2022-09-23,FPSB0160016,81,0.905673703465021
Eschikon,2022,2022-04-21,2022-09-23,FPSB0160016,85,0.901327102631368
Eschikon,2022,2022-04-21,2022-09-23,FPSB0160016,88,0.909011192046226
Eschikon,2022,2022-04-21,2022-09-23,FPSB0160016,95,0.885645245984164
Eschikon,2022,2022-04-21,2022-09-23,FPSB0160016,95,0.859928140249922
Eschikon,2022,2022-04-21,2022-09-23,FPSB0160016,103,0.834144176251945
Eschikon,2022,2022-04-21,2022-09-23,FPSB0160016,109,0.795390794010367
Eschikon,2022,2022-04-21,2022-09-23,FPSB0160016,109,0.658190313607298
Eschikon,2022,2022-04-21,2022-09-23,FPSB0160016,117,0.10444332155109
Eschikon,2022,2022-04-21,2022-09-23,FPSB0160016,117,0.0868582420372215
Eschikon,2022,2022-04-21,2022-09-23,FPSB0160016,124,0.0415633279304262
Eschikon,2022,2022-04-21,2022-09-23,FPSB0160016,126,0.0322989152958688
Eschikon,2022,2022-04-21,2022-09-23,FPSB0160016,131,0.029840212818126
Eschikon,2022,2022-04-21,2022-09-23,FPSB0160016,137,0.0472062287059065
Eschikon,2022,2022-04-21,2022-09-23,FPSB0160016,145,0.0162603908319826
Eschikon,2022,2022-04-21,2022-09-23,FPSB0160016,151,0.0233292452018246
Eschikon,2022,2022-04-21,2022-09-23,FPSB0160017,0,0
Eschikon,2022,2022-04-21,2022-09-23,FPSB0160017,22,0.0288713478248611
Eschikon,2022,2022-04-21,2022-09-23,FPSB0160017,25,0.0623856452575542
Eschikon,2022,2022-04-21,2022-09-23,FPSB0160017,29,0.0706637112898203
Eschikon,2022,2022-04-21,2022-09-23,FPSB0160017,34,0.166270075864239
Eschikon,2022,2022-04-21,2022-09-23,FPSB0160017,40,0.279488792304966
Eschikon,2022,2022-04-21,2022-09-23,FPSB0160017,43,0.285641839291836
Eschikon,2022,2022-04-21,2022-09-23,FPSB0160017,47,0.480698664543274
Eschikon,2022,2022-04-21,2022-09-23,FPSB0160017,48,0.52899692153049
Eschikon,2022,2022-04-21,2022-09-23,FPSB0160017,53,0.698454695955282
Eschikon,2022,2022-04-21,2022-09-23,FPSB0160017,57,0.662258655321269
Eschikon,2022,2022-04-21,2022-09-23,FPSB0160017,60,0.738954378968312
Eschikon,2022,2022-04-21,2022-09-23,FPSB0160017,63,0.922467469753153
Eschikon,2022,2022-04-21,2022-09-23,FPSB0160017,66,0.882808844347306
Eschikon,2022,2022-04-21,2022-09-23,FPSB0160017,69,0.916439861952682
Eschikon,2022,2022-04-21,2022-09-23,FPSB0160017,71,0.769464294054458
Eschikon,2022,2022-04-21,2022-09-23,FPSB0160017,78,0.874154868586444
Eschikon,2022,2022-04-21,2022-09-23,FPSB0160017,81,0.885376624774344
Eschikon,2022,2022-04-21,2022-09-23,FPSB0160017,85,0.860179930876652
Eschikon,2022,2022-04-21,2022-09-23,FPSB0160017,88,0.80879025511064
Eschikon,2022,2022-04-21,2022-09-23,FPSB0160017,95,0.832944844482621
Eschikon,2022,2022-04-21,2022-09-23,FPSB0160017,95,0.827993102895099
Eschikon,2022,2022-04-21,2022-09-23,FPSB0160017,103,0.820779089578092
Eschikon,2022,2022-04-21,2022-09-23,FPSB0160017,109,0.873497699272824
Eschikon,2022,2022-04-21,2022-09-23,FPSB0160017,109,0.804134100107015
Eschikon,2022,2022-04-21,2022-09-23,FPSB0160017,117,0.216927935254735
Eschikon,2022,2022-04-21,2022-09-23,FPSB0160017,117,0.148758739412695
Eschikon,2022,2022-04-21,2022-09-23,FPSB0160017,124,0.0279310919011561
Eschikon,2022,2022-04-21,2022-09-23,FPSB0160017,126,0.0190560063599978
Eschikon,2022,2022-04-21,2022-09-23,FPSB0160017,131,0.0191518276871092
Eschikon,2022,2022-04-21,2022-09-23,FPSB0160017,137,0.0157136716723417
Eschikon,2022,2022-04-21,2022-09-23,FPSB0160017,145,0.00569737111968046
Eschikon,2022,2022-04-21,2022-09-23,FPSB0160017,151,0.0092696880928985
Eschikon,2022,2022-04-21,2022-09-23,FPSB0160018,0,0
Eschikon,2022,2022-04-21,2022-09-23,FPSB0160018,22,0.0257564087152422
Eschikon,2022,2022-04-21,2022-09-23,FPSB0160018,25,0.0567520933763812
Eschikon,2022,2022-04-21,2022-09-23,FPSB0160018,29,0.0709569004631836
Eschikon,2022,2022-04-21,2022-09-23,FPSB0160018,34,0.139106872286298
Eschikon,2022,2022-04-21,2022-09-23,FPSB0160018,40,0.211811386882848
Eschikon,2022,2022-04-21,2022-09-23,FPSB0160018,43,0.218024362846551
Eschikon,2022,2022-04-21,2022-09-23,FPSB0160018,47,0.372398458672202
Eschikon,2022,2022-04-21,2022-09-23,FPSB0160018,48,0.418978606914042
Eschikon,2022,2022-04-21,2022-09-23,FPSB0160018,53,0.548692676392262
Eschikon,2022,2022-04-21,2022-09-23,FPSB0160018,57,0.58791711397717
Eschikon,2022,2022-04-21,2022-09-23,FPSB0160018,60,0.644096565993465
Eschikon,2022,2022-04-21,2022-09-23,FPSB0160018,63,0.835578796850002
Eschikon,2022,2022-04-21,2022-09-23,FPSB0160018,66,0.790738831505771
Eschikon,2022,2022-04-21,2022-09-23,FPSB0160018,69,0.903214117519777
Eschikon,2022,2022-04-21,2022-09-23,FPSB0160018,71,0.900476639259909
Eschikon,2022,2022-04-21,2022-09-23,FPSB0160018,78,0.888967290630789
Eschikon,2022,2022-04-21,2022-09-23,FPSB0160018,81,0.895791221171449
Eschikon,2022,2022-04-21,2022-09-23,FPSB0160018,85,0.871422226555306
Eschikon,2022,2022-04-21,2022-09-23,FPSB0160018,88,0.899217472078689
Eschikon,2022,2022-04-21,2022-09-23,FPSB0160018,95,0.898152345823448
Eschikon,2022,2022-04-21,2022-09-23,FPSB0160018,95,0.817298078277166
Eschikon,2022,2022-04-21,2022-09-23,FPSB0160018,103,0.798336908127783
Eschikon,2022,2022-04-21,2022-09-23,FPSB0160018,109,0.766435523707387
Eschikon,2022,2022-04-21,2022-09-23,FPSB0160018,109,0.616247440772156
Eschikon,2022,2022-04-21,2022-09-23,FPSB0160018,117,0.0316696998255934
Eschikon,2022,2022-04-21,2022-09-23,FPSB0160018,117,0.0233587089575683
Eschikon,2022,2022-04-21,2022-09-23,FPSB0160018,124,0.00491926922535288
Eschikon,2022,2022-04-21,2022-09-23,FPSB0160018,126,0.0018809647611929
Eschikon,2022,2022-04-21,2022-09-23,FPSB0160018,131,0.000480024481925623
Eschikon,2022,2022-04-21,2022-09-23,FPSB0160018,137,0.00116966655128649
Eschikon,2022,2022-04-21,2022-09-23,FPSB0160018,145,0.00197845915526524
Eschikon,2022,2022-04-21,2022-09-23,FPSB0160018,151,0.00352014143649269
Eschikon,2022,2022-04-21,2022-09-23,FPSB0160019,0,0
Eschikon,2022,2022-04-21,2022-09-23,FPSB0160019,22,0.0256887253133419
Eschikon,2022,2022-04-21,2022-09-23,FPSB0160019,25,0.0553244473238795
Eschikon,2022,2022-04-21,2022-09-23,FPSB0160019,29,0.0710287918181877
Eschikon,2022,2022-04-21,2022-09-23,FPSB0160019,34,0.142225463036118
Eschikon,2022,2022-04-21,2022-09-23,FPSB0160019,40,0.194595819994381
Eschikon,2022,2022-04-21,2022-09-23,FPSB0160019,43,0.209878377375414
Eschikon,2022,2022-04-21,2022-09-23,FPSB0160019,47,0.352849419131036
Eschikon,2022,2022-04-21,2022-09-23,FPSB0160019,48,0.39199614043867
Eschikon,2022,2022-04-21,2022-09-23,FPSB0160019,53,0.518070634296295
Eschikon,2022,2022-04-21,2022-09-23,FPSB0160019,57,0.546025094559603
Eschikon,2022,2022-04-21,2022-09-23,FPSB0160019,60,0.616338112743379
Eschikon,2022,2022-04-21,2022-09-23,FPSB0160019,63,0.77235045979954
Eschikon,2022,2022-04-21,2022-09-23,FPSB0160019,66,0.789082371129487
Eschikon,2022,2022-04-21,2022-09-23,FPSB0160019,69,0.904837432101851
Eschikon,2022,2022-04-21,2022-09-23,FPSB0160019,71,0.904140863042848
Eschikon,2022,2022-04-21,2022-09-23,FPSB0160019,78,0.887610490174593
Eschikon,2022,2022-04-21,2022-09-23,FPSB0160019,81,0.903648060957821
Eschikon,2022,2022-04-21,2022-09-23,FPSB0160019,85,0.893176090291475
Eschikon,2022,2022-04-21,2022-09-23,FPSB0160019,88,0.926643331471702
Eschikon,2022,2022-04-21,2022-09-23,FPSB0160019,95,0.925182451650607
Eschikon,2022,2022-04-21,2022-09-23,FPSB0160019,95,0.844177924823086
Eschikon,2022,2022-04-21,2022-09-23,FPSB0160019,103,0.81003422220337
Eschikon,2022,2022-04-21,2022-09-23,FPSB0160019,109,0.749050921507497
Eschikon,2022,2022-04-21,2022-09-23,FPSB0160019,109,0.647574783379167
Eschikon,2022,2022-04-21,2022-09-23,FPSB0160019,117,0.0311973470575621
Eschikon,2022,2022-04-21,2022-09-23,FPSB0160019,117,0.0199375705475788
Eschikon,2022,2022-04-21,2022-09-23,FPSB0160019,124,0.00146176350684208
Eschikon,2022,2022-04-21,2022-09-23,FPSB0160019,126,0.000600169903312997
Eschikon,2022,2022-04-21,2022-09-23,FPSB0160019,131,0.000682794520677068
Eschikon,2022,2022-04-21,2022-09-23,FPSB0160019,137,0.00220310248827359
Eschikon,2022,2022-04-21,2022-09-23,FPSB0160019,145,0.00156986772991736
Eschikon,2022,2022-04-21,2022-09-23,FPSB0160019,151,0.00272366675385699
Eschikon,2022,2022-04-21,2022-09-23,FPSB0160020,0,0
Eschikon,2022,2022-04-21,2022-09-23,FPSB0160020,22,0.0208615269317599
Eschikon,2022,2022-04-21,2022-09-23,FPSB0160020,25,0.0486494084967124
Eschikon,2022,2022-04-21,2022-09-23,FPSB0160020,29,0.0612344657403495
Eschikon,2022,2022-04-21,2022-09-23,FPSB0160020,34,0.130183900866453
Eschikon,2022,2022-04-21,2022-09-23,FPSB0160020,40,0.211463305246796
Eschikon,2022,2022-04-21,2022-09-23,FPSB0160020,43,0.21523408264749
Eschikon,2022,2022-04-21,2022-09-23,FPSB0160020,47,0.367313017083689
Eschikon,2022,2022-04-21,2022-09-23,FPSB0160020,48,0.405665128646107
Eschikon,2022,2022-04-21,2022-09-23,FPSB0160020,53,0.522971214966679
Eschikon,2022,2022-04-21,2022-09-23,FPSB0160020,57,0.504024681815397
Eschikon,2022,2022-04-21,2022-09-23,FPSB0160020,60,0.584898434076016
Eschikon,2022,2022-04-21,2022-09-23,FPSB0160020,63,0.750185609673186
Eschikon,2022,2022-04-21,2022-09-23,FPSB0160020,66,0.815418920516686
Eschikon,2022,2022-04-21,2022-09-23,FPSB0160020,69,0.933113945334616
Eschikon,2022,2022-04-21,2022-09-23,FPSB0160020,71,0.879885982213917
Eschikon,2022,2022-04-21,2022-09-23,FPSB0160020,78,0.900660489982352
Eschikon,2022,2022-04-21,2022-09-23,FPSB0160020,81,0.890658990507169
Eschikon,2022,2022-04-21,2022-09-23,FPSB0160020,85,0.875457772471943
Eschikon,2022,2022-04-21,2022-09-23,FPSB0160020,88,0.825235158079288
Eschikon,2022,2022-04-21,2022-09-23,FPSB0160020,95,0.839166580158483
Eschikon,2022,2022-04-21,2022-09-23,FPSB0160020,95,0.861066991937437
Eschikon,2022,2022-04-21,2022-09-23,FPSB0160020,103,0.875868974705007
Eschikon,2022,2022-04-21,2022-09-23,FPSB0160020,109,0.896494832577829
Eschikon,2022,2022-04-21,2022-09-23,FPSB0160020,109,0.867858316896778
Eschikon,2022,2022-04-21,2022-09-23,FPSB0160020,117,0.339551541575833
Eschikon,2022,2022-04-21,2022-09-23,FPSB0160020,117,0.295888842751191
Eschikon,2022,2022-04-21,2022-09-23,FPSB0160020,124,0.0866724050428504
Eschikon,2022,2022-04-21,2022-09-23,FPSB0160020,126,0.051189631705826
Eschikon,2022,2022-04-21,2022-09-23,FPSB0160020,131,0.0466779415666055
Eschikon,2022,2022-04-21,2022-09-23,FPSB0160020,137,0.0385527192229861
Eschikon,2022,2022-04-21,2022-09-23,FPSB0160020,145,0.0106405065919236
Eschikon,2022,2022-04-21,2022-09-23,FPSB0160020,151,0.0208045438946813
Eschikon,2022,2022-04-21,2022-09-23,FPSB0160021,0,0
Eschikon,2022,2022-04-21,2022-09-23,FPSB0160021,22,0.0213987288280551
Eschikon,2022,2022-04-21,2022-09-23,FPSB0160021,25,0.0457791539618167
Eschikon,2022,2022-04-21,2022-09-23,FPSB0160021,29,0.0621812944526583
Eschikon,2022,2022-04-21,2022-09-23,FPSB0160021,34,0.127582775193212
Eschikon,2022,2022-04-21,2022-09-23,FPSB0160021,40,0.194703920633824
Eschikon,2022,2022-04-21,2022-09-23,FPSB0160021,43,0.215628931468534
Eschikon,2022,2022-04-21,2022-09-23,FPSB0160021,47,0.369588578780552
Eschikon,2022,2022-04-21,2022-09-23,FPSB0160021,48,0.397346593600447
Eschikon,2022,2022-04-21,2022-09-23,FPSB0160021,53,0.51227035949688
Eschikon,2022,2022-04-21,2022-09-23,FPSB0160021,57,0.506957829944627
Eschikon,2022,2022-04-21,2022-09-23,FPSB0160021,60,0.585368903870337
Eschikon,2022,2022-04-21,2022-09-23,FPSB0160021,63,0.759391982383991
Eschikon,2022,2022-04-21,2022-09-23,FPSB0160021,66,0.811359955550827
Eschikon,2022,2022-04-21,2022-09-23,FPSB0160021,69,0.919638466267097
Eschikon,2022,2022-04-21,2022-09-23,FPSB0160021,71,0.843790030178684
Eschikon,2022,2022-04-21,2022-09-23,FPSB0160021,78,0.872739161847968
Eschikon,2022,2022-04-21,2022-09-23,FPSB0160021,81,0.888284742275005
Eschikon,2022,2022-04-21,2022-09-23,FPSB0160021,85,0.878637846144197
Eschikon,2022,2022-04-21,2022-09-23,FPSB0160021,88,0.856882687905127
Eschikon,2022,2022-04-21,2022-09-23,FPSB0160021,95,0.894062808330378
Eschikon,2022,2022-04-21,2022-09-23,FPSB0160021,95,0.812946287491165
Eschikon,2022,2022-04-21,2022-09-23,FPSB0160021,103,0.780651356593355
Eschikon,2022,2022-04-21,2022-09-23,FPSB0160021,109,0.663152454219347
Eschikon,2022,2022-04-21,2022-09-23,FPSB0160021,109,0.562834564845572
Eschikon,2022,2022-04-21,2022-09-23,FPSB0160021,117,0.0651493796603873
Eschikon,2022,2022-04-21,2022-09-23,FPSB0160021,117,0.0365417483855248
Eschikon,2022,2022-04-21,2022-09-23,FPSB0160021,124,0.0395306683939199
Eschikon,2022,2022-04-21,2022-09-23,FPSB0160021,126,0.0340428399806046
Eschikon,2022,2022-04-21,2022-09-23,FPSB0160021,131,0.0285538053848807
Eschikon,2022,2022-04-21,2022-09-23,FPSB0160021,137,0.019731636475921
Eschikon,2022,2022-04-21,2022-09-23,FPSB0160021,145,0.00401146114524607
Eschikon,2022,2022-04-21,2022-09-23,FPSB0160021,151,0.00692632368410333
Eschikon,2022,2022-04-21,2022-09-23,FPSB0160022,0,0
Eschikon,2022,2022-04-21,2022-09-23,FPSB0160022,22,0.028928417918379
Eschikon,2022,2022-04-21,2022-09-23,FPSB0160022,25,0.0661040446547241
Eschikon,2022,2022-04-21,2022-09-23,FPSB0160022,29,0.0786094685974588
Eschikon,2022,2022-04-21,2022-09-23,FPSB0160022,34,0.1576084173105
Eschikon,2022,2022-04-21,2022-09-23,FPSB0160022,40,0.260526790041401
Eschikon,2022,2022-04-21,2022-09-23,FPSB0160022,43,0.277301836189235
Eschikon,2022,2022-04-21,2022-09-23,FPSB0160022,47,0.440738472739455
Eschikon,2022,2022-04-21,2022-09-23,FPSB0160022,48,0.482046593973186
Eschikon,2022,2022-04-21,2022-09-23,FPSB0160022,53,0.624281146350741
Eschikon,2022,2022-04-21,2022-09-23,FPSB0160022,57,0.644147564058706
Eschikon,2022,2022-04-21,2022-09-23,FPSB0160022,60,0.706088321120083
Eschikon,2022,2022-04-21,2022-09-23,FPSB0160022,63,0.85760240075636
Eschikon,2022,2022-04-21,2022-09-23,FPSB0160022,66,0.869137639090469
Eschikon,2022,2022-04-21,2022-09-23,FPSB0160022,69,0.930068940493469
Eschikon,2022,2022-04-21,2022-09-23,FPSB0160022,71,0.884977422477423
Eschikon,2022,2022-04-21,2022-09-23,FPSB0160022,78,0.896320496320496
Eschikon,2022,2022-04-21,2022-09-23,FPSB0160022,81,0.89517952017952
Eschikon,2022,2022-04-21,2022-09-23,FPSB0160022,85,0.894022319022319
Eschikon,2022,2022-04-21,2022-09-23,FPSB0160022,88,0.88983653983654
Eschikon,2022,2022-04-21,2022-09-23,FPSB0160022,95,0.906941006941007
Eschikon,2022,2022-04-21,2022-09-23,FPSB0160022,95,0.821102421102421
Eschikon,2022,2022-04-21,2022-09-23,FPSB0160022,103,0.79796596046596
Eschikon,2022,2022-04-21,2022-09-23,FPSB0160022,109,0.778973891473892
Eschikon,2022,2022-04-21,2022-09-23,FPSB0160022,109,0.638927526427526
Eschikon,2022,2022-04-21,2022-09-23,FPSB0160022,117,0.106157393657394
Eschikon,2022,2022-04-21,2022-09-23,FPSB0160022,117,0.0937535062535063
Eschikon,2022,2022-04-21,2022-09-23,FPSB0160022,124,0.00797872047872048
Eschikon,2022,2022-04-21,2022-09-23,FPSB0160022,126,0.0073966823966824
Eschikon,2022,2022-04-21,2022-09-23,FPSB0160022,131,0.00593478093478093
Eschikon,2022,2022-04-21,2022-09-23,FPSB0160022,137,0.00692013247322982
Eschikon,2022,2022-04-21,2022-09-23,FPSB0160022,145,0.00407811657811658
Eschikon,2022,2022-04-21,2022-09-23,FPSB0160022,151,0.00846863346863347
Eschikon,2022,2022-04-21,2022-09-23,FPSB0160023,0,0
Eschikon,2022,2022-04-21,2022-09-23,FPSB0160023,22,0.0299408470952061
Eschikon,2022,2022-04-21,2022-09-23,FPSB0160023,25,0.0713731476819959
Eschikon,2022,2022-04-21,2022-09-23,FPSB0160023,29,0.106838395739626
Eschikon,2022,2022-04-21,2022-09-23,FPSB0160023,34,0.193874816683168
Eschikon,2022,2022-04-21,2022-09-23,FPSB0160023,40,0.265263255552858
Eschikon,2022,2022-04-21,2022-09-23,FPSB0160023,43,0.326427439989842
Eschikon,2022,2022-04-21,2022-09-23,FPSB0160023,47,0.52646573799439
Eschikon,2022,2022-04-21,2022-09-23,FPSB0160023,48,0.575061019218874
Eschikon,2022,2022-04-21,2022-09-23,FPSB0160023,53,0.780597915050241
Eschikon,2022,2022-04-21,2022-09-23,FPSB0160023,57,0.772163182649998
Eschikon,2022,2022-04-21,2022-09-23,FPSB0160023,60,0.815419234203854
Eschikon,2022,2022-04-21,2022-09-23,FPSB0160023,63,NA
Eschikon,2022,2022-04-21,2022-09-23,FPSB0160023,66,0.872424813823369
Eschikon,2022,2022-04-21,2022-09-23,FPSB0160023,69,0.927428994730374
Eschikon,2022,2022-04-21,2022-09-23,FPSB0160023,71,0.847240772960444
Eschikon,2022,2022-04-21,2022-09-23,FPSB0160023,78,0.885481777316938
Eschikon,2022,2022-04-21,2022-09-23,FPSB0160023,81,0.875780351448617
Eschikon,2022,2022-04-21,2022-09-23,FPSB0160023,85,0.873877558293254
Eschikon,2022,2022-04-21,2022-09-23,FPSB0160023,88,0.877011900786747
Eschikon,2022,2022-04-21,2022-09-23,FPSB0160023,95,0.87268652767282
Eschikon,2022,2022-04-21,2022-09-23,FPSB0160023,95,0.797438265095907
Eschikon,2022,2022-04-21,2022-09-23,FPSB0160023,103,0.792666209732694
Eschikon,2022,2022-04-21,2022-09-23,FPSB0160023,109,0.842166779923805
Eschikon,2022,2022-04-21,2022-09-23,FPSB0160023,109,0.746143643247824
Eschikon,2022,2022-04-21,2022-09-23,FPSB0160023,117,0.116700497355055
Eschikon,2022,2022-04-21,2022-09-23,FPSB0160023,117,0.0840710913106389
Eschikon,2022,2022-04-21,2022-09-23,FPSB0160023,124,0.00896098291574645
Eschikon,2022,2022-04-21,2022-09-23,FPSB0160023,126,0.0050311554766661
Eschikon,2022,2022-04-21,2022-09-23,FPSB0160023,131,0.00264470063990283
Eschikon,2022,2022-04-21,2022-09-23,FPSB0160023,137,0.00458153481080617
Eschikon,2022,2022-04-21,2022-09-23,FPSB0160023,145,0.00265360987602249
Eschikon,2022,2022-04-21,2022-09-23,FPSB0160023,151,0.00448288187434619
Eschikon,2022,2022-04-21,2022-09-23,FPSB0160024,0,0
Eschikon,2022,2022-04-21,2022-09-23,FPSB0160024,22,0.0251118576790808
Eschikon,2022,2022-04-21,2022-09-23,FPSB0160024,25,0.058653145991062
Eschikon,2022,2022-04-21,2022-09-23,FPSB0160024,29,0.0681535350909997
Eschikon,2022,2022-04-21,2022-09-23,FPSB0160024,34,0.156164099496748
Eschikon,2022,2022-04-21,2022-09-23,FPSB0160024,40,0.238041243356712
Eschikon,2022,2022-04-21,2022-09-23,FPSB0160024,43,0.30295263139226
Eschikon,2022,2022-04-21,2022-09-23,FPSB0160024,47,0.482810000000145
Eschikon,2022,2022-04-21,2022-09-23,FPSB0160024,48,0.521557938014582
Eschikon,2022,2022-04-21,2022-09-23,FPSB0160024,53,0.708661598879834
Eschikon,2022,2022-04-21,2022-09-23,FPSB0160024,57,0.644854111356761
Eschikon,2022,2022-04-21,2022-09-23,FPSB0160024,60,0.665552993565592
Eschikon,2022,2022-04-21,2022-09-23,FPSB0160024,63,0.822026433298254
Eschikon,2022,2022-04-21,2022-09-23,FPSB0160024,66,0.831418762355619
Eschikon,2022,2022-04-21,2022-09-23,FPSB0160024,69,0.922806223809999
Eschikon,2022,2022-04-21,2022-09-23,FPSB0160024,71,0.82325721310261
Eschikon,2022,2022-04-21,2022-09-23,FPSB0160024,78,0.872100193604059
Eschikon,2022,2022-04-21,2022-09-23,FPSB0160024,81,0.87840233606221
Eschikon,2022,2022-04-21,2022-09-23,FPSB0160024,85,0.846953564056516
Eschikon,2022,2022-04-21,2022-09-23,FPSB0160024,88,0.858292890706805
Eschikon,2022,2022-04-21,2022-09-23,FPSB0160024,95,0.872188286453922
Eschikon,2022,2022-04-21,2022-09-23,FPSB0160024,95,0.861390780883051
Eschikon,2022,2022-04-21,2022-09-23,FPSB0160024,103,0.872486600877325
Eschikon,2022,2022-04-21,2022-09-23,FPSB0160024,109,0.882724266376761
Eschikon,2022,2022-04-21,2022-09-23,FPSB0160024,109,0.781121051588374
Eschikon,2022,2022-04-21,2022-09-23,FPSB0160024,117,0.248383170862089
Eschikon,2022,2022-04-21,2022-09-23,FPSB0160024,117,0.198692546944479
Eschikon,2022,2022-04-21,2022-09-23,FPSB0160024,124,0.0519202239160075
Eschikon,2022,2022-04-21,2022-09-23,FPSB0160024,126,0.0245845371021056
Eschikon,2022,2022-04-21,2022-09-23,FPSB0160024,131,0.00991532575334403
Eschikon,2022,2022-04-21,2022-09-23,FPSB0160024,137,0.0164073145051406
Eschikon,2022,2022-04-21,2022-09-23,FPSB0160024,145,0.00986777563551984
Eschikon,2022,2022-04-21,2022-09-23,FPSB0160024,151,0.0212502978317846
Eschikon,2022,2022-04-21,2022-09-23,FPSB0160025,0,0
Eschikon,2022,2022-04-21,2022-09-23,FPSB0160025,22,0.0247130568222726
Eschikon,2022,2022-04-21,2022-09-23,FPSB0160025,25,0.0519696010392591
Eschikon,2022,2022-04-21,2022-09-23,FPSB0160025,29,0.0676153921233242
Eschikon,2022,2022-04-21,2022-09-23,FPSB0160025,34,0.133314876969412
Eschikon,2022,2022-04-21,2022-09-23,FPSB0160025,40,0.216431800278332
Eschikon,2022,2022-04-21,2022-09-23,FPSB0160025,43,0.247490288244532
Eschikon,2022,2022-04-21,2022-09-23,FPSB0160025,47,0.434299517799663
Eschikon,2022,2022-04-21,2022-09-23,FPSB0160025,48,0.497167696756893
Eschikon,2022,2022-04-21,2022-09-23,FPSB0160025,53,0.708383795193541
Eschikon,2022,2022-04-21,2022-09-23,FPSB0160025,57,0.574707008805343
Eschikon,2022,2022-04-21,2022-09-23,FPSB0160025,60,0.595522824906748
Eschikon,2022,2022-04-21,2022-09-23,FPSB0160025,63,0.774035522017052
Eschikon,2022,2022-04-21,2022-09-23,FPSB0160025,66,0.794667195614284
Eschikon,2022,2022-04-21,2022-09-23,FPSB0160025,69,0.915384882980375
Eschikon,2022,2022-04-21,2022-09-23,FPSB0160025,71,0.870632394784666
Eschikon,2022,2022-04-21,2022-09-23,FPSB0160025,78,0.857603515592959
Eschikon,2022,2022-04-21,2022-09-23,FPSB0160025,81,0.894846184833389
Eschikon,2022,2022-04-21,2022-09-23,FPSB0160025,85,0.906925852103395
Eschikon,2022,2022-04-21,2022-09-23,FPSB0160025,88,0.888175043245421
Eschikon,2022,2022-04-21,2022-09-23,FPSB0160025,95,0.891072463649239
Eschikon,2022,2022-04-21,2022-09-23,FPSB0160025,95,0.862637118515237
Eschikon,2022,2022-04-21,2022-09-23,FPSB0160025,103,0.778937976314816
Eschikon,2022,2022-04-21,2022-09-23,FPSB0160025,109,0.693479055363252
Eschikon,2022,2022-04-21,2022-09-23,FPSB0160025,109,0.604500349062089
Eschikon,2022,2022-04-21,2022-09-23,FPSB0160025,117,0.0938238794924655
Eschikon,2022,2022-04-21,2022-09-23,FPSB0160025,117,0.0725243705490027
Eschikon,2022,2022-04-21,2022-09-23,FPSB0160025,124,0.014562633404604
Eschikon,2022,2022-04-21,2022-09-23,FPSB0160025,126,0.0108497474540341
Eschikon,2022,2022-04-21,2022-09-23,FPSB0160025,131,0.00828600944563837
Eschikon,2022,2022-04-21,2022-09-23,FPSB0160025,137,0.0100313730518874
Eschikon,2022,2022-04-21,2022-09-23,FPSB0160025,145,0.0088610960731882
Eschikon,2022,2022-04-21,2022-09-23,FPSB0160025,151,0.0170250710409081
Eschikon,2022,2022-04-21,2022-09-23,FPSB0160026,0,0
Eschikon,2022,2022-04-21,2022-09-23,FPSB0160026,22,0.0216567197853783
Eschikon,2022,2022-04-21,2022-09-23,FPSB0160026,25,0.0509286936279496
Eschikon,2022,2022-04-21,2022-09-23,FPSB0160026,29,0.0642782746530418
Eschikon,2022,2022-04-21,2022-09-23,FPSB0160026,34,0.124910327463159
Eschikon,2022,2022-04-21,2022-09-23,FPSB0160026,40,0.184442947802591
Eschikon,2022,2022-04-21,2022-09-23,FPSB0160026,43,0.210387000336727
Eschikon,2022,2022-04-21,2022-09-23,FPSB0160026,47,0.365370854805514
Eschikon,2022,2022-04-21,2022-09-23,FPSB0160026,48,0.426635566939889
Eschikon,2022,2022-04-21,2022-09-23,FPSB0160026,53,0.578637726497855
Eschikon,2022,2022-04-21,2022-09-23,FPSB0160026,57,0.566820628176096
Eschikon,2022,2022-04-21,2022-09-23,FPSB0160026,60,0.615193037630839
Eschikon,2022,2022-04-21,2022-09-23,FPSB0160026,63,0.831455246189415
Eschikon,2022,2022-04-21,2022-09-23,FPSB0160026,66,0.814953126139929
Eschikon,2022,2022-04-21,2022-09-23,FPSB0160026,69,0.91606151077589
Eschikon,2022,2022-04-21,2022-09-23,FPSB0160026,71,0.811362514456574
Eschikon,2022,2022-04-21,2022-09-23,FPSB0160026,78,0.842525833779959
Eschikon,2022,2022-04-21,2022-09-23,FPSB0160026,81,0.859980207422452
Eschikon,2022,2022-04-21,2022-09-23,FPSB0160026,85,0.858298425996446
Eschikon,2022,2022-04-21,2022-09-23,FPSB0160026,88,0.838959408761389
Eschikon,2022,2022-04-21,2022-09-23,FPSB0160026,95,0.887803588051113
Eschikon,2022,2022-04-21,2022-09-23,FPSB0160026,95,0.865440913749495
Eschikon,2022,2022-04-21,2022-09-23,FPSB0160026,103,0.856410609009619
Eschikon,2022,2022-04-21,2022-09-23,FPSB0160026,109,0.749072193544141
Eschikon,2022,2022-04-21,2022-09-23,FPSB0160026,109,0.606737116019294
Eschikon,2022,2022-04-21,2022-09-23,FPSB0160026,117,0.02664710915536
Eschikon,2022,2022-04-21,2022-09-23,FPSB0160026,117,0.0216681710906133
Eschikon,2022,2022-04-21,2022-09-23,FPSB0160026,124,0.0124372373134749
Eschikon,2022,2022-04-21,2022-09-23,FPSB0160026,126,0.0113053933598488
Eschikon,2022,2022-04-21,2022-09-23,FPSB0160026,131,0.00742162891502825
Eschikon,2022,2022-04-21,2022-09-23,FPSB0160026,137,0.0126574784503173
Eschikon,2022,2022-04-21,2022-09-23,FPSB0160026,145,0.0124867187573458
Eschikon,2022,2022-04-21,2022-09-23,FPSB0160026,151,0.0243840288810309
Eschikon,2022,2022-04-21,2022-09-23,FPSB0160027,0,0
Eschikon,2022,2022-04-21,2022-09-23,FPSB0160027,22,0.0208434673856718
Eschikon,2022,2022-04-21,2022-09-23,FPSB0160027,25,0.0510480701035031
Eschikon,2022,2022-04-21,2022-09-23,FPSB0160027,29,0.0578020498855362
Eschikon,2022,2022-04-21,2022-09-23,FPSB0160027,34,0.143805122469645
Eschikon,2022,2022-04-21,2022-09-23,FPSB0160027,40,0.221682604724539
Eschikon,2022,2022-04-21,2022-09-23,FPSB0160027,43,0.241906189351665
Eschikon,2022,2022-04-21,2022-09-23,FPSB0160027,47,0.419656154046675
Eschikon,2022,2022-04-21,2022-09-23,FPSB0160027,48,0.463501207926906
Eschikon,2022,2022-04-21,2022-09-23,FPSB0160027,53,0.6020550541564
Eschikon,2022,2022-04-21,2022-09-23,FPSB0160027,57,0.627092556735677
Eschikon,2022,2022-04-21,2022-09-23,FPSB0160027,60,0.650001200674362
Eschikon,2022,2022-04-21,2022-09-23,FPSB0160027,63,0.843288719271492
Eschikon,2022,2022-04-21,2022-09-23,FPSB0160027,66,0.855861000597843
Eschikon,2022,2022-04-21,2022-09-23,FPSB0160027,69,0.893325363720101
Eschikon,2022,2022-04-21,2022-09-23,FPSB0160027,71,0.810535204823168
Eschikon,2022,2022-04-21,2022-09-23,FPSB0160027,78,0.882118768927726
Eschikon,2022,2022-04-21,2022-09-23,FPSB0160027,81,0.894009343493248
Eschikon,2022,2022-04-21,2022-09-23,FPSB0160027,85,0.871314638372021
Eschikon,2022,2022-04-21,2022-09-23,FPSB0160027,88,0.817179721439693
Eschikon,2022,2022-04-21,2022-09-23,FPSB0160027,95,0.854814869641672
Eschikon,2022,2022-04-21,2022-09-23,FPSB0160027,95,0.843656732040217
Eschikon,2022,2022-04-21,2022-09-23,FPSB0160027,103,0.824326277615291
Eschikon,2022,2022-04-21,2022-09-23,FPSB0160027,109,0.861599693168972
Eschikon,2022,2022-04-21,2022-09-23,FPSB0160027,109,0.78918674824903
Eschikon,2022,2022-04-21,2022-09-23,FPSB0160027,117,0.152004220671121
Eschikon,2022,2022-04-21,2022-09-23,FPSB0160027,117,0.107535029377227
Eschikon,2022,2022-04-21,2022-09-23,FPSB0160027,124,0.0298334110877848
Eschikon,2022,2022-04-21,2022-09-23,FPSB0160027,126,0.0266529549682104
Eschikon,2022,2022-04-21,2022-09-23,FPSB0160027,126,0.0270146876165071
Eschikon,2022,2022-04-21,2022-09-23,FPSB0160027,131,0.0257945408400272
Eschikon,2022,2022-04-21,2022-09-23,FPSB0160027,137,0.0231341169427473
Eschikon,2022,2022-04-21,2022-09-23,FPSB0160027,145,0.00934648380414651
Eschikon,2022,2022-04-21,2022-09-23,FPSB0160027,151,0.0121347661966111
Eschikon,2022,2022-04-21,2022-09-23,FPSB0160028,0,0
Eschikon,2022,2022-04-21,2022-09-23,FPSB0160028,22,0.0172303336146574
Eschikon,2022,2022-04-21,2022-09-23,FPSB0160028,25,0.0431955937749115
Eschikon,2022,2022-04-21,2022-09-23,FPSB0160028,29,0.0572105275730568
Eschikon,2022,2022-04-21,2022-09-23,FPSB0160028,34,0.136026217196155
Eschikon,2022,2022-04-21,2022-09-23,FPSB0160028,40,0.217149315197134
Eschikon,2022,2022-04-21,2022-09-23,FPSB0160028,43,0.263435879298211
Eschikon,2022,2022-04-21,2022-09-23,FPSB0160028,47,0.45556944831948
Eschikon,2022,2022-04-21,2022-09-23,FPSB0160028,48,0.491026482893672
Eschikon,2022,2022-04-21,2022-09-23,FPSB0160028,53,0.69294566956027
Eschikon,2022,2022-04-21,2022-09-23,FPSB0160028,57,0.682844320526568
Eschikon,2022,2022-04-21,2022-09-23,FPSB0160028,60,0.673118080936193
Eschikon,2022,2022-04-21,2022-09-23,FPSB0160028,63,0.822825116182798
Eschikon,2022,2022-04-21,2022-09-23,FPSB0160028,66,0.83713684269967
Eschikon,2022,2022-04-21,2022-09-23,FPSB0160028,69,0.902035161851916
Eschikon,2022,2022-04-21,2022-09-23,FPSB0160028,71,0.793828063219698
Eschikon,2022,2022-04-21,2022-09-23,FPSB0160028,78,0.876849549900881
Eschikon,2022,2022-04-21,2022-09-23,FPSB0160028,81,0.879925227216102
Eschikon,2022,2022-04-21,2022-09-23,FPSB0160028,85,0.868565505400106
Eschikon,2022,2022-04-21,2022-09-23,FPSB0160028,88,0.871221279776413
Eschikon,2022,2022-04-21,2022-09-23,FPSB0160028,95,0.87470887090659
Eschikon,2022,2022-04-21,2022-09-23,FPSB0160028,95,0.849780773022218
Eschikon,2022,2022-04-21,2022-09-23,FPSB0160028,103,0.822076386857756
Eschikon,2022,2022-04-21,2022-09-23,FPSB0160028,109,0.727987796951675
Eschikon,2022,2022-04-21,2022-09-23,FPSB0160028,109,0.609029334979905
Eschikon,2022,2022-04-21,2022-09-23,FPSB0160028,117,0.0641132614041359
Eschikon,2022,2022-04-21,2022-09-23,FPSB0160028,117,0.0580751085979223
Eschikon,2022,2022-04-21,2022-09-23,FPSB0160028,124,0.0203313726127414
Eschikon,2022,2022-04-21,2022-09-23,FPSB0160028,126,0.0152888813059916
Eschikon,2022,2022-04-21,2022-09-23,FPSB0160028,126,0.0167305796583363
Eschikon,2022,2022-04-21,2022-09-23,FPSB0160028,131,0.00940875066350351
Eschikon,2022,2022-04-21,2022-09-23,FPSB0160028,137,0.0108083702936172
Eschikon,2022,2022-04-21,2022-09-23,FPSB0160028,145,0.00304141886841507
Eschikon,2022,2022-04-21,2022-09-23,FPSB0160028,151,0.00373660806170312
Eschikon,2022,2022-04-21,2022-09-23,FPSB0160029,0,0
Eschikon,2022,2022-04-21,2022-09-23,FPSB0160029,22,0.0166261105319174
Eschikon,2022,2022-04-21,2022-09-23,FPSB0160029,25,0.0472520450316948
Eschikon,2022,2022-04-21,2022-09-23,FPSB0160029,29,0.0615230212262754
Eschikon,2022,2022-04-21,2022-09-23,FPSB0160029,34,0.140861603675475
Eschikon,2022,2022-04-21,2022-09-23,FPSB0160029,40,0.205693740876393
Eschikon,2022,2022-04-21,2022-09-23,FPSB0160029,43,0.241552916926094
Eschikon,2022,2022-04-21,2022-09-23,FPSB0160029,47,0.42608638644564
Eschikon,2022,2022-04-21,2022-09-23,FPSB0160029,48,0.460092726787412
Eschikon,2022,2022-04-21,2022-09-23,FPSB0160029,53,0.590383549659659
Eschikon,2022,2022-04-21,2022-09-23,FPSB0160029,57,0.605835864057281
Eschikon,2022,2022-04-21,2022-09-23,FPSB0160029,60,0.596769164651339
Eschikon,2022,2022-04-21,2022-09-23,FPSB0160029,63,0.750650130670544
Eschikon,2022,2022-04-21,2022-09-23,FPSB0160029,66,0.792730175418103
Eschikon,2022,2022-04-21,2022-09-23,FPSB0160029,69,0.901706021628193
Eschikon,2022,2022-04-21,2022-09-23,FPSB0160029,71,0.849002573577206
Eschikon,2022,2022-04-21,2022-09-23,FPSB0160029,78,0.899765447522601
Eschikon,2022,2022-04-21,2022-09-23,FPSB0160029,81,0.90231079360043
Eschikon,2022,2022-04-21,2022-09-23,FPSB0160029,85,0.893178092424032
Eschikon,2022,2022-04-21,2022-09-23,FPSB0160029,88,0.875144873888107
Eschikon,2022,2022-04-21,2022-09-23,FPSB0160029,95,0.877577433165214
Eschikon,2022,2022-04-21,2022-09-23,FPSB0160029,95,0.843815895585037
Eschikon,2022,2022-04-21,2022-09-23,FPSB0160029,103,0.84283923625571
Eschikon,2022,2022-04-21,2022-09-23,FPSB0160029,109,0.787703153954121
Eschikon,2022,2022-04-21,2022-09-23,FPSB0160029,109,0.643189522588208
Eschikon,2022,2022-04-21,2022-09-23,FPSB0160029,117,0.103457445636487
Eschikon,2022,2022-04-21,2022-09-23,FPSB0160029,117,0.0704471314970155
Eschikon,2022,2022-04-21,2022-09-23,FPSB0160029,124,0.0315994462842877
Eschikon,2022,2022-04-21,2022-09-23,FPSB0160029,126,0.0254962894657404
Eschikon,2022,2022-04-21,2022-09-23,FPSB0160029,126,0.0197685377983135
Eschikon,2022,2022-04-21,2022-09-23,FPSB0160029,131,0.0125819942138581
Eschikon,2022,2022-04-21,2022-09-23,FPSB0160029,137,0.0173149615760691
Eschikon,2022,2022-04-21,2022-09-23,FPSB0160029,145,0.00702610814753119
Eschikon,2022,2022-04-21,2022-09-23,FPSB0160029,151,0.0124548653960419
Eschikon,2022,2022-04-21,2022-09-23,FPSB0160030,0,0
Eschikon,2022,2022-04-21,2022-09-23,FPSB0160030,22,0.0184144467258391
Eschikon,2022,2022-04-21,2022-09-23,FPSB0160030,25,0.0553346317310828
Eschikon,2022,2022-04-21,2022-09-23,FPSB0160030,29,0.0703875675329001
Eschikon,2022,2022-04-21,2022-09-23,FPSB0160030,34,0.142720667779208
Eschikon,2022,2022-04-21,2022-09-23,FPSB0160030,40,0.228907258890595
Eschikon,2022,2022-04-21,2022-09-23,FPSB0160030,43,0.24800368789592
Eschikon,2022,2022-04-21,2022-09-23,FPSB0160030,47,0.41348043702811
Eschikon,2022,2022-04-21,2022-09-23,FPSB0160030,48,0.439728269223212
Eschikon,2022,2022-04-21,2022-09-23,FPSB0160030,53,0.570548022861642
Eschikon,2022,2022-04-21,2022-09-23,FPSB0160030,57,0.608232326380966
Eschikon,2022,2022-04-21,2022-09-23,FPSB0160030,60,0.634477618113123
Eschikon,2022,2022-04-21,2022-09-23,FPSB0160030,63,0.809235717663177
Eschikon,2022,2022-04-21,2022-09-23,FPSB0160030,66,0.820552939124368
Eschikon,2022,2022-04-21,2022-09-23,FPSB0160030,69,0.923572736787022
Eschikon,2022,2022-04-21,2022-09-23,FPSB0160030,71,0.887175090934412
Eschikon,2022,2022-04-21,2022-09-23,FPSB0160030,78,0.893511879893404
Eschikon,2022,2022-04-21,2022-09-23,FPSB0160030,81,0.901948097163507
Eschikon,2022,2022-04-21,2022-09-23,FPSB0160030,85,0.863738826456308
Eschikon,2022,2022-04-21,2022-09-23,FPSB0160030,88,0.84303605275022
Eschikon,2022,2022-04-21,2022-09-23,FPSB0160030,95,0.857173226218379
Eschikon,2022,2022-04-21,2022-09-23,FPSB0160030,95,0.854711919076045
Eschikon,2022,2022-04-21,2022-09-23,FPSB0160030,103,0.861821001423321
Eschikon,2022,2022-04-21,2022-09-23,FPSB0160030,109,0.882151569548007
Eschikon,2022,2022-04-21,2022-09-23,FPSB0160030,109,0.855838272470418
Eschikon,2022,2022-04-21,2022-09-23,FPSB0160030,117,0.318668315406095
Eschikon,2022,2022-04-21,2022-09-23,FPSB0160030,117,0.284103797411585
Eschikon,2022,2022-04-21,2022-09-23,FPSB0160030,124,0.0477572363964245
Eschikon,2022,2022-04-21,2022-09-23,FPSB0160030,126,0.0400930174645999
Eschikon,2022,2022-04-21,2022-09-23,FPSB0160030,126,0.0365996254045136
Eschikon,2022,2022-04-21,2022-09-23,FPSB0160030,126,0.0378878137266704
Eschikon,2022,2022-04-21,2022-09-23,FPSB0160030,131,0.0320369721260359
Eschikon,2022,2022-04-21,2022-09-23,FPSB0160030,137,0.0286380662764126
Eschikon,2022,2022-04-21,2022-09-23,FPSB0160030,145,0.00889502002799434
Eschikon,2022,2022-04-21,2022-09-23,FPSB0160030,151,0.0135009718343052
Eschikon,2022,2022-04-21,2022-09-23,FPSB0160031,0,0
Eschikon,2022,2022-04-21,2022-09-23,FPSB0160031,22,0.0234175292011102
Eschikon,2022,2022-04-21,2022-09-23,FPSB0160031,25,0.0550932063257566
Eschikon,2022,2022-04-21,2022-09-23,FPSB0160031,29,0.0694890828259713
Eschikon,2022,2022-04-21,2022-09-23,FPSB0160031,34,0.151746793969187
Eschikon,2022,2022-04-21,2022-09-23,FPSB0160031,40,0.229692636291506
Eschikon,2022,2022-04-21,2022-09-23,FPSB0160031,43,0.25300764634092
Eschikon,2022,2022-04-21,2022-09-23,FPSB0160031,47,0.401895246299686
Eschikon,2022,2022-04-21,2022-09-23,FPSB0160031,48,0.413439874565471
Eschikon,2022,2022-04-21,2022-09-23,FPSB0160031,53,0.514278899711833
Eschikon,2022,2022-04-21,2022-09-23,FPSB0160031,57,0.558014437206872
Eschikon,2022,2022-04-21,2022-09-23,FPSB0160031,60,0.607037654924215
Eschikon,2022,2022-04-21,2022-09-23,FPSB0160031,63,0.836628047774668
Eschikon,2022,2022-04-21,2022-09-23,FPSB0160031,66,0.809240706430715
Eschikon,2022,2022-04-21,2022-09-23,FPSB0160031,69,0.913611009451777
Eschikon,2022,2022-04-21,2022-09-23,FPSB0160031,71,0.942603325137572
Eschikon,2022,2022-04-21,2022-09-23,FPSB0160031,78,0.906309760761816
Eschikon,2022,2022-04-21,2022-09-23,FPSB0160031,81,0.891017185081112
Eschikon,2022,2022-04-21,2022-09-23,FPSB0160031,85,0.897117173372881
Eschikon,2022,2022-04-21,2022-09-23,FPSB0160031,88,0.921655836553097
Eschikon,2022,2022-04-21,2022-09-23,FPSB0160031,95,0.890983686531632
Eschikon,2022,2022-04-21,2022-09-23,FPSB0160031,95,0.858134130793948
Eschikon,2022,2022-04-21,2022-09-23,FPSB0160031,103,0.858966065644148
Eschikon,2022,2022-04-21,2022-09-23,FPSB0160031,109,0.848189777413522
Eschikon,2022,2022-04-21,2022-09-23,FPSB0160031,109,0.794710481468472
Eschikon,2022,2022-04-21,2022-09-23,FPSB0160031,117,0.165969051243024
Eschikon,2022,2022-04-21,2022-09-23,FPSB0160031,117,0.134437809780276
Eschikon,2022,2022-04-21,2022-09-23,FPSB0160031,124,0.00868002705902249
Eschikon,2022,2022-04-21,2022-09-23,FPSB0160031,126,0.00114187774005126
Eschikon,2022,2022-04-21,2022-09-23,FPSB0160031,126,0.00150954871274506
Eschikon,2022,2022-04-21,2022-09-23,FPSB0160031,126,0.00152613537316734
Eschikon,2022,2022-04-21,2022-09-23,FPSB0160031,131,0.00117537628953154
Eschikon,2022,2022-04-21,2022-09-23,FPSB0160031,137,0.00213154847858044
Eschikon,2022,2022-04-21,2022-09-23,FPSB0160031,145,0.00372289219321183
Eschikon,2022,2022-04-21,2022-09-23,FPSB0160031,151,0.00728937088999982
Eschikon,2022,2022-04-21,2022-09-23,FPSB0160032,0,0
Eschikon,2022,2022-04-21,2022-09-23,FPSB0160032,22,0.0181544180926241
Eschikon,2022,2022-04-21,2022-09-23,FPSB0160032,25,0.0534427097149795
Eschikon,2022,2022-04-21,2022-09-23,FPSB0160032,29,0.0903989581812423
Eschikon,2022,2022-04-21,2022-09-23,FPSB0160032,34,0.165585436425622
Eschikon,2022,2022-04-21,2022-09-23,FPSB0160032,40,0.210526123240264
Eschikon,2022,2022-04-21,2022-09-23,FPSB0160032,43,0.259523178883759
Eschikon,2022,2022-04-21,2022-09-23,FPSB0160032,47,0.43008537160497
Eschikon,2022,2022-04-21,2022-09-23,FPSB0160032,48,0.472569992251293
Eschikon,2022,2022-04-21,2022-09-23,FPSB0160032,53,0.606994585703657
Eschikon,2022,2022-04-21,2022-09-23,FPSB0160032,57,0.668877065881453
Eschikon,2022,2022-04-21,2022-09-23,FPSB0160032,60,0.746393682506253
Eschikon,2022,2022-04-21,2022-09-23,FPSB0160032,63,0.875374329941444
Eschikon,2022,2022-04-21,2022-09-23,FPSB0160032,66,0.89985863902685
Eschikon,2022,2022-04-21,2022-09-23,FPSB0160032,69,0.930187053275561
Eschikon,2022,2022-04-21,2022-09-23,FPSB0160032,71,0.908917493254132
Eschikon,2022,2022-04-21,2022-09-23,FPSB0160032,78,0.896738443244581
Eschikon,2022,2022-04-21,2022-09-23,FPSB0160032,81,0.898322847980544
Eschikon,2022,2022-04-21,2022-09-23,FPSB0160032,85,0.884896350370855
Eschikon,2022,2022-04-21,2022-09-23,FPSB0160032,88,0.881875674250556
Eschikon,2022,2022-04-21,2022-09-23,FPSB0160032,95,0.885231794226129
Eschikon,2022,2022-04-21,2022-09-23,FPSB0160032,95,0.871924677637614
Eschikon,2022,2022-04-21,2022-09-23,FPSB0160032,103,0.889488988698148
Eschikon,2022,2022-04-21,2022-09-23,FPSB0160032,109,0.886812331689574
Eschikon,2022,2022-04-21,2022-09-23,FPSB0160032,109,0.85177534711293
Eschikon,2022,2022-04-21,2022-09-23,FPSB0160032,117,0.203685712479386
Eschikon,2022,2022-04-21,2022-09-23,FPSB0160032,117,0.143169455138294
Eschikon,2022,2022-04-21,2022-09-23,FPSB0160032,124,0.0166013602038153
Eschikon,2022,2022-04-21,2022-09-23,FPSB0160032,126,0.00771134139878238
Eschikon,2022,2022-04-21,2022-09-23,FPSB0160032,126,0.00932197633094706
Eschikon,2022,2022-04-21,2022-09-23,FPSB0160032,126,0.00796237782781692
Eschikon,2022,2022-04-21,2022-09-23,FPSB0160032,131,0.00708467510875443
Eschikon,2022,2022-04-21,2022-09-23,FPSB0160032,137,0.00627294622139983
Eschikon,2022,2022-04-21,2022-09-23,FPSB0160032,145,0.00229968200931374
Eschikon,2022,2022-04-21,2022-09-23,FPSB0160032,151,0.00423685812867871
Eschikon,2022,2022-04-21,2022-09-23,FPSB0160033,0,0
Eschikon,2022,2022-04-21,2022-09-23,FPSB0160033,22,0.0146626656054251
Eschikon,2022,2022-04-21,2022-09-23,FPSB0160033,25,0.0464821076181791
Eschikon,2022,2022-04-21,2022-09-23,FPSB0160033,29,0.0589361427732169
Eschikon,2022,2022-04-21,2022-09-23,FPSB0160033,34,0.126682669843185
Eschikon,2022,2022-04-21,2022-09-23,FPSB0160033,40,0.193612931655598
Eschikon,2022,2022-04-21,2022-09-23,FPSB0160033,43,0.209619663061996
Eschikon,2022,2022-04-21,2022-09-23,FPSB0160033,47,0.360130113715089
Eschikon,2022,2022-04-21,2022-09-23,FPSB0160033,48,0.374270879956629
Eschikon,2022,2022-04-21,2022-09-23,FPSB0160033,53,0.504413430480424
Eschikon,2022,2022-04-21,2022-09-23,FPSB0160033,57,0.543935766015156
Eschikon,2022,2022-04-21,2022-09-23,FPSB0160033,60,0.58755722330424
Eschikon,2022,2022-04-21,2022-09-23,FPSB0160033,63,0.783223030678826
Eschikon,2022,2022-04-21,2022-09-23,FPSB0160033,66,0.843041116348064
Eschikon,2022,2022-04-21,2022-09-23,FPSB0160033,69,0.908374615058872
Eschikon,2022,2022-04-21,2022-09-23,FPSB0160033,71,0.910150750186496
Eschikon,2022,2022-04-21,2022-09-23,FPSB0160033,78,0.878459730783234
Eschikon,2022,2022-04-21,2022-09-23,FPSB0160033,81,0.901804559422969
Eschikon,2022,2022-04-21,2022-09-23,FPSB0160033,85,0.89957153568637
Eschikon,2022,2022-04-21,2022-09-23,FPSB0160033,88,0.893246252886557
Eschikon,2022,2022-04-21,2022-09-23,FPSB0160033,95,0.916666189286833
Eschikon,2022,2022-04-21,2022-09-23,FPSB0160033,95,0.892794969816864
Eschikon,2022,2022-04-21,2022-09-23,FPSB0160033,103,0.876809587823886
Eschikon,2022,2022-04-21,2022-09-23,FPSB0160033,109,0.906073926404579
Eschikon,2022,2022-04-21,2022-09-23,FPSB0160033,109,0.863992894042045
Eschikon,2022,2022-04-21,2022-09-23,FPSB0160033,117,0.284110221275101
Eschikon,2022,2022-04-21,2022-09-23,FPSB0160033,117,0.246600259949232
Eschikon,2022,2022-04-21,2022-09-23,FPSB0160033,124,0.0107011054843941
Eschikon,2022,2022-04-21,2022-09-23,FPSB0160033,126,0.00185366589522085
Eschikon,2022,2022-04-21,2022-09-23,FPSB0160033,126,0.00158012725036854
Eschikon,2022,2022-04-21,2022-09-23,FPSB0160033,126,0.00207644315106335
Eschikon,2022,2022-04-21,2022-09-23,FPSB0160033,131,0.00183059253658003
Eschikon,2022,2022-04-21,2022-09-23,FPSB0160033,137,0.00274853240522853
Eschikon,2022,2022-04-21,2022-09-23,FPSB0160033,145,0.00200706394852954
Eschikon,2022,2022-04-21,2022-09-23,FPSB0160033,151,0.00262606646654904
Eschikon,2022,2022-04-21,2022-09-23,FPSB0160034,0,0
Eschikon,2022,2022-04-21,2022-09-23,FPSB0160034,22,0.0168506858214458
Eschikon,2022,2022-04-21,2022-09-23,FPSB0160034,25,0.0479203771515461
Eschikon,2022,2022-04-21,2022-09-23,FPSB0160034,29,0.0633339629265393
Eschikon,2022,2022-04-21,2022-09-23,FPSB0160034,34,0.125521755838331
Eschikon,2022,2022-04-21,2022-09-23,FPSB0160034,40,0.180281399841732
Eschikon,2022,2022-04-21,2022-09-23,FPSB0160034,43,0.199179232965765
Eschikon,2022,2022-04-21,2022-09-23,FPSB0160034,47,0.349989612265107
Eschikon,2022,2022-04-21,2022-09-23,FPSB0160034,48,0.383600258095111
Eschikon,2022,2022-04-21,2022-09-23,FPSB0160034,53,0.512038822151885
Eschikon,2022,2022-04-21,2022-09-23,FPSB0160034,57,0.540867125206653
Eschikon,2022,2022-04-21,2022-09-23,FPSB0160034,60,0.613499562039278
Eschikon,2022,2022-04-21,2022-09-23,FPSB0160034,63,0.818368926331115
Eschikon,2022,2022-04-21,2022-09-23,FPSB0160034,66,0.813150290211185
Eschikon,2022,2022-04-21,2022-09-23,FPSB0160034,69,0.8559825519229
Eschikon,2022,2022-04-21,2022-09-23,FPSB0160034,71,0.822222703879509
Eschikon,2022,2022-04-21,2022-09-23,FPSB0160034,78,0.871195660027021
Eschikon,2022,2022-04-21,2022-09-23,FPSB0160034,81,0.864801057478572
Eschikon,2022,2022-04-21,2022-09-23,FPSB0160034,85,0.862136439059516
Eschikon,2022,2022-04-21,2022-09-23,FPSB0160034,88,0.848994721036141
Eschikon,2022,2022-04-21,2022-09-23,FPSB0160034,95,0.876539045547921
Eschikon,2022,2022-04-21,2022-09-23,FPSB0160034,95,0.788549139880501
Eschikon,2022,2022-04-21,2022-09-23,FPSB0160034,103,0.747459709367993
Eschikon,2022,2022-04-21,2022-09-23,FPSB0160034,109,0.671085270197696
Eschikon,2022,2022-04-21,2022-09-23,FPSB0160034,109,0.537856607013412
Eschikon,2022,2022-04-21,2022-09-23,FPSB0160034,117,0.0566171583183417
Eschikon,2022,2022-04-21,2022-09-23,FPSB0160034,117,0.0423772616819954
Eschikon,2022,2022-04-21,2022-09-23,FPSB0160034,124,0.0271191114386381
Eschikon,2022,2022-04-21,2022-09-23,FPSB0160034,126,0.0218110976247071
Eschikon,2022,2022-04-21,2022-09-23,FPSB0160034,126,0.0211602582164712
Eschikon,2022,2022-04-21,2022-09-23,FPSB0160034,126,0.0235101437024514
Eschikon,2022,2022-04-21,2022-09-23,FPSB0160034,126,0.0201088906710208
Eschikon,2022,2022-04-21,2022-09-23,FPSB0160034,131,0.0220091791837354
Eschikon,2022,2022-04-21,2022-09-23,FPSB0160034,137,0.0121304300728931
Eschikon,2022,2022-04-21,2022-09-23,FPSB0160034,145,0.00507170070779538
Eschikon,2022,2022-04-21,2022-09-23,FPSB0160034,151,0.00591552292797106
Eschikon,2022,2022-04-21,2022-09-23,FPSB0160035,0,0
Eschikon,2022,2022-04-21,2022-09-23,FPSB0160035,22,0.0152929814343979
Eschikon,2022,2022-04-21,2022-09-23,FPSB0160035,25,0.0475937323314155
Eschikon,2022,2022-04-21,2022-09-23,FPSB0160035,29,0.0534429515576246
Eschikon,2022,2022-04-21,2022-09-23,FPSB0160035,34,0.132001793919287
Eschikon,2022,2022-04-21,2022-09-23,FPSB0160035,40,0.206869525634284
Eschikon,2022,2022-04-21,2022-09-23,FPSB0160035,43,0.229757683966547
Eschikon,2022,2022-04-21,2022-09-23,FPSB0160035,47,0.402405442011444
Eschikon,2022,2022-04-21,2022-09-23,FPSB0160035,48,0.409041991418974
Eschikon,2022,2022-04-21,2022-09-23,FPSB0160035,53,0.551730704676373
Eschikon,2022,2022-04-21,2022-09-23,FPSB0160035,57,0.568068647227473
Eschikon,2022,2022-04-21,2022-09-23,FPSB0160035,60,0.588033530404566
Eschikon,2022,2022-04-21,2022-09-23,FPSB0160035,63,0.77468369753565
Eschikon,2022,2022-04-21,2022-09-23,FPSB0160035,66,0.844426871446522
Eschikon,2022,2022-04-21,2022-09-23,FPSB0160035,69,0.808420576269921
Eschikon,2022,2022-04-21,2022-09-23,FPSB0160035,71,0.778732325980337
Eschikon,2022,2022-04-21,2022-09-23,FPSB0160035,78,0.891224013239928
Eschikon,2022,2022-04-21,2022-09-23,FPSB0160035,81,0.875972338726539
Eschikon,2022,2022-04-21,2022-09-23,FPSB0160035,85,0.845523935654351
Eschikon,2022,2022-04-21,2022-09-23,FPSB0160035,88,0.795733769374353
Eschikon,2022,2022-04-21,2022-09-23,FPSB0160035,95,0.82158040938987
Eschikon,2022,2022-04-21,2022-09-23,FPSB0160035,95,0.84156971618289
Eschikon,2022,2022-04-21,2022-09-23,FPSB0160035,103,0.844024965930359
Eschikon,2022,2022-04-21,2022-09-23,FPSB0160035,109,0.857806324484043
Eschikon,2022,2022-04-21,2022-09-23,FPSB0160035,109,0.840303755091554
Eschikon,2022,2022-04-21,2022-09-23,FPSB0160035,117,0.458659860295581
Eschikon,2022,2022-04-21,2022-09-23,FPSB0160035,117,0.407500925737
Eschikon,2022,2022-04-21,2022-09-23,FPSB0160035,124,0.0356159992543724
Eschikon,2022,2022-04-21,2022-09-23,FPSB0160035,126,0.0127860338404105
Eschikon,2022,2022-04-21,2022-09-23,FPSB0160035,126,0.0151181817170757
Eschikon,2022,2022-04-21,2022-09-23,FPSB0160035,126,0.00947794100977125
Eschikon,2022,2022-04-21,2022-09-23,FPSB0160035,126,0.00918510583629947
Eschikon,2022,2022-04-21,2022-09-23,FPSB0160035,131,0.00758175454240883
Eschikon,2022,2022-04-21,2022-09-23,FPSB0160035,137,0.018810462531998
Eschikon,2022,2022-04-21,2022-09-23,FPSB0160035,145,0.00347182862655895
Eschikon,2022,2022-04-21,2022-09-23,FPSB0160035,151,0.00326353780155725
Eschikon,2022,2022-04-21,2022-09-23,FPSB0160036,0,0
Eschikon,2022,2022-04-21,2022-09-23,FPSB0160036,22,0.025008774437776
Eschikon,2022,2022-04-21,2022-09-23,FPSB0160036,25,0.0655925469791303
Eschikon,2022,2022-04-21,2022-09-23,FPSB0160036,29,0.0875139957254321
Eschikon,2022,2022-04-21,2022-09-23,FPSB0160036,34,0.184156152386135
Eschikon,2022,2022-04-21,2022-09-23,FPSB0160036,40,0.2625058489113
Eschikon,2022,2022-04-21,2022-09-23,FPSB0160036,43,0.318781791573336
Eschikon,2022,2022-04-21,2022-09-23,FPSB0160036,47,0.487408750086501
Eschikon,2022,2022-04-21,2022-09-23,FPSB0160036,48,0.521340186900028
Eschikon,2022,2022-04-21,2022-09-23,FPSB0160036,53,0.694850827224411
Eschikon,2022,2022-04-21,2022-09-23,FPSB0160036,57,0.707562718438574
Eschikon,2022,2022-04-21,2022-09-23,FPSB0160036,60,0.629333976800351
Eschikon,2022,2022-04-21,2022-09-23,FPSB0160036,63,0.805589301251042
Eschikon,2022,2022-04-21,2022-09-23,FPSB0160036,66,0.811437192634752
Eschikon,2022,2022-04-21,2022-09-23,FPSB0160036,69,0.903107282016512
Eschikon,2022,2022-04-21,2022-09-23,FPSB0160036,71,0.862000177369827
Eschikon,2022,2022-04-21,2022-09-23,FPSB0160036,78,0.893911780682209
Eschikon,2022,2022-04-21,2022-09-23,FPSB0160036,81,0.898927051115767
Eschikon,2022,2022-04-21,2022-09-23,FPSB0160036,85,0.888506296628865
Eschikon,2022,2022-04-21,2022-09-23,FPSB0160036,88,0.88525807309854
Eschikon,2022,2022-04-21,2022-09-23,FPSB0160036,95,0.830679021583691
Eschikon,2022,2022-04-21,2022-09-23,FPSB0160036,95,NA
Eschikon,2022,2022-04-21,2022-09-23,FPSB0160036,103,NA
Eschikon,2022,2022-04-21,2022-09-23,FPSB0160036,109,0.20107475029654
Eschikon,2022,2022-04-21,2022-09-23,FPSB0160036,109,NA
Eschikon,2022,2022-04-21,2022-09-23,FPSB0160036,117,0.00576798363763344
Eschikon,2022,2022-04-21,2022-09-23,FPSB0160036,117,0.00325057922334187
Eschikon,2022,2022-04-21,2022-09-23,FPSB0160036,124,0.00725317879987141
Eschikon,2022,2022-04-21,2022-09-23,FPSB0160036,126,0.00568442582061259
Eschikon,2022,2022-04-21,2022-09-23,FPSB0160036,126,0.00504049065142313
Eschikon,2022,2022-04-21,2022-09-23,FPSB0160036,126,0.00568026871528817
Eschikon,2022,2022-04-21,2022-09-23,FPSB0160036,126,0.0070487877880874
Eschikon,2022,2022-04-21,2022-09-23,FPSB0160036,131,0.00984153114503309
Eschikon,2022,2022-04-21,2022-09-23,FPSB0160036,137,0.0144234204523594
Eschikon,2022,2022-04-21,2022-09-23,FPSB0160036,145,0.0259568270755041
Eschikon,2022,2022-04-21,2022-09-23,FPSB0160036,151,0.062176498906676
Eschikon,2022,2022-04-21,2022-09-23,FPSB0160037,0,0
Eschikon,2022,2022-04-21,2022-09-23,FPSB0160037,22,0.0174821762630575
Eschikon,2022,2022-04-21,2022-09-23,FPSB0160037,25,0.0556627935218824
Eschikon,2022,2022-04-21,2022-09-23,FPSB0160037,29,0.0788355608265697
Eschikon,2022,2022-04-21,2022-09-23,FPSB0160037,34,0.15648163482798
Eschikon,2022,2022-04-21,2022-09-23,FPSB0160037,40,0.228068680312545
Eschikon,2022,2022-04-21,2022-09-23,FPSB0160037,43,0.274967299531583
Eschikon,2022,2022-04-21,2022-09-23,FPSB0160037,47,0.439494901590906
Eschikon,2022,2022-04-21,2022-09-23,FPSB0160037,48,0.480149936814258
Eschikon,2022,2022-04-21,2022-09-23,FPSB0160037,53,0.633790045641108
Eschikon,2022,2022-04-21,2022-09-23,FPSB0160037,57,0.680068902892743
Eschikon,2022,2022-04-21,2022-09-23,FPSB0160037,60,0.72527359140215
Eschikon,2022,2022-04-21,2022-09-23,FPSB0160037,63,0.867518388516288
Eschikon,2022,2022-04-21,2022-09-23,FPSB0160037,66,0.856557834531184
Eschikon,2022,2022-04-21,2022-09-23,FPSB0160037,69,0.907991600314592
Eschikon,2022,2022-04-21,2022-09-23,FPSB0160037,71,0.841414738826101
Eschikon,2022,2022-04-21,2022-09-23,FPSB0160037,78,0.876010121880388
Eschikon,2022,2022-04-21,2022-09-23,FPSB0160037,81,0.88684310511466
Eschikon,2022,2022-04-21,2022-09-23,FPSB0160037,85,0.864978270900914
Eschikon,2022,2022-04-21,2022-09-23,FPSB0160037,88,0.853765918028609
Eschikon,2022,2022-04-21,2022-09-23,FPSB0160037,95,NA
Eschikon,2022,2022-04-21,2022-09-23,FPSB0160037,95,NA
Eschikon,2022,2022-04-21,2022-09-23,FPSB0160037,103,NA
Eschikon,2022,2022-04-21,2022-09-23,FPSB0160037,109,0.356236986071797
Eschikon,2022,2022-04-21,2022-09-23,FPSB0160037,109,0.232302062026075
Eschikon,2022,2022-04-21,2022-09-23,FPSB0160037,117,0.0619652380329254
Eschikon,2022,2022-04-21,2022-09-23,FPSB0160037,117,0.0486223028023995
Eschikon,2022,2022-04-21,2022-09-23,FPSB0160037,124,0.0513981292083629
Eschikon,2022,2022-04-21,2022-09-23,FPSB0160037,126,0.0457306854365678
Eschikon,2022,2022-04-21,2022-09-23,FPSB0160037,126,0.0498026803463729
Eschikon,2022,2022-04-21,2022-09-23,FPSB0160037,126,0.0455061341946918
Eschikon,2022,2022-04-21,2022-09-23,FPSB0160037,126,0.0424631420300236
Eschikon,2022,2022-04-21,2022-09-23,FPSB0160037,131,0.0368033028689757
Eschikon,2022,2022-04-21,2022-09-23,FPSB0160037,137,0.0331308498109465
Eschikon,2022,2022-04-21,2022-09-23,FPSB0160037,145,0.0134802486736411
Eschikon,2022,2022-04-21,2022-09-23,FPSB0160037,151,0.0183917356252281
Eschikon,2022,2022-04-21,2022-09-23,FPSB0160038,0,0
Eschikon,2022,2022-04-21,2022-09-23,FPSB0160038,22,0.0177239917750484
Eschikon,2022,2022-04-21,2022-09-23,FPSB0160038,25,0.0608450681018187
Eschikon,2022,2022-04-21,2022-09-23,FPSB0160038,29,0.0867116696574172
Eschikon,2022,2022-04-21,2022-09-23,FPSB0160038,34,0.152352020301409
Eschikon,2022,2022-04-21,2022-09-23,FPSB0160038,40,0.221941180149329
Eschikon,2022,2022-04-21,2022-09-23,FPSB0160038,43,0.266257097938915
Eschikon,2022,2022-04-21,2022-09-23,FPSB0160038,47,0.421826696721164
Eschikon,2022,2022-04-21,2022-09-23,FPSB0160038,48,0.461135742794597
Eschikon,2022,2022-04-21,2022-09-23,FPSB0160038,53,0.618028882016291
Eschikon,2022,2022-04-21,2022-09-23,FPSB0160038,57,0.648051099614554
Eschikon,2022,2022-04-21,2022-09-23,FPSB0160038,60,0.727305942202852
Eschikon,2022,2022-04-21,2022-09-23,FPSB0160038,63,0.862329229067643
Eschikon,2022,2022-04-21,2022-09-23,FPSB0160038,66,0.841044925284056
Eschikon,2022,2022-04-21,2022-09-23,FPSB0160038,69,0.913912536738624
Eschikon,2022,2022-04-21,2022-09-23,FPSB0160038,71,0.891240317394936
Eschikon,2022,2022-04-21,2022-09-23,FPSB0160038,78,0.898417888076523
Eschikon,2022,2022-04-21,2022-09-23,FPSB0160038,81,0.910333213194659
Eschikon,2022,2022-04-21,2022-09-23,FPSB0160038,85,0.894983209190036
Eschikon,2022,2022-04-21,2022-09-23,FPSB0160038,88,0.890362160894289
Eschikon,2022,2022-04-21,2022-09-23,FPSB0160038,95,0.761355250060069
Eschikon,2022,2022-04-21,2022-09-23,FPSB0160038,95,NA
Eschikon,2022,2022-04-21,2022-09-23,FPSB0160038,103,NA
Eschikon,2022,2022-04-21,2022-09-23,FPSB0160038,109,0.579370330324146
Eschikon,2022,2022-04-21,2022-09-23,FPSB0160038,109,0.472147278572981
Eschikon,2022,2022-04-21,2022-09-23,FPSB0160038,117,0.118546264831405
Eschikon,2022,2022-04-21,2022-09-23,FPSB0160038,117,0.0957091900364993
Eschikon,2022,2022-04-21,2022-09-23,FPSB0160038,124,0.0676252016613462
Eschikon,2022,2022-04-21,2022-09-23,FPSB0160038,126,0.0563453243172119
Eschikon,2022,2022-04-21,2022-09-23,FPSB0160038,126,0.0523670184923466
Eschikon,2022,2022-04-21,2022-09-23,FPSB0160038,126,0.0569365782217188
Eschikon,2022,2022-04-21,2022-09-23,FPSB0160038,126,0.0500832389386606
Eschikon,2022,2022-04-21,2022-09-23,FPSB0160038,131,0.0522157004084715
Eschikon,2022,2022-04-21,2022-09-23,FPSB0160038,137,0.043690552302757
Eschikon,2022,2022-04-21,2022-09-23,FPSB0160038,145,0.0157395965628897
Eschikon,2022,2022-04-21,2022-09-23,FPSB0160038,151,0.0168783776397685
Eschikon,2022,2022-04-21,2022-09-23,FPSB0160039,0,0
Eschikon,2022,2022-04-21,2022-09-23,FPSB0160039,22,0.0156819148840954
Eschikon,2022,2022-04-21,2022-09-23,FPSB0160039,25,0.048937671343082
Eschikon,2022,2022-04-21,2022-09-23,FPSB0160039,29,0.0753712654156024
Eschikon,2022,2022-04-21,2022-09-23,FPSB0160039,34,0.164899857749034
Eschikon,2022,2022-04-21,2022-09-23,FPSB0160039,40,0.234803045628027
Eschikon,2022,2022-04-21,2022-09-23,FPSB0160039,43,0.280813482602209
Eschikon,2022,2022-04-21,2022-09-23,FPSB0160039,47,0.416796569954937
Eschikon,2022,2022-04-21,2022-09-23,FPSB0160039,48,0.478631652737162
Eschikon,2022,2022-04-21,2022-09-23,FPSB0160039,53,0.621068056822285
Eschikon,2022,2022-04-21,2022-09-23,FPSB0160039,57,0.666408787959237
Eschikon,2022,2022-04-21,2022-09-23,FPSB0160039,60,0.757202198620434
Eschikon,2022,2022-04-21,2022-09-23,FPSB0160039,63,0.856481273691588
Eschikon,2022,2022-04-21,2022-09-23,FPSB0160039,66,0.864574280402737
Eschikon,2022,2022-04-21,2022-09-23,FPSB0160039,69,0.902308979256675
Eschikon,2022,2022-04-21,2022-09-23,FPSB0160039,71,0.805742739484388
Eschikon,2022,2022-04-21,2022-09-23,FPSB0160039,78,0.854304542964528
Eschikon,2022,2022-04-21,2022-09-23,FPSB0160039,81,0.895198679348642
Eschikon,2022,2022-04-21,2022-09-23,FPSB0160039,85,0.875777157003957
Eschikon,2022,2022-04-21,2022-09-23,FPSB0160039,88,0.860862722267696
Eschikon,2022,2022-04-21,2022-09-23,FPSB0160039,95,NA
Eschikon,2022,2022-04-21,2022-09-23,FPSB0160039,95,NA
Eschikon,2022,2022-04-21,2022-09-23,FPSB0160039,103,NA
Eschikon,2022,2022-04-21,2022-09-23,FPSB0160039,109,NA
Eschikon,2022,2022-04-21,2022-09-23,FPSB0160039,109,NA
Eschikon,2022,2022-04-21,2022-09-23,FPSB0160039,117,0.0106341886687098
Eschikon,2022,2022-04-21,2022-09-23,FPSB0160039,117,0.00926520790106536
Eschikon,2022,2022-04-21,2022-09-23,FPSB0160039,124,0.00850576463048623
Eschikon,2022,2022-04-21,2022-09-23,FPSB0160039,126,0.00623787798991956
Eschikon,2022,2022-04-21,2022-09-23,FPSB0160039,126,0.0064673906947529
Eschikon,2022,2022-04-21,2022-09-23,FPSB0160039,126,0.00629617467961937
Eschikon,2022,2022-04-21,2022-09-23,FPSB0160039,126,0.00543692641873785
Eschikon,2022,2022-04-21,2022-09-23,FPSB0160039,131,0.00624647047252838
Eschikon,2022,2022-04-21,2022-09-23,FPSB0160039,137,0.00438251508625524
Eschikon,2022,2022-04-21,2022-09-23,FPSB0160039,145,0.00518655469472099
Eschikon,2022,2022-04-21,2022-09-23,FPSB0160039,151,0.0108844282006866
Eschikon,2022,2022-04-21,2022-09-23,FPSB0160040,0,0
Eschikon,2022,2022-04-21,2022-09-23,FPSB0160040,22,0.013396798058621
Eschikon,2022,2022-04-21,2022-09-23,FPSB0160040,25,0.0466675332417679
Eschikon,2022,2022-04-21,2022-09-23,FPSB0160040,29,0.0789717636999014
Eschikon,2022,2022-04-21,2022-09-23,FPSB0160040,34,0.149076957146768
Eschikon,2022,2022-04-21,2022-09-23,FPSB0160040,40,0.186282909352456
Eschikon,2022,2022-04-21,2022-09-23,FPSB0160040,43,0.244591721658641
Eschikon,2022,2022-04-21,2022-09-23,FPSB0160040,47,0.38983058165395
Eschikon,2022,2022-04-21,2022-09-23,FPSB0160040,48,0.432956282791683
Eschikon,2022,2022-04-21,2022-09-23,FPSB0160040,53,0.566274254724466
Eschikon,2022,2022-04-21,2022-09-23,FPSB0160040,57,0.645800511300209
Eschikon,2022,2022-04-21,2022-09-23,FPSB0160040,60,0.765499268780189
Eschikon,2022,2022-04-21,2022-09-23,FPSB0160040,63,0.853619810547439
Eschikon,2022,2022-04-21,2022-09-23,FPSB0160040,66,0.869384145637015
Eschikon,2022,2022-04-21,2022-09-23,FPSB0160040,69,0.898300325662606
Eschikon,2022,2022-04-21,2022-09-23,FPSB0160040,71,0.805203159983998
Eschikon,2022,2022-04-21,2022-09-23,FPSB0160040,78,0.859690063190839
Eschikon,2022,2022-04-21,2022-09-23,FPSB0160040,81,0.878254167965184
Eschikon,2022,2022-04-21,2022-09-23,FPSB0160040,85,0.86501343275005
Eschikon,2022,2022-04-21,2022-09-23,FPSB0160040,88,0.849519769515891
Eschikon,2022,2022-04-21,2022-09-23,FPSB0160040,95,0.875718881440371
Eschikon,2022,2022-04-21,2022-09-23,FPSB0160040,95,0.859095784183061
Eschikon,2022,2022-04-21,2022-09-23,FPSB0160040,103,0.840571601917607
Eschikon,2022,2022-04-21,2022-09-23,FPSB0160040,109,0.758866526758303
Eschikon,2022,2022-04-21,2022-09-23,FPSB0160040,109,0.693018009057575
Eschikon,2022,2022-04-21,2022-09-23,FPSB0160040,117,0.174940433959053
Eschikon,2022,2022-04-21,2022-09-23,FPSB0160040,117,0.14311445852369
Eschikon,2022,2022-04-21,2022-09-23,FPSB0160040,124,0.0262915276976565
Eschikon,2022,2022-04-21,2022-09-23,FPSB0160040,126,0.0135369077378387
Eschikon,2022,2022-04-21,2022-09-23,FPSB0160040,126,0.00948857194008474
Eschikon,2022,2022-04-21,2022-09-23,FPSB0160040,126,0.00892813727375403
Eschikon,2022,2022-04-21,2022-09-23,FPSB0160040,126,0.00864854157134995
Eschikon,2022,2022-04-21,2022-09-23,FPSB0160040,131,0.00955004431536627
Eschikon,2022,2022-04-21,2022-09-23,FPSB0160040,137,0.00862622633870974
Eschikon,2022,2022-04-21,2022-09-23,FPSB0160040,145,0.00392925897192771
Eschikon,2022,2022-04-21,2022-09-23,FPSB0160040,151,0.00636549899544469
Eschikon,2022,2022-04-21,2022-09-23,FPSB0160041,0,0
Eschikon,2022,2022-04-21,2022-09-23,FPSB0160041,22,0.0152475903463439
Eschikon,2022,2022-04-21,2022-09-23,FPSB0160041,25,0.0522164953953748
Eschikon,2022,2022-04-21,2022-09-23,FPSB0160041,29,0.0805864139451771
Eschikon,2022,2022-04-21,2022-09-23,FPSB0160041,34,0.157617123216401
Eschikon,2022,2022-04-21,2022-09-23,FPSB0160041,40,0.206166290856445
Eschikon,2022,2022-04-21,2022-09-23,FPSB0160041,43,0.264574312393012
Eschikon,2022,2022-04-21,2022-09-23,FPSB0160041,47,0.423807007893369
Eschikon,2022,2022-04-21,2022-09-23,FPSB0160041,48,0.460260238671599
Eschikon,2022,2022-04-21,2022-09-23,FPSB0160041,53,0.621339099360752
Eschikon,2022,2022-04-21,2022-09-23,FPSB0160041,57,0.649234679062624
Eschikon,2022,2022-04-21,2022-09-23,FPSB0160041,60,0.744239074352264
Eschikon,2022,2022-04-21,2022-09-23,FPSB0160041,63,0.856114077884806
Eschikon,2022,2022-04-21,2022-09-23,FPSB0160041,66,0.871998325790333
Eschikon,2022,2022-04-21,2022-09-23,FPSB0160041,69,0.902255395897539
Eschikon,2022,2022-04-21,2022-09-23,FPSB0160041,71,0.866391461086695
Eschikon,2022,2022-04-21,2022-09-23,FPSB0160041,78,0.864740260248968
Eschikon,2022,2022-04-21,2022-09-23,FPSB0160041,81,0.864346922894127
Eschikon,2022,2022-04-21,2022-09-23,FPSB0160041,85,0.888199324439013
Eschikon,2022,2022-04-21,2022-09-23,FPSB0160041,88,0.882270865485806
Eschikon,2022,2022-04-21,2022-09-23,FPSB0160041,95,0.844477021264372
Eschikon,2022,2022-04-21,2022-09-23,FPSB0160041,95,0.756416784831084
Eschikon,2022,2022-04-21,2022-09-23,FPSB0160041,103,0.73463878900405
Eschikon,2022,2022-04-21,2022-09-23,FPSB0160041,109,0.709002170047083
Eschikon,2022,2022-04-21,2022-09-23,FPSB0160041,109,0.590715345183723
Eschikon,2022,2022-04-21,2022-09-23,FPSB0160041,117,0.110070807252292
Eschikon,2022,2022-04-21,2022-09-23,FPSB0160041,117,0.0998025805541846
Eschikon,2022,2022-04-21,2022-09-23,FPSB0160041,124,0.0345010719666998
Eschikon,2022,2022-04-21,2022-09-23,FPSB0160041,126,0.0270470842766901
Eschikon,2022,2022-04-21,2022-09-23,FPSB0160041,126,0.0238267774931386
Eschikon,2022,2022-04-21,2022-09-23,FPSB0160041,126,0.020968471644457
Eschikon,2022,2022-04-21,2022-09-23,FPSB0160041,126,0.0225272953274786
Eschikon,2022,2022-04-21,2022-09-23,FPSB0160041,131,0.037198615452511
Eschikon,2022,2022-04-21,2022-09-23,FPSB0160041,137,0.0289674192630196
Eschikon,2022,2022-04-21,2022-09-23,FPSB0160041,145,0.0174103190830964
Eschikon,2022,2022-04-21,2022-09-23,FPSB0160041,151,0.0297431588678151
Eschikon,2022,2022-04-21,2022-09-23,FPSB0160042,0,0
Eschikon,2022,2022-04-21,2022-09-23,FPSB0160042,22,0.0144437937810905
Eschikon,2022,2022-04-21,2022-09-23,FPSB0160042,25,0.0448070135935972
Eschikon,2022,2022-04-21,2022-09-23,FPSB0160042,29,0.071249263579285
Eschikon,2022,2022-04-21,2022-09-23,FPSB0160042,34,0.161661718425057
Eschikon,2022,2022-04-21,2022-09-23,FPSB0160042,40,0.209458865047556
Eschikon,2022,2022-04-21,2022-09-23,FPSB0160042,43,0.269262569018773
Eschikon,2022,2022-04-21,2022-09-23,FPSB0160042,47,0.426100680707885
Eschikon,2022,2022-04-21,2022-09-23,FPSB0160042,48,0.442168472165453
Eschikon,2022,2022-04-21,2022-09-23,FPSB0160042,53,0.602834329753108
Eschikon,2022,2022-04-21,2022-09-23,FPSB0160042,57,0.642928568154481
Eschikon,2022,2022-04-21,2022-09-23,FPSB0160042,60,0.728713921982515
Eschikon,2022,2022-04-21,2022-09-23,FPSB0160042,63,0.891147519505991
Eschikon,2022,2022-04-21,2022-09-23,FPSB0160042,66,0.854065088295046
Eschikon,2022,2022-04-21,2022-09-23,FPSB0160042,69,0.874779412648611
Eschikon,2022,2022-04-21,2022-09-23,FPSB0160042,71,0.749634042019719
Eschikon,2022,2022-04-21,2022-09-23,FPSB0160042,78,0.865523654835562
Eschikon,2022,2022-04-21,2022-09-23,FPSB0160042,81,0.873818395119085
Eschikon,2022,2022-04-21,2022-09-23,FPSB0160042,85,0.866852749078806
Eschikon,2022,2022-04-21,2022-09-23,FPSB0160042,88,0.857976962161604
Eschikon,2022,2022-04-21,2022-09-23,FPSB0160042,95,0.835102591142281
Eschikon,2022,2022-04-21,2022-09-23,FPSB0160042,95,0.756597383538712
Eschikon,2022,2022-04-21,2022-09-23,FPSB0160042,103,0.630438055696899
Eschikon,2022,2022-04-21,2022-09-23,FPSB0160042,109,0.383052919183204
Eschikon,2022,2022-04-21,2022-09-23,FPSB0160042,109,0.266971570196333
Eschikon,2022,2022-04-21,2022-09-23,FPSB0160042,117,0.0193833285399291
Eschikon,2022,2022-04-21,2022-09-23,FPSB0160042,117,0.0172533363322837
Eschikon,2022,2022-04-21,2022-09-23,FPSB0160042,124,0.0117017445533408
Eschikon,2022,2022-04-21,2022-09-23,FPSB0160042,126,0.00764701616729227
Eschikon,2022,2022-04-21,2022-09-23,FPSB0160042,126,0.00554513911934102
Eschikon,2022,2022-04-21,2022-09-23,FPSB0160042,126,0.00535524656534148
Eschikon,2022,2022-04-21,2022-09-23,FPSB0160042,126,0.00529363902961832
Eschikon,2022,2022-04-21,2022-09-23,FPSB0160042,131,0.00932286404676396
Eschikon,2022,2022-04-21,2022-09-23,FPSB0160042,137,0.0178833433349452
Eschikon,2022,2022-04-21,2022-09-23,FPSB0160042,145,0.0205580198569845
Eschikon,2022,2022-04-21,2022-09-23,FPSB0160042,151,0.0465183063587319
Eschikon,2022,2022-04-21,2022-09-23,FPSB0160043,0,0
Eschikon,2022,2022-04-21,2022-09-23,FPSB0160043,22,0.0258514338511549
Eschikon,2022,2022-04-21,2022-09-23,FPSB0160043,25,0.0557066813226851
Eschikon,2022,2022-04-21,2022-09-23,FPSB0160043,29,0.0846511620554189
Eschikon,2022,2022-04-21,2022-09-23,FPSB0160043,34,NA
Eschikon,2022,2022-04-21,2022-09-23,FPSB0160043,40,0.255642914927363
Eschikon,2022,2022-04-21,2022-09-23,FPSB0160043,43,0.322573313734728
Eschikon,2022,2022-04-21,2022-09-23,FPSB0160043,47,0.498017983472176
Eschikon,2022,2022-04-21,2022-09-23,FPSB0160043,48,0.523653898221389
Eschikon,2022,2022-04-21,2022-09-23,FPSB0160043,53,0.723415039887841
Eschikon,2022,2022-04-21,2022-09-23,FPSB0160043,57,0.727041481116357
Eschikon,2022,2022-04-21,2022-09-23,FPSB0160043,60,0.696852712767056
Eschikon,2022,2022-04-21,2022-09-23,FPSB0160043,63,0.900776920028256
Eschikon,2022,2022-04-21,2022-09-23,FPSB0160043,66,0.861778884233974
Eschikon,2022,2022-04-21,2022-09-23,FPSB0160043,69,0.887013366429534
Eschikon,2022,2022-04-21,2022-09-23,FPSB0160043,71,0.847017987601977
Eschikon,2022,2022-04-21,2022-09-23,FPSB0160043,78,0.870293100826784
Eschikon,2022,2022-04-21,2022-09-23,FPSB0160043,81,0.887096110849392
Eschikon,2022,2022-04-21,2022-09-23,FPSB0160043,85,0.880964866037044
Eschikon,2022,2022-04-21,2022-09-23,FPSB0160043,88,0.878700837252893
Eschikon,2022,2022-04-21,2022-09-23,FPSB0160043,95,0.84194842008709
Eschikon,2022,2022-04-21,2022-09-23,FPSB0160043,95,NA
Eschikon,2022,2022-04-21,2022-09-23,FPSB0160043,103,NA
Eschikon,2022,2022-04-21,2022-09-23,FPSB0160043,109,0.206762549446276
Eschikon,2022,2022-04-21,2022-09-23,FPSB0160043,109,NA
Eschikon,2022,2022-04-21,2022-09-23,FPSB0160043,117,0.00710350130735083
Eschikon,2022,2022-04-21,2022-09-23,FPSB0160043,117,0.00578275293935836
Eschikon,2022,2022-04-21,2022-09-23,FPSB0160043,124,0.0114168866356093
Eschikon,2022,2022-04-21,2022-09-23,FPSB0160043,126,0.010678308195806
Eschikon,2022,2022-04-21,2022-09-23,FPSB0160043,126,0.0092394745172523
Eschikon,2022,2022-04-21,2022-09-23,FPSB0160043,126,0.00929711510420172
Eschikon,2022,2022-04-21,2022-09-23,FPSB0160043,126,0.00944074921546488
Eschikon,2022,2022-04-21,2022-09-23,FPSB0160043,131,0.0219771095208541
Eschikon,2022,2022-04-21,2022-09-23,FPSB0160043,137,0.0320365952182585
Eschikon,2022,2022-04-21,2022-09-23,FPSB0160043,145,NA
Eschikon,2022,2022-04-21,2022-09-23,FPSB0160043,151,NA
Eschikon,2022,2022-04-21,2022-09-23,FPSB0160044,0,0
Eschikon,2022,2022-04-21,2022-09-23,FPSB0160044,22,0.0169043080679235
Eschikon,2022,2022-04-21,2022-09-23,FPSB0160044,25,0.0425350624598711
Eschikon,2022,2022-04-21,2022-09-23,FPSB0160044,29,0.061620414172887
Eschikon,2022,2022-04-21,2022-09-23,FPSB0160044,34,0.178529863541613
Eschikon,2022,2022-04-21,2022-09-23,FPSB0160044,40,0.215174597322668
Eschikon,2022,2022-04-21,2022-09-23,FPSB0160044,43,0.253745930378886
Eschikon,2022,2022-04-21,2022-09-23,FPSB0160044,47,0.43657779304464
Eschikon,2022,2022-04-21,2022-09-23,FPSB0160044,48,0.447493996587139
Eschikon,2022,2022-04-21,2022-09-23,FPSB0160044,53,0.616358431830495
Eschikon,2022,2022-04-21,2022-09-23,FPSB0160044,57,0.66760516175176
Eschikon,2022,2022-04-21,2022-09-23,FPSB0160044,60,0.731620053375063
Eschikon,2022,2022-04-21,2022-09-23,FPSB0160044,63,0.940168045838439
Eschikon,2022,2022-04-21,2022-09-23,FPSB0160044,66,0.892002186027343
Eschikon,2022,2022-04-21,2022-09-23,FPSB0160044,69,0.846668036133445
Eschikon,2022,2022-04-21,2022-09-23,FPSB0160044,71,0.79370156476898
Eschikon,2022,2022-04-21,2022-09-23,FPSB0160044,78,0.872658084736736
Eschikon,2022,2022-04-21,2022-09-23,FPSB0160044,81,0.871404916348737
Eschikon,2022,2022-04-21,2022-09-23,FPSB0160044,85,0.860125491445716
Eschikon,2022,2022-04-21,2022-09-23,FPSB0160044,88,0.8267151855635
Eschikon,2022,2022-04-21,2022-09-23,FPSB0160044,95,0.862852633217802
Eschikon,2022,2022-04-21,2022-09-23,FPSB0160044,95,0.817972108000198
Eschikon,2022,2022-04-21,2022-09-23,FPSB0160044,103,0.744810536945368
Eschikon,2022,2022-04-21,2022-09-23,FPSB0160044,109,0.635042444031208
Eschikon,2022,2022-04-21,2022-09-23,FPSB0160044,109,0.529574228310183
Eschikon,2022,2022-04-21,2022-09-23,FPSB0160044,117,0.0349433909827168
Eschikon,2022,2022-04-21,2022-09-23,FPSB0160044,117,0.0302357338874193
Eschikon,2022,2022-04-21,2022-09-23,FPSB0160044,124,0.0087747250668599
Eschikon,2022,2022-04-21,2022-09-23,FPSB0160044,126,0.00541336004819151
Eschikon,2022,2022-04-21,2022-09-23,FPSB0160044,126,0.00499630415360752
Eschikon,2022,2022-04-21,2022-09-23,FPSB0160044,126,0.00464181573732136
Eschikon,2022,2022-04-21,2022-09-23,FPSB0160044,126,0.00422166784526335
Eschikon,2022,2022-04-21,2022-09-23,FPSB0160044,131,0.00668126089474404
Eschikon,2022,2022-04-21,2022-09-23,FPSB0160044,137,0.00315491905806042
Eschikon,2022,2022-04-21,2022-09-23,FPSB0160044,145,0.0020136178844044
Eschikon,2022,2022-04-21,2022-09-23,FPSB0160044,151,0.0034556561919746
Eschikon,2022,2022-04-21,2022-09-23,FPSB0160045,0,0
Eschikon,2022,2022-04-21,2022-09-23,FPSB0160045,22,0.0177571984916963
Eschikon,2022,2022-04-21,2022-09-23,FPSB0160045,25,0.046767275770567
Eschikon,2022,2022-04-21,2022-09-23,FPSB0160045,29,0.081596842942903
Eschikon,2022,2022-04-21,2022-09-23,FPSB0160045,34,0.0786124450659233
Eschikon,2022,2022-04-21,2022-09-23,FPSB0160045,40,0.21961060846419
Eschikon,2022,2022-04-21,2022-09-23,FPSB0160045,43,0.226992684286227
Eschikon,2022,2022-04-21,2022-09-23,FPSB0160045,47,0.348287007040259
Eschikon,2022,2022-04-21,2022-09-23,FPSB0160045,48,0.371144558152893
Eschikon,2022,2022-04-21,2022-09-23,FPSB0160045,53,0.500476896657824
Eschikon,2022,2022-04-21,2022-09-23,FPSB0160045,57,0.541885300110605
Eschikon,2022,2022-04-21,2022-09-23,FPSB0160045,60,0.638293482093391
Eschikon,2022,2022-04-21,2022-09-23,FPSB0160045,63,0.892698062275013
Eschikon,2022,2022-04-21,2022-09-23,FPSB0160045,66,0.903751924199098
Eschikon,2022,2022-04-21,2022-09-23,FPSB0160045,69,0.929401366148354
Eschikon,2022,2022-04-21,2022-09-23,FPSB0160045,71,0.948333921802583
Eschikon,2022,2022-04-21,2022-09-23,FPSB0160045,78,0.914832096871508
Eschikon,2022,2022-04-21,2022-09-23,FPSB0160045,81,0.915004410137364
Eschikon,2022,2022-04-21,2022-09-23,FPSB0160045,85,0.872666076844614
Eschikon,2022,2022-04-21,2022-09-23,FPSB0160045,88,0.851450745800224
Eschikon,2022,2022-04-21,2022-09-23,FPSB0160045,95,0.868662964045205
Eschikon,2022,2022-04-21,2022-09-23,FPSB0160045,95,0.799547419799082
Eschikon,2022,2022-04-21,2022-09-23,FPSB0160045,103,0.812577447964438
Eschikon,2022,2022-04-21,2022-09-23,FPSB0160045,109,0.84837430296832
Eschikon,2022,2022-04-21,2022-09-23,FPSB0160045,109,0.71497288983044
Eschikon,2022,2022-04-21,2022-09-23,FPSB0160045,117,0.0635971231294118
Eschikon,2022,2022-04-21,2022-09-23,FPSB0160045,117,0.0439158705421763
Eschikon,2022,2022-04-21,2022-09-23,FPSB0160045,124,0.0163978309158746
Eschikon,2022,2022-04-21,2022-09-23,FPSB0160045,126,0.011678578095957
Eschikon,2022,2022-04-21,2022-09-23,FPSB0160045,126,0.00771689488451122
Eschikon,2022,2022-04-21,2022-09-23,FPSB0160045,126,0.0085852252281502
Eschikon,2022,2022-04-21,2022-09-23,FPSB0160045,126,0.00844504103051112
Eschikon,2022,2022-04-21,2022-09-23,FPSB0160045,131,0.0075775561886673
Eschikon,2022,2022-04-21,2022-09-23,FPSB0160045,137,0.00377549679734146
Eschikon,2022,2022-04-21,2022-09-23,FPSB0160045,145,0.0016544779127875
Eschikon,2022,2022-04-21,2022-09-23,FPSB0160045,151,0.00279289412746317
Eschikon,2022,2022-04-21,2022-09-23,FPSB0160046,0,0
Eschikon,2022,2022-04-21,2022-09-23,FPSB0160046,22,0.0136320074064067
Eschikon,2022,2022-04-21,2022-09-23,FPSB0160046,25,0.0301440505673895
Eschikon,2022,2022-04-21,2022-09-23,FPSB0160046,29,0.052967273775824
Eschikon,2022,2022-04-21,2022-09-23,FPSB0160046,34,0.143196088763075
Eschikon,2022,2022-04-21,2022-09-23,FPSB0160046,40,0.16549997424272
Eschikon,2022,2022-04-21,2022-09-23,FPSB0160046,43,0.180040019404997
Eschikon,2022,2022-04-21,2022-09-23,FPSB0160046,47,0.319379413992818
Eschikon,2022,2022-04-21,2022-09-23,FPSB0160046,48,0.327779254862109
Eschikon,2022,2022-04-21,2022-09-23,FPSB0160046,53,0.43359702198697
Eschikon,2022,2022-04-21,2022-09-23,FPSB0160046,57,0.456849733733797
Eschikon,2022,2022-04-21,2022-09-23,FPSB0160046,60,0.492554202588074
Eschikon,2022,2022-04-21,2022-09-23,FPSB0160046,63,0.697152804695622
Eschikon,2022,2022-04-21,2022-09-23,FPSB0160046,66,0.772959620247866
Eschikon,2022,2022-04-21,2022-09-23,FPSB0160046,69,0.85601162378388
Eschikon,2022,2022-04-21,2022-09-23,FPSB0160046,71,0.885490607948235
Eschikon,2022,2022-04-21,2022-09-23,FPSB0160046,78,0.892306548640179
Eschikon,2022,2022-04-21,2022-09-23,FPSB0160046,81,0.905703342813066
Eschikon,2022,2022-04-21,2022-09-23,FPSB0160046,85,0.906930243906158
Eschikon,2022,2022-04-21,2022-09-23,FPSB0160046,88,0.896793060987976
Eschikon,2022,2022-04-21,2022-09-23,FPSB0160046,95,0.897598393528367
Eschikon,2022,2022-04-21,2022-09-23,FPSB0160046,95,0.837566968086593
Eschikon,2022,2022-04-21,2022-09-23,FPSB0160046,103,0.855719513000958
Eschikon,2022,2022-04-21,2022-09-23,FPSB0160046,109,0.84606457655075
Eschikon,2022,2022-04-21,2022-09-23,FPSB0160046,109,0.708596059175899
Eschikon,2022,2022-04-21,2022-09-23,FPSB0160046,117,0.0538236934869406
Eschikon,2022,2022-04-21,2022-09-23,FPSB0160046,117,0.0383489189800519
Eschikon,2022,2022-04-21,2022-09-23,FPSB0160046,124,0.00727229579816556
Eschikon,2022,2022-04-21,2022-09-23,FPSB0160046,126,0.00302754205519594
Eschikon,2022,2022-04-21,2022-09-23,FPSB0160046,126,0.00277911205654292
Eschikon,2022,2022-04-21,2022-09-23,FPSB0160046,126,0.00193009777086494
Eschikon,2022,2022-04-21,2022-09-23,FPSB0160046,126,0.00196933192026858
Eschikon,2022,2022-04-21,2022-09-23,FPSB0160046,131,0.00229098840829439
Eschikon,2022,2022-04-21,2022-09-23,FPSB0160046,137,0.00113974435355132
Eschikon,2022,2022-04-21,2022-09-23,FPSB0160046,145,0.00155665855933474
Eschikon,2022,2022-04-21,2022-09-23,FPSB0160046,151,0.00213503247963301
Eschikon,2022,2022-04-21,2022-09-23,FPSB0160047,0,0
Eschikon,2022,2022-04-21,2022-09-23,FPSB0160047,22,0.0165594714288891
Eschikon,2022,2022-04-21,2022-09-23,FPSB0160047,25,0.0411558123270236
Eschikon,2022,2022-04-21,2022-09-23,FPSB0160047,29,0.0853376561912589
Eschikon,2022,2022-04-21,2022-09-23,FPSB0160047,34,0.171402176918694
Eschikon,2022,2022-04-21,2022-09-23,FPSB0160047,40,0.193175336619065
Eschikon,2022,2022-04-21,2022-09-23,FPSB0160047,43,0.271724545587927
Eschikon,2022,2022-04-21,2022-09-23,FPSB0160047,47,0.450542138592036
Eschikon,2022,2022-04-21,2022-09-23,FPSB0160047,48,0.457825364625033
Eschikon,2022,2022-04-21,2022-09-23,FPSB0160047,53,0.634250040527121
Eschikon,2022,2022-04-21,2022-09-23,FPSB0160047,57,0.677056360737435
Eschikon,2022,2022-04-21,2022-09-23,FPSB0160047,60,0.739777226820868
Eschikon,2022,2022-04-21,2022-09-23,FPSB0160047,63,0.854766907240574
Eschikon,2022,2022-04-21,2022-09-23,FPSB0160047,66,0.885082779218858
Eschikon,2022,2022-04-21,2022-09-23,FPSB0160047,69,0.892419535436545
Eschikon,2022,2022-04-21,2022-09-23,FPSB0160047,71,0.847786662825906
Eschikon,2022,2022-04-21,2022-09-23,FPSB0160047,78,0.880244052739436
Eschikon,2022,2022-04-21,2022-09-23,FPSB0160047,81,0.873149167528207
Eschikon,2022,2022-04-21,2022-09-23,FPSB0160047,85,0.877512114181089
Eschikon,2022,2022-04-21,2022-09-23,FPSB0160047,88,0.868416284563561
Eschikon,2022,2022-04-21,2022-09-23,FPSB0160047,95,0.869966728750201
Eschikon,2022,2022-04-21,2022-09-23,FPSB0160047,95,0.830444706194937
Eschikon,2022,2022-04-21,2022-09-23,FPSB0160047,103,0.832008632504939
Eschikon,2022,2022-04-21,2022-09-23,FPSB0160047,109,0.880382162295828
Eschikon,2022,2022-04-21,2022-09-23,FPSB0160047,109,0.83703943751266
Eschikon,2022,2022-04-21,2022-09-23,FPSB0160047,117,0.387320358927007
Eschikon,2022,2022-04-21,2022-09-23,FPSB0160047,117,0.358110845414631
Eschikon,2022,2022-04-21,2022-09-23,FPSB0160047,124,0.0364004177485249
Eschikon,2022,2022-04-21,2022-09-23,FPSB0160047,126,0.00715127994675548
Eschikon,2022,2022-04-21,2022-09-23,FPSB0160047,126,0.00465758037318517
Eschikon,2022,2022-04-21,2022-09-23,FPSB0160047,126,0.00479009978086617
Eschikon,2022,2022-04-21,2022-09-23,FPSB0160047,126,0.00315596777969816
Eschikon,2022,2022-04-21,2022-09-23,FPSB0160047,131,0.00534237359029603
Eschikon,2022,2022-04-21,2022-09-23,FPSB0160047,137,0.00253628335345787
Eschikon,2022,2022-04-21,2022-09-23,FPSB0160047,145,0.00102891619512118
Eschikon,2022,2022-04-21,2022-09-23,FPSB0160047,151,0.00157937806873977
Eschikon,2022,2022-04-21,2022-09-23,FPSB0160048,0,0
Eschikon,2022,2022-04-21,2022-09-23,FPSB0160048,22,0.022784353422817
Eschikon,2022,2022-04-21,2022-09-23,FPSB0160048,25,0.0286632385121005
Eschikon,2022,2022-04-21,2022-09-23,FPSB0160048,29,0.0768974240282872
Eschikon,2022,2022-04-21,2022-09-23,FPSB0160048,34,0.164224948201261
Eschikon,2022,2022-04-21,2022-09-23,FPSB0160048,40,0.216759422710896
Eschikon,2022,2022-04-21,2022-09-23,FPSB0160048,43,0.244598669662923
Eschikon,2022,2022-04-21,2022-09-23,FPSB0160048,47,0.409551827350506
Eschikon,2022,2022-04-21,2022-09-23,FPSB0160048,48,0.430417221371494
Eschikon,2022,2022-04-21,2022-09-23,FPSB0160048,53,0.575173647787512
Eschikon,2022,2022-04-21,2022-09-23,FPSB0160048,57,0.632500487165081
Eschikon,2022,2022-04-21,2022-09-23,FPSB0160048,60,0.640739557274626
Eschikon,2022,2022-04-21,2022-09-23,FPSB0160048,63,0.902654732066998
Eschikon,2022,2022-04-21,2022-09-23,FPSB0160048,66,0.861089731105068
Eschikon,2022,2022-04-21,2022-09-23,FPSB0160048,69,0.908968616023831
Eschikon,2022,2022-04-21,2022-09-23,FPSB0160048,71,0.909337923393479
Eschikon,2022,2022-04-21,2022-09-23,FPSB0160048,78,0.886439379550491
Eschikon,2022,2022-04-21,2022-09-23,FPSB0160048,81,0.901628046850269
Eschikon,2022,2022-04-21,2022-09-23,FPSB0160048,85,0.875752611585945
Eschikon,2022,2022-04-21,2022-09-23,FPSB0160048,88,0.888466761633428
Eschikon,2022,2022-04-21,2022-09-23,FPSB0160048,95,0.904465020576132
Eschikon,2022,2022-04-21,2022-09-23,FPSB0160048,95,0.841219056663501
Eschikon,2022,2022-04-21,2022-09-23,FPSB0160048,103,0.831418328584995
Eschikon,2022,2022-04-21,2022-09-23,FPSB0160048,109,0.822291547958215
Eschikon,2022,2022-04-21,2022-09-23,FPSB0160048,109,0.74706220322887
Eschikon,2022,2022-04-21,2022-09-23,FPSB0160048,117,0.156238841405508
Eschikon,2022,2022-04-21,2022-09-23,FPSB0160048,117,0.109089585311808
Eschikon,2022,2022-04-21,2022-09-23,FPSB0160048,124,0.01688081671415
Eschikon,2022,2022-04-21,2022-09-23,FPSB0160048,126,0.0109444444444444
Eschikon,2022,2022-04-21,2022-09-23,FPSB0160048,126,0.00703846153846154
Eschikon,2022,2022-04-21,2022-09-23,FPSB0160048,126,0.00761427666983222
Eschikon,2022,2022-04-21,2022-09-23,FPSB0160048,126,0.00640091801202912
Eschikon,2022,2022-04-21,2022-09-23,FPSB0160048,131,0.0224987337765116
Eschikon,2022,2022-04-21,2022-09-23,FPSB0160048,137,0.0143133892675009
Eschikon,2022,2022-04-21,2022-09-23,FPSB0160048,145,0.0106076289965179
Eschikon,2022,2022-04-21,2022-09-23,FPSB0160048,151,0.0151950915540217
Eschikon,2022,2022-04-21,2022-09-23,FPSB0160049,0,0
Eschikon,2022,2022-04-21,2022-09-23,FPSB0160049,22,0.0183441875377615
Eschikon,2022,2022-04-21,2022-09-23,FPSB0160049,25,0.0401845160148525
Eschikon,2022,2022-04-21,2022-09-23,FPSB0160049,29,0.062014948870894
Eschikon,2022,2022-04-21,2022-09-23,FPSB0160049,34,0.148962580031229
Eschikon,2022,2022-04-21,2022-09-23,FPSB0160049,40,0.213380130503166
Eschikon,2022,2022-04-21,2022-09-23,FPSB0160049,43,0.236343808882976
Eschikon,2022,2022-04-21,2022-09-23,FPSB0160049,47,0.377444927440939
Eschikon,2022,2022-04-21,2022-09-23,FPSB0160049,48,0.402391348862385
Eschikon,2022,2022-04-21,2022-09-23,FPSB0160049,53,0.516961621352088
Eschikon,2022,2022-04-21,2022-09-23,FPSB0160049,57,0.572213074976895
Eschikon,2022,2022-04-21,2022-09-23,FPSB0160049,60,0.62903241971678
Eschikon,2022,2022-04-21,2022-09-23,FPSB0160049,63,0.856217467051917
Eschikon,2022,2022-04-21,2022-09-23,FPSB0160049,66,0.88086426050617
Eschikon,2022,2022-04-21,2022-09-23,FPSB0160049,69,0.898434213476212
Eschikon,2022,2022-04-21,2022-09-23,FPSB0160049,71,0.891054118255376
Eschikon,2022,2022-04-21,2022-09-23,FPSB0160049,78,0.903740724102359
Eschikon,2022,2022-04-21,2022-09-23,FPSB0160049,81,0.911426056473226
Eschikon,2022,2022-04-21,2022-09-23,FPSB0160049,85,0.896169140665996
Eschikon,2022,2022-04-21,2022-09-23,FPSB0160049,88,0.890417060228381
Eschikon,2022,2022-04-21,2022-09-23,FPSB0160049,95,0.87756871011588
Eschikon,2022,2022-04-21,2022-09-23,FPSB0160049,95,0.882118667496026
Eschikon,2022,2022-04-21,2022-09-23,FPSB0160049,103,0.873522063773636
Eschikon,2022,2022-04-21,2022-09-23,FPSB0160049,109,0.88385657843205
Eschikon,2022,2022-04-21,2022-09-23,FPSB0160049,109,0.87599126356988
Eschikon,2022,2022-04-21,2022-09-23,FPSB0160049,117,0.412637458628025
Eschikon,2022,2022-04-21,2022-09-23,FPSB0160049,117,0.349114198170802
Eschikon,2022,2022-04-21,2022-09-23,FPSB0160049,124,0.0449452277282466
Eschikon,2022,2022-04-21,2022-09-23,FPSB0160049,126,0.0312511998832754
Eschikon,2022,2022-04-21,2022-09-23,FPSB0160049,126,0.0253453744019782
Eschikon,2022,2022-04-21,2022-09-23,FPSB0160049,126,0.0260713837757863
Eschikon,2022,2022-04-21,2022-09-23,FPSB0160049,126,0.0265913331951068
Eschikon,2022,2022-04-21,2022-09-23,FPSB0160049,131,0.0359334643925839
Eschikon,2022,2022-04-21,2022-09-23,FPSB0160049,137,0.0150096138561804
Eschikon,2022,2022-04-21,2022-09-23,FPSB0160049,145,0.00717434208000246
Eschikon,2022,2022-04-21,2022-09-23,FPSB0160049,151,0.0110195270705385
Eschikon,2022,2022-04-21,2022-09-23,FPSB0160050,0,0
Eschikon,2022,2022-04-21,2022-09-23,FPSB0160050,22,0.0185263869572391
Eschikon,2022,2022-04-21,2022-09-23,FPSB0160050,25,0.0398137369259458
Eschikon,2022,2022-04-21,2022-09-23,FPSB0160050,29,0.0616104661081106
Eschikon,2022,2022-04-21,2022-09-23,FPSB0160050,34,0.137510801830992
Eschikon,2022,2022-04-21,2022-09-23,FPSB0160050,40,0.199499299298379
Eschikon,2022,2022-04-21,2022-09-23,FPSB0160050,43,0.236885203246513
Eschikon,2022,2022-04-21,2022-09-23,FPSB0160050,47,0.4173083674684
Eschikon,2022,2022-04-21,2022-09-23,FPSB0160050,48,0.427934459473337
Eschikon,2022,2022-04-21,2022-09-23,FPSB0160050,53,0.555617274979268
Eschikon,2022,2022-04-21,2022-09-23,FPSB0160050,57,0.586638585168349
Eschikon,2022,2022-04-21,2022-09-23,FPSB0160050,60,0.675787783097465
Eschikon,2022,2022-04-21,2022-09-23,FPSB0160050,63,0.779953542502418
Eschikon,2022,2022-04-21,2022-09-23,FPSB0160050,66,0.886701548860533
Eschikon,2022,2022-04-21,2022-09-23,FPSB0160050,69,0.855960191684557
Eschikon,2022,2022-04-21,2022-09-23,FPSB0160050,71,0.811528393429062
Eschikon,2022,2022-04-21,2022-09-23,FPSB0160050,78,0.868960835054436
Eschikon,2022,2022-04-21,2022-09-23,FPSB0160050,81,0.872925833408164
Eschikon,2022,2022-04-21,2022-09-23,FPSB0160050,85,0.867260310968525
Eschikon,2022,2022-04-21,2022-09-23,FPSB0160050,88,0.857665334683004
Eschikon,2022,2022-04-21,2022-09-23,FPSB0160050,95,0.887986330500657
Eschikon,2022,2022-04-21,2022-09-23,FPSB0160050,95,0.843144807984827
Eschikon,2022,2022-04-21,2022-09-23,FPSB0160050,103,0.815064136577986
Eschikon,2022,2022-04-21,2022-09-23,FPSB0160050,109,0.825098742302658
Eschikon,2022,2022-04-21,2022-09-23,FPSB0160050,109,0.704608302924922
Eschikon,2022,2022-04-21,2022-09-23,FPSB0160050,117,0.139928693295455
Eschikon,2022,2022-04-21,2022-09-23,FPSB0160050,117,0.107358189318552
Eschikon,2022,2022-04-21,2022-09-23,FPSB0160050,124,0.059337389148755
Eschikon,2022,2022-04-21,2022-09-23,FPSB0160050,126,0.0515138558954223
Eschikon,2022,2022-04-21,2022-09-23,FPSB0160050,126,0.0474145027034234
Eschikon,2022,2022-04-21,2022-09-23,FPSB0160050,126,0.044226551509264
Eschikon,2022,2022-04-21,2022-09-23,FPSB0160050,126,0.0393708996263915
Eschikon,2022,2022-04-21,2022-09-23,FPSB0160050,131,0.0488238679499425
Eschikon,2022,2022-04-21,2022-09-23,FPSB0160050,137,0.0330905967143865
Eschikon,2022,2022-04-21,2022-09-23,FPSB0160050,145,0.0167365311825675
Eschikon,2022,2022-04-21,2022-09-23,FPSB0160050,151,0.0196785620018667
Eschikon,2022,2022-04-21,2022-09-23,FPSB0160051,0,0
Eschikon,2022,2022-04-21,2022-09-23,FPSB0160051,22,0.0179614554019196
Eschikon,2022,2022-04-21,2022-09-23,FPSB0160051,25,0.0470218808368144
Eschikon,2022,2022-04-21,2022-09-23,FPSB0160051,29,0.0731429577042236
Eschikon,2022,2022-04-21,2022-09-23,FPSB0160051,34,0.160099333630099
Eschikon,2022,2022-04-21,2022-09-23,FPSB0160051,40,0.234676215620836
Eschikon,2022,2022-04-21,2022-09-23,FPSB0160051,43,0.280780442963001
Eschikon,2022,2022-04-21,2022-09-23,FPSB0160051,47,0.4863243044343
Eschikon,2022,2022-04-21,2022-09-23,FPSB0160051,48,0.492335853928969
Eschikon,2022,2022-04-21,2022-09-23,FPSB0160051,53,0.671118772344115
Eschikon,2022,2022-04-21,2022-09-23,FPSB0160051,57,0.711348469354689
Eschikon,2022,2022-04-21,2022-09-23,FPSB0160051,60,0.731800726037371
Eschikon,2022,2022-04-21,2022-09-23,FPSB0160051,63,0.808210375385965
Eschikon,2022,2022-04-21,2022-09-23,FPSB0160051,66,0.890040508283751
Eschikon,2022,2022-04-21,2022-09-23,FPSB0160051,69,0.851067673702809
Eschikon,2022,2022-04-21,2022-09-23,FPSB0160051,71,0.807323200022739
Eschikon,2022,2022-04-21,2022-09-23,FPSB0160051,78,0.853511128165771
Eschikon,2022,2022-04-21,2022-09-23,FPSB0160051,81,0.853503202121775
Eschikon,2022,2022-04-21,2022-09-23,FPSB0160051,85,0.839002914597696
Eschikon,2022,2022-04-21,2022-09-23,FPSB0160051,88,0.834762481059488
Eschikon,2022,2022-04-21,2022-09-23,FPSB0160051,95,0.863531287648709
Eschikon,2022,2022-04-21,2022-09-23,FPSB0160051,95,0.848639754194244
Eschikon,2022,2022-04-21,2022-09-23,FPSB0160051,103,0.857678724092769
Eschikon,2022,2022-04-21,2022-09-23,FPSB0160051,109,0.793259528198131
Eschikon,2022,2022-04-21,2022-09-23,FPSB0160051,109,0.692178142485126
Eschikon,2022,2022-04-21,2022-09-23,FPSB0160051,117,0.0555679912452744
Eschikon,2022,2022-04-21,2022-09-23,FPSB0160051,117,0.0432550185524092
Eschikon,2022,2022-04-21,2022-09-23,FPSB0160051,124,0.00568188029815044
Eschikon,2022,2022-04-21,2022-09-23,FPSB0160051,126,0.00388294162277278
Eschikon,2022,2022-04-21,2022-09-23,FPSB0160051,126,0.003353126578376
Eschikon,2022,2022-04-21,2022-09-23,FPSB0160051,126,0.00272054627388472
Eschikon,2022,2022-04-21,2022-09-23,FPSB0160051,126,0.00307298191987371
Eschikon,2022,2022-04-21,2022-09-23,FPSB0160051,131,0.00246636624226801
Eschikon,2022,2022-04-21,2022-09-23,FPSB0160051,137,0.00622395760832243
Eschikon,2022,2022-04-21,2022-09-23,FPSB0160051,145,0.00569158286924979
Eschikon,2022,2022-04-21,2022-09-23,FPSB0160051,151,0.00936604117800365
Eschikon,2022,2022-04-21,2022-09-23,FPSB0160052,0,0
Eschikon,2022,2022-04-21,2022-09-23,FPSB0160052,22,0.0158234403093156
Eschikon,2022,2022-04-21,2022-09-23,FPSB0160052,25,0.0353382267881689
Eschikon,2022,2022-04-21,2022-09-23,FPSB0160052,29,0.0607457761322878
Eschikon,2022,2022-04-21,2022-09-23,FPSB0160052,34,0.142895471690068
Eschikon,2022,2022-04-21,2022-09-23,FPSB0160052,40,0.235574641247549
Eschikon,2022,2022-04-21,2022-09-23,FPSB0160052,43,0.250230158103363
Eschikon,2022,2022-04-21,2022-09-23,FPSB0160052,47,0.435215951153162
Eschikon,2022,2022-04-21,2022-09-23,FPSB0160052,48,0.461332710984293
Eschikon,2022,2022-04-21,2022-09-23,FPSB0160052,53,0.60229380443697
Eschikon,2022,2022-04-21,2022-09-23,FPSB0160052,57,0.613253973531517
Eschikon,2022,2022-04-21,2022-09-23,FPSB0160052,60,0.628878871632145
Eschikon,2022,2022-04-21,2022-09-23,FPSB0160052,63,0.86909689749988
Eschikon,2022,2022-04-21,2022-09-23,FPSB0160052,66,0.865418566192902
Eschikon,2022,2022-04-21,2022-09-23,FPSB0160052,69,0.836194799137277
Eschikon,2022,2022-04-21,2022-09-23,FPSB0160052,71,0.828851333319287
Eschikon,2022,2022-04-21,2022-09-23,FPSB0160052,78,0.877981269620547
Eschikon,2022,2022-04-21,2022-09-23,FPSB0160052,81,0.886562954301245
Eschikon,2022,2022-04-21,2022-09-23,FPSB0160052,85,0.868969571619531
Eschikon,2022,2022-04-21,2022-09-23,FPSB0160052,88,0.8157327813244
Eschikon,2022,2022-04-21,2022-09-23,FPSB0160052,95,0.849828345822594
Eschikon,2022,2022-04-21,2022-09-23,FPSB0160052,95,0.83805791997041
Eschikon,2022,2022-04-21,2022-09-23,FPSB0160052,103,0.862518493937968
Eschikon,2022,2022-04-21,2022-09-23,FPSB0160052,109,0.878738584675314
Eschikon,2022,2022-04-21,2022-09-23,FPSB0160052,109,0.859145691263604
Eschikon,2022,2022-04-21,2022-09-23,FPSB0160052,117,0.602135259746188
Eschikon,2022,2022-04-21,2022-09-23,FPSB0160052,117,0.538207832065679
Eschikon,2022,2022-04-21,2022-09-23,FPSB0160052,124,0.094147166096632
Eschikon,2022,2022-04-21,2022-09-23,FPSB0160052,126,0.0190003265701704
Eschikon,2022,2022-04-21,2022-09-23,FPSB0160052,126,0.0205393909173696
Eschikon,2022,2022-04-21,2022-09-23,FPSB0160052,126,0.0164992555604717
Eschikon,2022,2022-04-21,2022-09-23,FPSB0160052,126,0.0133857191683815
Eschikon,2022,2022-04-21,2022-09-23,FPSB0160052,131,0.0172649104448611
Eschikon,2022,2022-04-21,2022-09-23,FPSB0160052,137,0.0140741389927588
Eschikon,2022,2022-04-21,2022-09-23,FPSB0160052,145,0.0054890710190628
Eschikon,2022,2022-04-21,2022-09-23,FPSB0160052,151,0.00560183743382124
Eschikon,2022,2022-04-21,2022-09-23,FPSB0160053,0,0
Eschikon,2022,2022-04-21,2022-09-23,FPSB0160053,22,0.0149267596624928
Eschikon,2022,2022-04-21,2022-09-23,FPSB0160053,25,0.0347061022023272
Eschikon,2022,2022-04-21,2022-09-23,FPSB0160053,29,0.0600826156151523
Eschikon,2022,2022-04-21,2022-09-23,FPSB0160053,34,0.135507046964216
Eschikon,2022,2022-04-21,2022-09-23,FPSB0160053,40,0.209917343032776
Eschikon,2022,2022-04-21,2022-09-23,FPSB0160053,43,0.246111603298405
Eschikon,2022,2022-04-21,2022-09-23,FPSB0160053,47,0.413482666828282
Eschikon,2022,2022-04-21,2022-09-23,FPSB0160053,48,0.453226400575676
Eschikon,2022,2022-04-21,2022-09-23,FPSB0160053,53,0.591039522799088
Eschikon,2022,2022-04-21,2022-09-23,FPSB0160053,57,0.6162423797886
Eschikon,2022,2022-04-21,2022-09-23,FPSB0160053,60,0.636986801820776
Eschikon,2022,2022-04-21,2022-09-23,FPSB0160053,63,0.805090321708302
Eschikon,2022,2022-04-21,2022-09-23,FPSB0160053,66,0.820752807046278
Eschikon,2022,2022-04-21,2022-09-23,FPSB0160053,69,0.841486051209259
Eschikon,2022,2022-04-21,2022-09-23,FPSB0160053,71,0.770939257798232
Eschikon,2022,2022-04-21,2022-09-23,FPSB0160053,78,0.850025176627741
Eschikon,2022,2022-04-21,2022-09-23,FPSB0160053,81,0.859156335117874
Eschikon,2022,2022-04-21,2022-09-23,FPSB0160053,85,0.866902257286873
Eschikon,2022,2022-04-21,2022-09-23,FPSB0160053,88,0.814597617482233
Eschikon,2022,2022-04-21,2022-09-23,FPSB0160053,95,0.864309716873819
Eschikon,2022,2022-04-21,2022-09-23,FPSB0160053,95,0.866931086482368
Eschikon,2022,2022-04-21,2022-09-23,FPSB0160053,103,0.875685639147178
Eschikon,2022,2022-04-21,2022-09-23,FPSB0160053,109,0.850845308537616
Eschikon,2022,2022-04-21,2022-09-23,FPSB0160053,109,0.843908951921772
Eschikon,2022,2022-04-21,2022-09-23,FPSB0160053,117,0.346672249877378
Eschikon,2022,2022-04-21,2022-09-23,FPSB0160053,117,0.299074856767164
Eschikon,2022,2022-04-21,2022-09-23,FPSB0160053,124,0.0724043288145852
Eschikon,2022,2022-04-21,2022-09-23,FPSB0160053,126,0.0297959519113365
Eschikon,2022,2022-04-21,2022-09-23,FPSB0160053,126,0.0245353412020079
Eschikon,2022,2022-04-21,2022-09-23,FPSB0160053,126,0.0256028041284452
Eschikon,2022,2022-04-21,2022-09-23,FPSB0160053,126,0.0232986861191989
Eschikon,2022,2022-04-21,2022-09-23,FPSB0160053,126,0.0247277532533943
Eschikon,2022,2022-04-21,2022-09-23,FPSB0160053,131,0.0154549273139017
Eschikon,2022,2022-04-21,2022-09-23,FPSB0160053,137,0.0122685413178371
Eschikon,2022,2022-04-21,2022-09-23,FPSB0160053,145,0.00502397649833547
Eschikon,2022,2022-04-21,2022-09-23,FPSB0160053,151,0.00814248666812769
Eschikon,2022,2022-04-21,2022-09-23,FPSB0160054,0,0
Eschikon,2022,2022-04-21,2022-09-23,FPSB0160054,22,0.0148800808731873
Eschikon,2022,2022-04-21,2022-09-23,FPSB0160054,25,0.0360558805480173
Eschikon,2022,2022-04-21,2022-09-23,FPSB0160054,29,0.0624640915834517
Eschikon,2022,2022-04-21,2022-09-23,FPSB0160054,34,0.132602369990378
Eschikon,2022,2022-04-21,2022-09-23,FPSB0160054,40,0.202764558358922
Eschikon,2022,2022-04-21,2022-09-23,FPSB0160054,43,0.237070685144392
Eschikon,2022,2022-04-21,2022-09-23,FPSB0160054,47,0.39715186316586
Eschikon,2022,2022-04-21,2022-09-23,FPSB0160054,48,0.414281187382418
Eschikon,2022,2022-04-21,2022-09-23,FPSB0160054,53,0.574022843948919
Eschikon,2022,2022-04-21,2022-09-23,FPSB0160054,57,0.583173186259862
Eschikon,2022,2022-04-21,2022-09-23,FPSB0160054,60,0.603571571514307
Eschikon,2022,2022-04-21,2022-09-23,FPSB0160054,63,0.800813498024431
Eschikon,2022,2022-04-21,2022-09-23,FPSB0160054,66,0.837733417243826
Eschikon,2022,2022-04-21,2022-09-23,FPSB0160054,69,0.826316538055166
Eschikon,2022,2022-04-21,2022-09-23,FPSB0160054,71,0.769134985710435
Eschikon,2022,2022-04-21,2022-09-23,FPSB0160054,78,0.871588547409501
Eschikon,2022,2022-04-21,2022-09-23,FPSB0160054,81,0.842414808354996
Eschikon,2022,2022-04-21,2022-09-23,FPSB0160054,85,0.864212798683088
Eschikon,2022,2022-04-21,2022-09-23,FPSB0160054,88,0.82780559398034
Eschikon,2022,2022-04-21,2022-09-23,FPSB0160054,95,0.871149725234948
Eschikon,2022,2022-04-21,2022-09-23,FPSB0160054,95,0.886238831752905
Eschikon,2022,2022-04-21,2022-09-23,FPSB0160054,103,0.849169495621802
Eschikon,2022,2022-04-21,2022-09-23,FPSB0160054,109,0.844727534866315
Eschikon,2022,2022-04-21,2022-09-23,FPSB0160054,109,0.812854593933562
Eschikon,2022,2022-04-21,2022-09-23,FPSB0160054,117,0.361998222436064
Eschikon,2022,2022-04-21,2022-09-23,FPSB0160054,117,0.308817485615765
Eschikon,2022,2022-04-21,2022-09-23,FPSB0160054,124,0.0603180012875087
Eschikon,2022,2022-04-21,2022-09-23,FPSB0160054,126,0.0258227080451475
Eschikon,2022,2022-04-21,2022-09-23,FPSB0160054,126,0.0247830113447783
Eschikon,2022,2022-04-21,2022-09-23,FPSB0160054,126,0.0269366091297288
Eschikon,2022,2022-04-21,2022-09-23,FPSB0160054,126,0.0264338848682086
Eschikon,2022,2022-04-21,2022-09-23,FPSB0160054,126,0.0244246584649243
Eschikon,2022,2022-04-21,2022-09-23,FPSB0160054,131,0.00908871447378093
Eschikon,2022,2022-04-21,2022-09-23,FPSB0160054,137,0.00780739865246908
Eschikon,2022,2022-04-21,2022-09-23,FPSB0160054,145,0.00374182220351102
Eschikon,2022,2022-04-21,2022-09-23,FPSB0160054,151,0.0040463112852045
Eschikon,2022,2022-04-21,2022-09-23,FPSB0160055,0,0
Eschikon,2022,2022-04-21,2022-09-23,FPSB0160055,22,0.0128751021067463
Eschikon,2022,2022-04-21,2022-09-23,FPSB0160055,25,0.0303851726761931
Eschikon,2022,2022-04-21,2022-09-23,FPSB0160055,29,0.0524176096531456
Eschikon,2022,2022-04-21,2022-09-23,FPSB0160055,34,0.129762253404664
Eschikon,2022,2022-04-21,2022-09-23,FPSB0160055,40,0.202561532950372
Eschikon,2022,2022-04-21,2022-09-23,FPSB0160055,43,0.243753903295092
Eschikon,2022,2022-04-21,2022-09-23,FPSB0160055,47,0.411219602876626
Eschikon,2022,2022-04-21,2022-09-23,FPSB0160055,48,0.436245768597964
Eschikon,2022,2022-04-21,2022-09-23,FPSB0160055,53,0.574288462177536
Eschikon,2022,2022-04-21,2022-09-23,FPSB0160055,57,0.603501637649676
Eschikon,2022,2022-04-21,2022-09-23,FPSB0160055,60,0.65859105853646
Eschikon,2022,2022-04-21,2022-09-23,FPSB0160055,63,0.885116186509745
Eschikon,2022,2022-04-21,2022-09-23,FPSB0160055,66,0.868107183195941
Eschikon,2022,2022-04-21,2022-09-23,FPSB0160055,69,0.84401453521276
Eschikon,2022,2022-04-21,2022-09-23,FPSB0160055,71,0.760214461187515
Eschikon,2022,2022-04-21,2022-09-23,FPSB0160055,78,0.860028416914644
Eschikon,2022,2022-04-21,2022-09-23,FPSB0160055,81,0.856283921777934
Eschikon,2022,2022-04-21,2022-09-23,FPSB0160055,85,0.861305319763404
Eschikon,2022,2022-04-21,2022-09-23,FPSB0160055,88,0.85418128943578
Eschikon,2022,2022-04-21,2022-09-23,FPSB0160055,95,0.873428509281803
Eschikon,2022,2022-04-21,2022-09-23,FPSB0160055,95,0.836168018054246
Eschikon,2022,2022-04-21,2022-09-23,FPSB0160055,103,0.831489188899369
Eschikon,2022,2022-04-21,2022-09-23,FPSB0160055,109,0.826859406949227
Eschikon,2022,2022-04-21,2022-09-23,FPSB0160055,109,0.777346863050456
Eschikon,2022,2022-04-21,2022-09-23,FPSB0160055,117,0.335139854600932
Eschikon,2022,2022-04-21,2022-09-23,FPSB0160055,117,0.273092855802437
Eschikon,2022,2022-04-21,2022-09-23,FPSB0160055,124,0.0755284303188495
Eschikon,2022,2022-04-21,2022-09-23,FPSB0160055,126,0.0354602151009337
Eschikon,2022,2022-04-21,2022-09-23,FPSB0160055,126,0.0267689590294381
Eschikon,2022,2022-04-21,2022-09-23,FPSB0160055,126,0.0239258966803877
Eschikon,2022,2022-04-21,2022-09-23,FPSB0160055,126,0.0244762306888055
Eschikon,2022,2022-04-21,2022-09-23,FPSB0160055,126,0.0226607225110219
Eschikon,2022,2022-04-21,2022-09-23,FPSB0160055,126,0.022025089016107
Eschikon,2022,2022-04-21,2022-09-23,FPSB0160055,131,0.0173953070659657
Eschikon,2022,2022-04-21,2022-09-23,FPSB0160055,137,0.0165397345762643
Eschikon,2022,2022-04-21,2022-09-23,FPSB0160055,145,0.0082304865238997
Eschikon,2022,2022-04-21,2022-09-23,FPSB0160055,151,0.00662994217846539
Eschikon,2022,2022-04-21,2022-09-23,FPSB0160056,0,0
Eschikon,2022,2022-04-21,2022-09-23,FPSB0160056,22,0.0148259487131105
Eschikon,2022,2022-04-21,2022-09-23,FPSB0160056,25,0.0400225875168792
Eschikon,2022,2022-04-21,2022-09-23,FPSB0160056,29,0.060761513604876
Eschikon,2022,2022-04-21,2022-09-23,FPSB0160056,34,0.143671191760054
Eschikon,2022,2022-04-21,2022-09-23,FPSB0160056,40,0.197063373287234
Eschikon,2022,2022-04-21,2022-09-23,FPSB0160056,43,0.255541987530371
Eschikon,2022,2022-04-21,2022-09-23,FPSB0160056,47,0.433687039797682
Eschikon,2022,2022-04-21,2022-09-23,FPSB0160056,48,0.440527249934916
Eschikon,2022,2022-04-21,2022-09-23,FPSB0160056,53,0.578281026916621
Eschikon,2022,2022-04-21,2022-09-23,FPSB0160056,57,0.624332687569823
Eschikon,2022,2022-04-21,2022-09-23,FPSB0160056,60,0.698773186866409
Eschikon,2022,2022-04-21,2022-09-23,FPSB0160056,63,0.893568484813733
Eschikon,2022,2022-04-21,2022-09-23,FPSB0160056,66,0.866490788454065
Eschikon,2022,2022-04-21,2022-09-23,FPSB0160056,69,0.875847198940419
Eschikon,2022,2022-04-21,2022-09-23,FPSB0160056,71,0.788652681960763
Eschikon,2022,2022-04-21,2022-09-23,FPSB0160056,78,0.833746033240983
Eschikon,2022,2022-04-21,2022-09-23,FPSB0160056,81,0.876165501165501
Eschikon,2022,2022-04-21,2022-09-23,FPSB0160056,85,0.836391956341451
Eschikon,2022,2022-04-21,2022-09-23,FPSB0160056,88,0.824450801723529
Eschikon,2022,2022-04-21,2022-09-23,FPSB0160056,95,0.876401609987469
Eschikon,2022,2022-04-21,2022-09-23,FPSB0160056,95,0.872726553282109
Eschikon,2022,2022-04-21,2022-09-23,FPSB0160056,103,0.871864527167557
Eschikon,2022,2022-04-21,2022-09-23,FPSB0160056,109,0.863589436190446
Eschikon,2022,2022-04-21,2022-09-23,FPSB0160056,109,0.834039207145268
Eschikon,2022,2022-04-21,2022-09-23,FPSB0160056,117,0.560338067282512
Eschikon,2022,2022-04-21,2022-09-23,FPSB0160056,117,0.51748153642093
Eschikon,2022,2022-04-21,2022-09-23,FPSB0160056,124,0.103966530102894
Eschikon,2022,2022-04-21,2022-09-23,FPSB0160056,126,0.0297554344271516
Eschikon,2022,2022-04-21,2022-09-23,FPSB0160056,126,0.0233945581167803
Eschikon,2022,2022-04-21,2022-09-23,FPSB0160056,126,0.0198823576348829
Eschikon,2022,2022-04-21,2022-09-23,FPSB0160056,126,0.0184091301515544
Eschikon,2022,2022-04-21,2022-09-23,FPSB0160056,126,0.0175402366058932
Eschikon,2022,2022-04-21,2022-09-23,FPSB0160056,126,0.0164295113790063
Eschikon,2022,2022-04-21,2022-09-23,FPSB0160056,131,0.00771555885192249
Eschikon,2022,2022-04-21,2022-09-23,FPSB0160056,137,0.00853665196031356
Eschikon,2022,2022-04-21,2022-09-23,FPSB0160056,145,0.00538259439774591
Eschikon,2022,2022-04-21,2022-09-23,FPSB0160056,151,0.00911304794511265
Eschikon,2022,2022-04-21,2022-09-23,FPSB0160057,0,0
Eschikon,2022,2022-04-21,2022-09-23,FPSB0160057,22,0.0209938582742015
Eschikon,2022,2022-04-21,2022-09-23,FPSB0160057,25,0.0445123671133053
Eschikon,2022,2022-04-21,2022-09-23,FPSB0160057,29,0.0741697263584733
Eschikon,2022,2022-04-21,2022-09-23,FPSB0160057,34,NA
Eschikon,2022,2022-04-21,2022-09-23,FPSB0160057,40,0.233431502720503
Eschikon,2022,2022-04-21,2022-09-23,FPSB0160057,43,0.265725284914484
Eschikon,2022,2022-04-21,2022-09-23,FPSB0160057,47,0.434905792982892
Eschikon,2022,2022-04-21,2022-09-23,FPSB0160057,48,0.443738289647212
Eschikon,2022,2022-04-21,2022-09-23,FPSB0160057,53,0.570888362524828
Eschikon,2022,2022-04-21,2022-09-23,FPSB0160057,57,0.581313388192396
Eschikon,2022,2022-04-21,2022-09-23,FPSB0160057,60,0.63120295461395
Eschikon,2022,2022-04-21,2022-09-23,FPSB0160057,63,0.791395515420146
Eschikon,2022,2022-04-21,2022-09-23,FPSB0160057,66,0.875273861453526
Eschikon,2022,2022-04-21,2022-09-23,FPSB0160057,69,0.895166960566763
Eschikon,2022,2022-04-21,2022-09-23,FPSB0160057,71,0.811213900909653
Eschikon,2022,2022-04-21,2022-09-23,FPSB0160057,78,0.867689004026547
Eschikon,2022,2022-04-21,2022-09-23,FPSB0160057,81,0.885389579060647
Eschikon,2022,2022-04-21,2022-09-23,FPSB0160057,85,0.850823136127384
Eschikon,2022,2022-04-21,2022-09-23,FPSB0160057,88,0.819989876390565
Eschikon,2022,2022-04-21,2022-09-23,FPSB0160057,95,0.829582159877797
Eschikon,2022,2022-04-21,2022-09-23,FPSB0160057,95,0.864137358899127
Eschikon,2022,2022-04-21,2022-09-23,FPSB0160057,103,0.874645714556736
Eschikon,2022,2022-04-21,2022-09-23,FPSB0160057,109,0.871791805273436
Eschikon,2022,2022-04-21,2022-09-23,FPSB0160057,109,0.890451997082307
Eschikon,2022,2022-04-21,2022-09-23,FPSB0160057,117,0.564135682534075
Eschikon,2022,2022-04-21,2022-09-23,FPSB0160057,117,0.556054580810608
Eschikon,2022,2022-04-21,2022-09-23,FPSB0160057,124,NA
Eschikon,2022,2022-04-21,2022-09-23,FPSB0160057,126,NA
Eschikon,2022,2022-04-21,2022-09-23,FPSB0160057,126,0.0828807147693485
Eschikon,2022,2022-04-21,2022-09-23,FPSB0160057,126,0.0800032954883701
Eschikon,2022,2022-04-21,2022-09-23,FPSB0160057,126,0.0824458820296937
Eschikon,2022,2022-04-21,2022-09-23,FPSB0160057,126,0.0779887953395416
Eschikon,2022,2022-04-21,2022-09-23,FPSB0160057,126,0.0801042862610027
Eschikon,2022,2022-04-21,2022-09-23,FPSB0160057,131,0.0432518538144256
Eschikon,2022,2022-04-21,2022-09-23,FPSB0160057,137,0.0262230514096186
Eschikon,2022,2022-04-21,2022-09-23,FPSB0160057,145,0.0160732743252835
Eschikon,2022,2022-04-21,2022-09-23,FPSB0160057,151,0.0274003912063614
Eschikon,2022,2022-04-21,2022-09-23,FPSB0160058,0,0
Eschikon,2022,2022-04-21,2022-09-23,FPSB0160058,22,0.015290728097172
Eschikon,2022,2022-04-21,2022-09-23,FPSB0160058,25,0.0321122096847622
Eschikon,2022,2022-04-21,2022-09-23,FPSB0160058,29,0.058783484147053
Eschikon,2022,2022-04-21,2022-09-23,FPSB0160058,34,0.140647704677082
Eschikon,2022,2022-04-21,2022-09-23,FPSB0160058,40,0.201482907841472
Eschikon,2022,2022-04-21,2022-09-23,FPSB0160058,43,0.223271322282545
Eschikon,2022,2022-04-21,2022-09-23,FPSB0160058,47,0.381451194222922
Eschikon,2022,2022-04-21,2022-09-23,FPSB0160058,48,0.383735583635998
Eschikon,2022,2022-04-21,2022-09-23,FPSB0160058,53,0.496055429240148
Eschikon,2022,2022-04-21,2022-09-23,FPSB0160058,57,0.486507241714219
Eschikon,2022,2022-04-21,2022-09-23,FPSB0160058,60,0.523888148546739
Eschikon,2022,2022-04-21,2022-09-23,FPSB0160058,63,0.709419426751703
Eschikon,2022,2022-04-21,2022-09-23,FPSB0160058,66,0.863603030419174
Eschikon,2022,2022-04-21,2022-09-23,FPSB0160058,69,0.868726284925836
Eschikon,2022,2022-04-21,2022-09-23,FPSB0160058,71,0.816200726804442
Eschikon,2022,2022-04-21,2022-09-23,FPSB0160058,78,0.874446333489161
Eschikon,2022,2022-04-21,2022-09-23,FPSB0160058,81,0.879624484371646
Eschikon,2022,2022-04-21,2022-09-23,FPSB0160058,85,0.865916782067453
Eschikon,2022,2022-04-21,2022-09-23,FPSB0160058,88,0.819057815058847
Eschikon,2022,2022-04-21,2022-09-23,FPSB0160058,95,0.853162790082295
Eschikon,2022,2022-04-21,2022-09-23,FPSB0160058,95,0.833090036134412
Eschikon,2022,2022-04-21,2022-09-23,FPSB0160058,103,0.849648211361318
Eschikon,2022,2022-04-21,2022-09-23,FPSB0160058,109,0.860570859022871
Eschikon,2022,2022-04-21,2022-09-23,FPSB0160058,109,0.86590814538441
Eschikon,2022,2022-04-21,2022-09-23,FPSB0160058,117,0.676579373689797
Eschikon,2022,2022-04-21,2022-09-23,FPSB0160058,117,0.59908664320429
Eschikon,2022,2022-04-21,2022-09-23,FPSB0160058,124,0.180119127423049
Eschikon,2022,2022-04-21,2022-09-23,FPSB0160058,126,0.0345136555146875
Eschikon,2022,2022-04-21,2022-09-23,FPSB0160058,126,0.0264627968446338
Eschikon,2022,2022-04-21,2022-09-23,FPSB0160058,126,0.023894945592572
Eschikon,2022,2022-04-21,2022-09-23,FPSB0160058,126,0.0228813297698747
Eschikon,2022,2022-04-21,2022-09-23,FPSB0160058,126,0.0156708019840115
Eschikon,2022,2022-04-21,2022-09-23,FPSB0160058,126,0.0176667945630794
Eschikon,2022,2022-04-21,2022-09-23,FPSB0160058,126,0.0189409809507849
Eschikon,2022,2022-04-21,2022-09-23,FPSB0160058,131,0.00134346361126547
Eschikon,2022,2022-04-21,2022-09-23,FPSB0160058,137,0.00774837739253135
Eschikon,2022,2022-04-21,2022-09-23,FPSB0160058,145,0.00204891523260976
Eschikon,2022,2022-04-21,2022-09-23,FPSB0160058,151,0.00410995857332287
Eschikon,2022,2022-04-21,2022-09-23,FPSB0160059,0,0
Eschikon,2022,2022-04-21,2022-09-23,FPSB0160059,22,0.017571839614968
Eschikon,2022,2022-04-21,2022-09-23,FPSB0160059,25,0.0393975637695971
Eschikon,2022,2022-04-21,2022-09-23,FPSB0160059,29,0.064396656469761
Eschikon,2022,2022-04-21,2022-09-23,FPSB0160059,34,0.138341579139218
Eschikon,2022,2022-04-21,2022-09-23,FPSB0160059,40,0.205264122890637
Eschikon,2022,2022-04-21,2022-09-23,FPSB0160059,43,0.230123955645615
Eschikon,2022,2022-04-21,2022-09-23,FPSB0160059,47,0.368296408324909
Eschikon,2022,2022-04-21,2022-09-23,FPSB0160059,48,0.381209869432173
Eschikon,2022,2022-04-21,2022-09-23,FPSB0160059,53,0.482711395451997
Eschikon,2022,2022-04-21,2022-09-23,FPSB0160059,57,0.527354924692496
Eschikon,2022,2022-04-21,2022-09-23,FPSB0160059,60,0.559003357685451
Eschikon,2022,2022-04-21,2022-09-23,FPSB0160059,63,0.759794296533563
Eschikon,2022,2022-04-21,2022-09-23,FPSB0160059,66,0.820140432209398
Eschikon,2022,2022-04-21,2022-09-23,FPSB0160059,69,0.901234789165824
Eschikon,2022,2022-04-21,2022-09-23,FPSB0160059,71,0.876379656009286
Eschikon,2022,2022-04-21,2022-09-23,FPSB0160059,78,0.909575061426913
Eschikon,2022,2022-04-21,2022-09-23,FPSB0160059,81,0.895038175130768
Eschikon,2022,2022-04-21,2022-09-23,FPSB0160059,85,0.869999924629554
Eschikon,2022,2022-04-21,2022-09-23,FPSB0160059,88,0.868749152082485
Eschikon,2022,2022-04-21,2022-09-23,FPSB0160059,95,0.862727807172252
Eschikon,2022,2022-04-21,2022-09-23,FPSB0160059,95,0.840168679057568
Eschikon,2022,2022-04-21,2022-09-23,FPSB0160059,103,0.818341397971028
Eschikon,2022,2022-04-21,2022-09-23,FPSB0160059,109,0.839703831833461
Eschikon,2022,2022-04-21,2022-09-23,FPSB0160059,109,0.733346523161338
Eschikon,2022,2022-04-21,2022-09-23,FPSB0160059,117,0.290623351271499
Eschikon,2022,2022-04-21,2022-09-23,FPSB0160059,117,0.208456375586005
Eschikon,2022,2022-04-21,2022-09-23,FPSB0160059,124,0.0768546782435671
Eschikon,2022,2022-04-21,2022-09-23,FPSB0160059,126,0.0354499238758498
Eschikon,2022,2022-04-21,2022-09-23,FPSB0160059,126,0.0305150439409699
Eschikon,2022,2022-04-21,2022-09-23,FPSB0160059,126,0.0294342317490466
Eschikon,2022,2022-04-21,2022-09-23,FPSB0160059,126,0.0300351226277152
Eschikon,2022,2022-04-21,2022-09-23,FPSB0160059,126,0.0294753086419753
Eschikon,2022,2022-04-21,2022-09-23,FPSB0160059,126,0.0284289784289784
Eschikon,2022,2022-04-21,2022-09-23,FPSB0160059,126,0.0268356472060176
Eschikon,2022,2022-04-21,2022-09-23,FPSB0160059,131,0.00308792716200124
Eschikon,2022,2022-04-21,2022-09-23,FPSB0160059,137,0.00660197694247873
Eschikon,2022,2022-04-21,2022-09-23,FPSB0160059,145,0.00205177195917937
Eschikon,2022,2022-04-21,2022-09-23,FPSB0160059,151,0.00479169085490925
Eschikon,2022,2022-04-21,2022-09-23,FPSB0160060,0,0
Eschikon,2022,2022-04-21,2022-09-23,FPSB0160060,22,0.0142519025441558
Eschikon,2022,2022-04-21,2022-09-23,FPSB0160060,25,0.0334397420757652
Eschikon,2022,2022-04-21,2022-09-23,FPSB0160060,29,0.0415320835309331
Eschikon,2022,2022-04-21,2022-09-23,FPSB0160060,34,NA
Eschikon,2022,2022-04-21,2022-09-23,FPSB0160060,40,0.178389168287414
Eschikon,2022,2022-04-21,2022-09-23,FPSB0160060,43,0.204134645643639
Eschikon,2022,2022-04-21,2022-09-23,FPSB0160060,47,0.363503688647734
Eschikon,2022,2022-04-21,2022-09-23,FPSB0160060,48,0.370760870296687
Eschikon,2022,2022-04-21,2022-09-23,FPSB0160060,53,0.480719846391089
Eschikon,2022,2022-04-21,2022-09-23,FPSB0160060,57,0.485383047843287
Eschikon,2022,2022-04-21,2022-09-23,FPSB0160060,60,0.562149871921591
Eschikon,2022,2022-04-21,2022-09-23,FPSB0160060,63,0.768513535165703
Eschikon,2022,2022-04-21,2022-09-23,FPSB0160060,66,0.864715093064766
Eschikon,2022,2022-04-21,2022-09-23,FPSB0160060,69,0.875098424935026
Eschikon,2022,2022-04-21,2022-09-23,FPSB0160060,71,0.800163114206324
Eschikon,2022,2022-04-21,2022-09-23,FPSB0160060,78,0.887215979036967
Eschikon,2022,2022-04-21,2022-09-23,FPSB0160060,81,0.876554877801317
Eschikon,2022,2022-04-21,2022-09-23,FPSB0160060,85,0.846004530536819
Eschikon,2022,2022-04-21,2022-09-23,FPSB0160060,88,0.804642751817491
Eschikon,2022,2022-04-21,2022-09-23,FPSB0160060,95,0.835686872130367
Eschikon,2022,2022-04-21,2022-09-23,FPSB0160060,95,0.782263164801152
Eschikon,2022,2022-04-21,2022-09-23,FPSB0160060,103,0.801998022202201
Eschikon,2022,2022-04-21,2022-09-23,FPSB0160060,109,0.834114746092429
Eschikon,2022,2022-04-21,2022-09-23,FPSB0160060,109,0.80717908810264
Eschikon,2022,2022-04-21,2022-09-23,FPSB0160060,117,0.361774491819601
Eschikon,2022,2022-04-21,2022-09-23,FPSB0160060,117,0.292727771419604
Eschikon,2022,2022-04-21,2022-09-23,FPSB0160060,124,0.0677930103381195
Eschikon,2022,2022-04-21,2022-09-23,FPSB0160060,126,0.0288278910073782
Eschikon,2022,2022-04-21,2022-09-23,FPSB0160060,126,0.0239723432980793
Eschikon,2022,2022-04-21,2022-09-23,FPSB0160060,126,0.0177856375624657
Eschikon,2022,2022-04-21,2022-09-23,FPSB0160060,126,0.0177391349637314
Eschikon,2022,2022-04-21,2022-09-23,FPSB0160060,126,0.0167468540569205
Eschikon,2022,2022-04-21,2022-09-23,FPSB0160060,126,0.0158678703906624
Eschikon,2022,2022-04-21,2022-09-23,FPSB0160060,126,0.0151809847322668
Eschikon,2022,2022-04-21,2022-09-23,FPSB0160060,131,0.0173622102634448
Eschikon,2022,2022-04-21,2022-09-23,FPSB0160060,137,0.0101762080640197
Eschikon,2022,2022-04-21,2022-09-23,FPSB0160060,145,0.00466463340394964
Eschikon,2022,2022-04-21,2022-09-23,FPSB0160060,151,0.0043230506787012
Eschikon,2022,2022-04-21,2022-09-23,FPSB0160061,0,0
Eschikon,2022,2022-04-21,2022-09-23,FPSB0160061,22,0.0173998833832022
Eschikon,2022,2022-04-21,2022-09-23,FPSB0160061,25,0.0393874430779175
Eschikon,2022,2022-04-21,2022-09-23,FPSB0160061,29,0.0526928897777939
Eschikon,2022,2022-04-21,2022-09-23,FPSB0160061,34,0.14411334957656
Eschikon,2022,2022-04-21,2022-09-23,FPSB0160061,40,0.229006836952833
Eschikon,2022,2022-04-21,2022-09-23,FPSB0160061,43,0.251337322052173
Eschikon,2022,2022-04-21,2022-09-23,FPSB0160061,47,0.44023576716577
Eschikon,2022,2022-04-21,2022-09-23,FPSB0160061,48,0.441036718133007
Eschikon,2022,2022-04-21,2022-09-23,FPSB0160061,53,0.558876135705425
Eschikon,2022,2022-04-21,2022-09-23,FPSB0160061,57,0.554428059501752
Eschikon,2022,2022-04-21,2022-09-23,FPSB0160061,60,0.594061779326772
Eschikon,2022,2022-04-21,2022-09-23,FPSB0160061,63,0.850299555803603
Eschikon,2022,2022-04-21,2022-09-23,FPSB0160061,66,0.870837228933698
Eschikon,2022,2022-04-21,2022-09-23,FPSB0160061,69,0.847905485986881
Eschikon,2022,2022-04-21,2022-09-23,FPSB0160061,71,0.762720342827517
Eschikon,2022,2022-04-21,2022-09-23,FPSB0160061,78,0.874030703427029
Eschikon,2022,2022-04-21,2022-09-23,FPSB0160061,81,0.881743169746232
Eschikon,2022,2022-04-21,2022-09-23,FPSB0160061,85,0.872036806474689
Eschikon,2022,2022-04-21,2022-09-23,FPSB0160061,88,0.763068834700506
Eschikon,2022,2022-04-21,2022-09-23,FPSB0160061,95,0.816983970308555
Eschikon,2022,2022-04-21,2022-09-23,FPSB0160061,95,0.855845721385966
Eschikon,2022,2022-04-21,2022-09-23,FPSB0160061,103,0.869373344001515
Eschikon,2022,2022-04-21,2022-09-23,FPSB0160061,109,0.863274814116896
Eschikon,2022,2022-04-21,2022-09-23,FPSB0160061,109,0.881628044357703
Eschikon,2022,2022-04-21,2022-09-23,FPSB0160061,117,0.560652073939475
Eschikon,2022,2022-04-21,2022-09-23,FPSB0160061,117,0.505793034773787
Eschikon,2022,2022-04-21,2022-09-23,FPSB0160061,124,0.0913838539057262
Eschikon,2022,2022-04-21,2022-09-23,FPSB0160061,126,0.0392547975662586
Eschikon,2022,2022-04-21,2022-09-23,FPSB0160061,126,0.0361626137544773
Eschikon,2022,2022-04-21,2022-09-23,FPSB0160061,126,0.0336943503500809
Eschikon,2022,2022-04-21,2022-09-23,FPSB0160061,126,0.0307014018190746
Eschikon,2022,2022-04-21,2022-09-23,FPSB0160061,126,0.0272164830891865
Eschikon,2022,2022-04-21,2022-09-23,FPSB0160061,126,0.0283629076279995
Eschikon,2022,2022-04-21,2022-09-23,FPSB0160061,126,0.0267852691846568
Eschikon,2022,2022-04-21,2022-09-23,FPSB0160061,131,0.0276349225933653
Eschikon,2022,2022-04-21,2022-09-23,FPSB0160061,137,0.0198384279518618
Eschikon,2022,2022-04-21,2022-09-23,FPSB0160061,145,0.00542086352453807
Eschikon,2022,2022-04-21,2022-09-23,FPSB0160061,151,0.00540398103594333
Eschikon,2022,2022-04-21,2022-09-23,FPSB0160062,0,0
Eschikon,2022,2022-04-21,2022-09-23,FPSB0160062,22,0.02480374696341
Eschikon,2022,2022-04-21,2022-09-23,FPSB0160062,25,0.0632261109833185
Eschikon,2022,2022-04-21,2022-09-23,FPSB0160062,29,0.105802635249428
Eschikon,2022,2022-04-21,2022-09-23,FPSB0160062,34,0.21550579228128
Eschikon,2022,2022-04-21,2022-09-23,FPSB0160062,40,0.275216286739672
Eschikon,2022,2022-04-21,2022-09-23,FPSB0160062,43,NA
Eschikon,2022,2022-04-21,2022-09-23,FPSB0160062,47,0.5789298660497
Eschikon,2022,2022-04-21,2022-09-23,FPSB0160062,48,0.59877329725349
Eschikon,2022,2022-04-21,2022-09-23,FPSB0160062,53,0.797712804769476
Eschikon,2022,2022-04-21,2022-09-23,FPSB0160062,57,0.764820698438136
Eschikon,2022,2022-04-21,2022-09-23,FPSB0160062,60,0.761163688145149
Eschikon,2022,2022-04-21,2022-09-23,FPSB0160062,63,NA
Eschikon,2022,2022-04-21,2022-09-23,FPSB0160062,66,0.883526280151179
Eschikon,2022,2022-04-21,2022-09-23,FPSB0160062,69,0.90812282495791
Eschikon,2022,2022-04-21,2022-09-23,FPSB0160062,71,0.790962596028224
Eschikon,2022,2022-04-21,2022-09-23,FPSB0160062,78,0.851709869142191
Eschikon,2022,2022-04-21,2022-09-23,FPSB0160062,81,0.871757331099005
Eschikon,2022,2022-04-21,2022-09-23,FPSB0160062,85,0.865407987024066
Eschikon,2022,2022-04-21,2022-09-23,FPSB0160062,88,0.865779596091327
Eschikon,2022,2022-04-21,2022-09-23,FPSB0160062,95,0.872457165627797
Eschikon,2022,2022-04-21,2022-09-23,FPSB0160062,95,0.830443722260785
Eschikon,2022,2022-04-21,2022-09-23,FPSB0160062,103,0.817142337958581
Eschikon,2022,2022-04-21,2022-09-23,FPSB0160062,109,0.823077857942501
Eschikon,2022,2022-04-21,2022-09-23,FPSB0160062,109,0.722273639829013
Eschikon,2022,2022-04-21,2022-09-23,FPSB0160062,117,0.133442566533215
Eschikon,2022,2022-04-21,2022-09-23,FPSB0160062,117,0.116109136207578
Eschikon,2022,2022-04-21,2022-09-23,FPSB0160062,124,0.0235209257973819
Eschikon,2022,2022-04-21,2022-09-23,FPSB0160062,126,0.0197770813029222
Eschikon,2022,2022-04-21,2022-09-23,FPSB0160062,126,0.0179096873108358
Eschikon,2022,2022-04-21,2022-09-23,FPSB0160062,126,0.0180696369683244
Eschikon,2022,2022-04-21,2022-09-23,FPSB0160062,126,0.0191175628521814
Eschikon,2022,2022-04-21,2022-09-23,FPSB0160062,126,0.0217788622218483
Eschikon,2022,2022-04-21,2022-09-23,FPSB0160062,126,0.020559446933524
Eschikon,2022,2022-04-21,2022-09-23,FPSB0160062,126,0.0203806538917285
Eschikon,2022,2022-04-21,2022-09-23,FPSB0160062,131,0.0186178479861827
Eschikon,2022,2022-04-21,2022-09-23,FPSB0160062,137,0.0231128858997711
Eschikon,2022,2022-04-21,2022-09-23,FPSB0160062,145,0.0308374175273273
Eschikon,2022,2022-04-21,2022-09-23,FPSB0160062,151,0.0481753222536155
Eschikon,2022,2022-04-21,2022-09-23,FPSB0160063,0,0
Eschikon,2022,2022-04-21,2022-09-23,FPSB0160063,22,0.0154774329596178
Eschikon,2022,2022-04-21,2022-09-23,FPSB0160063,25,0.0511199470579377
Eschikon,2022,2022-04-21,2022-09-23,FPSB0160063,29,0.0924782444060176
Eschikon,2022,2022-04-21,2022-09-23,FPSB0160063,34,0.175623789018266
Eschikon,2022,2022-04-21,2022-09-23,FPSB0160063,40,0.225189212318222
Eschikon,2022,2022-04-21,2022-09-23,FPSB0160063,43,0.31009547766566
Eschikon,2022,2022-04-21,2022-09-23,FPSB0160063,47,0.46926310388419
Eschikon,2022,2022-04-21,2022-09-23,FPSB0160063,48,0.506769650960109
Eschikon,2022,2022-04-21,2022-09-23,FPSB0160063,53,0.691554559805709
Eschikon,2022,2022-04-21,2022-09-23,FPSB0160063,57,0.683391428717022
Eschikon,2022,2022-04-21,2022-09-23,FPSB0160063,60,0.737022672031337
Eschikon,2022,2022-04-21,2022-09-23,FPSB0160063,63,0.868222763720881
Eschikon,2022,2022-04-21,2022-09-23,FPSB0160063,66,0.849333182166257
Eschikon,2022,2022-04-21,2022-09-23,FPSB0160063,69,0.888405043904657
Eschikon,2022,2022-04-21,2022-09-23,FPSB0160063,71,0.748639404074187
Eschikon,2022,2022-04-21,2022-09-23,FPSB0160063,78,0.850293908989561
Eschikon,2022,2022-04-21,2022-09-23,FPSB0160063,81,0.867853704266748
Eschikon,2022,2022-04-21,2022-09-23,FPSB0160063,85,0.864623802123802
Eschikon,2022,2022-04-21,2022-09-23,FPSB0160063,88,0.833847955587086
Eschikon,2022,2022-04-21,2022-09-23,FPSB0160063,95,0.849998029345855
Eschikon,2022,2022-04-21,2022-09-23,FPSB0160063,95,0.805561467517989
Eschikon,2022,2022-04-21,2022-09-23,FPSB0160063,103,0.766966769140682
Eschikon,2022,2022-04-21,2022-09-23,FPSB0160063,109,0.480693079062644
Eschikon,2022,2022-04-21,2022-09-23,FPSB0160063,109,0.397041062801932
Eschikon,2022,2022-04-21,2022-09-23,FPSB0160063,117,0.0192454083758432
Eschikon,2022,2022-04-21,2022-09-23,FPSB0160063,117,0.0141695663434794
Eschikon,2022,2022-04-21,2022-09-23,FPSB0160063,124,0.0120816582773105
Eschikon,2022,2022-04-21,2022-09-23,FPSB0160063,126,0.0059878326182674
Eschikon,2022,2022-04-21,2022-09-23,FPSB0160063,126,0.00459162415684155
Eschikon,2022,2022-04-21,2022-09-23,FPSB0160063,126,0.00567928448363231
Eschikon,2022,2022-04-21,2022-09-23,FPSB0160063,126,0.00598712881321577
Eschikon,2022,2022-04-21,2022-09-23,FPSB0160063,126,0.00397860995687083
Eschikon,2022,2022-04-21,2022-09-23,FPSB0160063,126,0.00480938143981622
Eschikon,2022,2022-04-21,2022-09-23,FPSB0160063,126,0.0048811695550826
Eschikon,2022,2022-04-21,2022-09-23,FPSB0160063,131,0.00604807833068703
Eschikon,2022,2022-04-21,2022-09-23,FPSB0160063,137,0.0187382464556378
Eschikon,2022,2022-04-21,2022-09-23,FPSB0160063,145,0.0291753938493069
Eschikon,2022,2022-04-21,2022-09-23,FPSB0160063,151,0.0649931559333436
Eschikon,2022,2022-04-21,2022-09-23,FPSB0160064,0,0
Eschikon,2022,2022-04-21,2022-09-23,FPSB0160064,22,0.0199019977639627
Eschikon,2022,2022-04-21,2022-09-23,FPSB0160064,25,0.0568959672409629
Eschikon,2022,2022-04-21,2022-09-23,FPSB0160064,29,0.0863550238037549
Eschikon,2022,2022-04-21,2022-09-23,FPSB0160064,34,0.160102802094028
Eschikon,2022,2022-04-21,2022-09-23,FPSB0160064,40,0.229061513103765
Eschikon,2022,2022-04-21,2022-09-23,FPSB0160064,43,0.298522337355888
Eschikon,2022,2022-04-21,2022-09-23,FPSB0160064,47,0.467785104291458
Eschikon,2022,2022-04-21,2022-09-23,FPSB0160064,48,0.510250167868503
Eschikon,2022,2022-04-21,2022-09-23,FPSB0160064,53,0.667585096016002
Eschikon,2022,2022-04-21,2022-09-23,FPSB0160064,57,0.63787063681984
Eschikon,2022,2022-04-21,2022-09-23,FPSB0160064,60,0.693480422594297
Eschikon,2022,2022-04-21,2022-09-23,FPSB0160064,63,0.801483468857503
Eschikon,2022,2022-04-21,2022-09-23,FPSB0160064,66,0.867687055187055
Eschikon,2022,2022-04-21,2022-09-23,FPSB0160064,69,0.929114279114279
Eschikon,2022,2022-04-21,2022-09-23,FPSB0160064,71,0.88764537834624
Eschikon,2022,2022-04-21,2022-09-23,FPSB0160064,78,0.869726862728037
Eschikon,2022,2022-04-21,2022-09-23,FPSB0160064,81,0.890945742893668
Eschikon,2022,2022-04-21,2022-09-23,FPSB0160064,85,0.889685220881384
Eschikon,2022,2022-04-21,2022-09-23,FPSB0160064,88,0.852547788285846
Eschikon,2022,2022-04-21,2022-09-23,FPSB0160064,95,0.885879950337664
Eschikon,2022,2022-04-21,2022-09-23,FPSB0160064,95,0.803968190225042
Eschikon,2022,2022-04-21,2022-09-23,FPSB0160064,103,0.786861902562764
Eschikon,2022,2022-04-21,2022-09-23,FPSB0160064,109,0.755878438826755
Eschikon,2022,2022-04-21,2022-09-23,FPSB0160064,109,0.62805314048462
Eschikon,2022,2022-04-21,2022-09-23,FPSB0160064,117,0.185026364989168
Eschikon,2022,2022-04-21,2022-09-23,FPSB0160064,117,0.161241820550748
Eschikon,2022,2022-04-21,2022-09-23,FPSB0160064,124,0.0855848431709826
Eschikon,2022,2022-04-21,2022-09-23,FPSB0160064,126,0.0635973792297207
Eschikon,2022,2022-04-21,2022-09-23,FPSB0160064,126,0.0636000285569589
Eschikon,2022,2022-04-21,2022-09-23,FPSB0160064,126,0.0598782815403802
Eschikon,2022,2022-04-21,2022-09-23,FPSB0160064,126,0.0604657349958838
Eschikon,2022,2022-04-21,2022-09-23,FPSB0160064,126,0.0593877376864847
Eschikon,2022,2022-04-21,2022-09-23,FPSB0160064,126,0.0578388573200633
Eschikon,2022,2022-04-21,2022-09-23,FPSB0160064,126,0.0490449035867987
Eschikon,2022,2022-04-21,2022-09-23,FPSB0160064,131,0.0574429920553648
Eschikon,2022,2022-04-21,2022-09-23,FPSB0160064,137,0.0399277547035244
Eschikon,2022,2022-04-21,2022-09-23,FPSB0160064,145,0.0226036416815587
Eschikon,2022,2022-04-21,2022-09-23,FPSB0160064,151,0.0324741983414654
Eschikon,2022,2022-04-21,2022-09-23,FPSB0160065,0,0
Eschikon,2022,2022-04-21,2022-09-23,FPSB0160065,22,0.014456641062085
Eschikon,2022,2022-04-21,2022-09-23,FPSB0160065,25,0.0440098595256335
Eschikon,2022,2022-04-21,2022-09-23,FPSB0160065,29,0.0725562343260484
Eschikon,2022,2022-04-21,2022-09-23,FPSB0160065,34,0.136379843259129
Eschikon,2022,2022-04-21,2022-09-23,FPSB0160065,40,0.18868014274404
Eschikon,2022,2022-04-21,2022-09-23,FPSB0160065,43,0.236701528569213
Eschikon,2022,2022-04-21,2022-09-23,FPSB0160065,47,0.391413454016263
Eschikon,2022,2022-04-21,2022-09-23,FPSB0160065,48,0.439150509596297
Eschikon,2022,2022-04-21,2022-09-23,FPSB0160065,53,0.572277915527591
Eschikon,2022,2022-04-21,2022-09-23,FPSB0160065,57,0.596664692759387
Eschikon,2022,2022-04-21,2022-09-23,FPSB0160065,60,0.691306454867804
Eschikon,2022,2022-04-21,2022-09-23,FPSB0160065,63,0.761218405982455
Eschikon,2022,2022-04-21,2022-09-23,FPSB0160065,66,0.852774349973101
Eschikon,2022,2022-04-21,2022-09-23,FPSB0160065,69,0.90456298368679
Eschikon,2022,2022-04-21,2022-09-23,FPSB0160065,71,0.854724745986792
Eschikon,2022,2022-04-21,2022-09-23,FPSB0160065,78,0.859009205932853
Eschikon,2022,2022-04-21,2022-09-23,FPSB0160065,81,0.891619755268754
Eschikon,2022,2022-04-21,2022-09-23,FPSB0160065,85,0.884086740415503
Eschikon,2022,2022-04-21,2022-09-23,FPSB0160065,88,0.87948047408759
Eschikon,2022,2022-04-21,2022-09-23,FPSB0160065,95,0.883515065501722
Eschikon,2022,2022-04-21,2022-09-23,FPSB0160065,95,0.805512920829822
Eschikon,2022,2022-04-21,2022-09-23,FPSB0160065,103,0.803266215979337
Eschikon,2022,2022-04-21,2022-09-23,FPSB0160065,109,0.770108147007702
Eschikon,2022,2022-04-21,2022-09-23,FPSB0160065,109,0.666755632007671
Eschikon,2022,2022-04-21,2022-09-23,FPSB0160065,117,0.148505197476658
Eschikon,2022,2022-04-21,2022-09-23,FPSB0160065,117,0.119288926692559
Eschikon,2022,2022-04-21,2022-09-23,FPSB0160065,124,0.0493182139772207
Eschikon,2022,2022-04-21,2022-09-23,FPSB0160065,126,0.0405226568588318
Eschikon,2022,2022-04-21,2022-09-23,FPSB0160065,126,0.0322636637036192
Eschikon,2022,2022-04-21,2022-09-23,FPSB0160065,126,0.0349695828291084
Eschikon,2022,2022-04-21,2022-09-23,FPSB0160065,126,0.0334908310260423
Eschikon,2022,2022-04-21,2022-09-23,FPSB0160065,126,0.0291552886067341
Eschikon,2022,2022-04-21,2022-09-23,FPSB0160065,126,0.0281092198716365
Eschikon,2022,2022-04-21,2022-09-23,FPSB0160065,126,0.0294208646691968
Eschikon,2022,2022-04-21,2022-09-23,FPSB0160065,131,0.03226260773518
Eschikon,2022,2022-04-21,2022-09-23,FPSB0160065,137,0.029213497628377
Eschikon,2022,2022-04-21,2022-09-23,FPSB0160065,145,0.0145856960627161
Eschikon,2022,2022-04-21,2022-09-23,FPSB0160065,151,0.0201684692047924
Eschikon,2022,2022-04-21,2022-09-23,FPSB0160066,0,0
Eschikon,2022,2022-04-21,2022-09-23,FPSB0160066,22,0.0144578489775124
Eschikon,2022,2022-04-21,2022-09-23,FPSB0160066,25,0.0470039671345344
Eschikon,2022,2022-04-21,2022-09-23,FPSB0160066,29,0.0718744831931979
Eschikon,2022,2022-04-21,2022-09-23,FPSB0160066,34,0.155063339502684
Eschikon,2022,2022-04-21,2022-09-23,FPSB0160066,40,0.194537508525379
Eschikon,2022,2022-04-21,2022-09-23,FPSB0160066,43,0.251616966731359
Eschikon,2022,2022-04-21,2022-09-23,FPSB0160066,47,0.415384688201785
Eschikon,2022,2022-04-21,2022-09-23,FPSB0160066,48,0.445564079682143
Eschikon,2022,2022-04-21,2022-09-23,FPSB0160066,53,0.644441657401675
Eschikon,2022,2022-04-21,2022-09-23,FPSB0160066,57,0.562671811761059
Eschikon,2022,2022-04-21,2022-09-23,FPSB0160066,60,0.565876297640143
Eschikon,2022,2022-04-21,2022-09-23,FPSB0160066,63,0.644315403398617
Eschikon,2022,2022-04-21,2022-09-23,FPSB0160066,66,0.768634492722019
Eschikon,2022,2022-04-21,2022-09-23,FPSB0160066,69,0.870326075544006
Eschikon,2022,2022-04-21,2022-09-23,FPSB0160066,71,0.863369695606538
Eschikon,2022,2022-04-21,2022-09-23,FPSB0160066,78,0.867755018620195
Eschikon,2022,2022-04-21,2022-09-23,FPSB0160066,81,0.903436750904307
Eschikon,2022,2022-04-21,2022-09-23,FPSB0160066,85,0.878272142421385
Eschikon,2022,2022-04-21,2022-09-23,FPSB0160066,88,0.876109200820809
Eschikon,2022,2022-04-21,2022-09-23,FPSB0160066,95,0.890939626610138
Eschikon,2022,2022-04-21,2022-09-23,FPSB0160066,95,0.848945463265939
Eschikon,2022,2022-04-21,2022-09-23,FPSB0160066,103,0.846095561758864
Eschikon,2022,2022-04-21,2022-09-23,FPSB0160066,109,0.870744468887944
Eschikon,2022,2022-04-21,2022-09-23,FPSB0160066,109,0.843622583123304
Eschikon,2022,2022-04-21,2022-09-23,FPSB0160066,117,0.412438737195406
Eschikon,2022,2022-04-21,2022-09-23,FPSB0160066,117,0.37812116786522
Eschikon,2022,2022-04-21,2022-09-23,FPSB0160066,124,NA
Eschikon,2022,2022-04-21,2022-09-23,FPSB0160066,126,NA
Eschikon,2022,2022-04-21,2022-09-23,FPSB0160066,126,NA
Eschikon,2022,2022-04-21,2022-09-23,FPSB0160066,126,NA
Eschikon,2022,2022-04-21,2022-09-23,FPSB0160066,126,NA
Eschikon,2022,2022-04-21,2022-09-23,FPSB0160066,126,NA
Eschikon,2022,2022-04-21,2022-09-23,FPSB0160066,126,NA
Eschikon,2022,2022-04-21,2022-09-23,FPSB0160066,126,NA
Eschikon,2022,2022-04-21,2022-09-23,FPSB0160066,131,NA
Eschikon,2022,2022-04-21,2022-09-23,FPSB0160066,137,NA
Eschikon,2022,2022-04-21,2022-09-23,FPSB0160066,145,NA
Eschikon,2022,2022-04-21,2022-09-23,FPSB0160066,151,NA
Eschikon,2022,2022-04-21,2022-09-23,FPSB0160067,0,0
Eschikon,2022,2022-04-21,2022-09-23,FPSB0160067,22,0.0131543856208808
Eschikon,2022,2022-04-21,2022-09-23,FPSB0160067,25,0.0379641932440364
Eschikon,2022,2022-04-21,2022-09-23,FPSB0160067,29,0.068597164160114
Eschikon,2022,2022-04-21,2022-09-23,FPSB0160067,34,0.169686304749283
Eschikon,2022,2022-04-21,2022-09-23,FPSB0160067,40,0.192574773362891
Eschikon,2022,2022-04-21,2022-09-23,FPSB0160067,43,0.261892305060716
Eschikon,2022,2022-04-21,2022-09-23,FPSB0160067,47,0.422196191113183
Eschikon,2022,2022-04-21,2022-09-23,FPSB0160067,48,0.460009045663941
Eschikon,2022,2022-04-21,2022-09-23,FPSB0160067,53,0.658514926327412
Eschikon,2022,2022-04-21,2022-09-23,FPSB0160067,57,0.49993333031194
Eschikon,2022,2022-04-21,2022-09-23,FPSB0160067,60,0.52817900297593
Eschikon,2022,2022-04-21,2022-09-23,FPSB0160067,63,0.613382455176707
Eschikon,2022,2022-04-21,2022-09-23,FPSB0160067,66,0.701311677107042
Eschikon,2022,2022-04-21,2022-09-23,FPSB0160067,69,0.842950116712882
Eschikon,2022,2022-04-21,2022-09-23,FPSB0160067,71,0.797255127866767
Eschikon,2022,2022-04-21,2022-09-23,FPSB0160067,78,0.859140579003999
Eschikon,2022,2022-04-21,2022-09-23,FPSB0160067,81,0.882514019439989
Eschikon,2022,2022-04-21,2022-09-23,FPSB0160067,85,0.881153101758802
Eschikon,2022,2022-04-21,2022-09-23,FPSB0160067,88,0.875041167301658
Eschikon,2022,2022-04-21,2022-09-23,FPSB0160067,95,0.885965587519428
Eschikon,2022,2022-04-21,2022-09-23,FPSB0160067,95,0.819971442299233
Eschikon,2022,2022-04-21,2022-09-23,FPSB0160067,103,0.766290690776043
Eschikon,2022,2022-04-21,2022-09-23,FPSB0160067,109,0.669223268886769
Eschikon,2022,2022-04-21,2022-09-23,FPSB0160067,109,0.583920954269331
Eschikon,2022,2022-04-21,2022-09-23,FPSB0160067,117,0.111237150726462
Eschikon,2022,2022-04-21,2022-09-23,FPSB0160067,117,0.0898830228303704
Eschikon,2022,2022-04-21,2022-09-23,FPSB0160067,124,0.0798215651244155
Eschikon,2022,2022-04-21,2022-09-23,FPSB0160067,126,0.0733912889989691
Eschikon,2022,2022-04-21,2022-09-23,FPSB0160067,126,0.0561152616774153
Eschikon,2022,2022-04-21,2022-09-23,FPSB0160067,126,0.0512534315483642
Eschikon,2022,2022-04-21,2022-09-23,FPSB0160067,126,0.0560890386701947
Eschikon,2022,2022-04-21,2022-09-23,FPSB0160067,126,0.0472906558120335
Eschikon,2022,2022-04-21,2022-09-23,FPSB0160067,126,0.0525957393534591
Eschikon,2022,2022-04-21,2022-09-23,FPSB0160067,126,0.0485833372808828
Eschikon,2022,2022-04-21,2022-09-23,FPSB0160067,131,NA
Eschikon,2022,2022-04-21,2022-09-23,FPSB0160067,137,NA
Eschikon,2022,2022-04-21,2022-09-23,FPSB0160067,145,NA
Eschikon,2022,2022-04-21,2022-09-23,FPSB0160067,151,NA
Eschikon,2022,2022-04-21,2022-09-23,FPSB0160068,0,0
Eschikon,2022,2022-04-21,2022-09-23,FPSB0160068,22,0.0177399133531704
Eschikon,2022,2022-04-21,2022-09-23,FPSB0160068,25,0.0484444054415786
Eschikon,2022,2022-04-21,2022-09-23,FPSB0160068,29,0.0746071550138985
Eschikon,2022,2022-04-21,2022-09-23,FPSB0160068,34,0.201259610533611
Eschikon,2022,2022-04-21,2022-09-23,FPSB0160068,40,0.23622150310456
Eschikon,2022,2022-04-21,2022-09-23,FPSB0160068,43,0.317594648209003
Eschikon,2022,2022-04-21,2022-09-23,FPSB0160068,47,0.495034123069871
Eschikon,2022,2022-04-21,2022-09-23,FPSB0160068,48,0.51100556160341
Eschikon,2022,2022-04-21,2022-09-23,FPSB0160068,53,0.622634585919619
Eschikon,2022,2022-04-21,2022-09-23,FPSB0160068,57,0.427684495999046
Eschikon,2022,2022-04-21,2022-09-23,FPSB0160068,60,0.484983433892515
Eschikon,2022,2022-04-21,2022-09-23,FPSB0160068,63,0.590282500396999
Eschikon,2022,2022-04-21,2022-09-23,FPSB0160068,66,0.676932302037432
Eschikon,2022,2022-04-21,2022-09-23,FPSB0160068,69,0.850606161897163
Eschikon,2022,2022-04-21,2022-09-23,FPSB0160068,71,0.850478787394675
Eschikon,2022,2022-04-21,2022-09-23,FPSB0160068,78,0.865403979889961
Eschikon,2022,2022-04-21,2022-09-23,FPSB0160068,81,0.885853200105537
Eschikon,2022,2022-04-21,2022-09-23,FPSB0160068,85,0.894730161669414
Eschikon,2022,2022-04-21,2022-09-23,FPSB0160068,88,0.886325058638143
Eschikon,2022,2022-04-21,2022-09-23,FPSB0160068,95,0.893942873498948
Eschikon,2022,2022-04-21,2022-09-23,FPSB0160068,95,0.838115912298155
Eschikon,2022,2022-04-21,2022-09-23,FPSB0160068,103,0.744368559789121
Eschikon,2022,2022-04-21,2022-09-23,FPSB0160068,109,0.344350224023121
Eschikon,2022,2022-04-21,2022-09-23,FPSB0160068,109,0.245714392910655
Eschikon,2022,2022-04-21,2022-09-23,FPSB0160068,117,0.0272373870504712
Eschikon,2022,2022-04-21,2022-09-23,FPSB0160068,117,0.0208354513261055
Eschikon,2022,2022-04-21,2022-09-23,FPSB0160068,124,0.0756840511513409
Eschikon,2022,2022-04-21,2022-09-23,FPSB0160068,126,0.0785624033287585
Eschikon,2022,2022-04-21,2022-09-23,FPSB0160068,126,0.0621729214018934
Eschikon,2022,2022-04-21,2022-09-23,FPSB0160068,126,0.0554298375560058
Eschikon,2022,2022-04-21,2022-09-23,FPSB0160068,126,0.0562254464123623
Eschikon,2022,2022-04-21,2022-09-23,FPSB0160068,126,0.0541071510697679
Eschikon,2022,2022-04-21,2022-09-23,FPSB0160068,126,0.052719865803978
Eschikon,2022,2022-04-21,2022-09-23,FPSB0160068,126,0.0505477129308905
Eschikon,2022,2022-04-21,2022-09-23,FPSB0160068,131,NA
Eschikon,2022,2022-04-21,2022-09-23,FPSB0160068,137,NA
Eschikon,2022,2022-04-21,2022-09-23,FPSB0160068,145,NA
Eschikon,2022,2022-04-21,2022-09-23,FPSB0160068,151,NA
Eschikon,2022,2022-04-21,2022-09-23,FPSB0160069,0,0
Eschikon,2022,2022-04-21,2022-09-23,FPSB0160069,22,0.0157615364604464
Eschikon,2022,2022-04-21,2022-09-23,FPSB0160069,25,0.0441126827702321
Eschikon,2022,2022-04-21,2022-09-23,FPSB0160069,29,0.0629305875718103
Eschikon,2022,2022-04-21,2022-09-23,FPSB0160069,34,0.159900842129638
Eschikon,2022,2022-04-21,2022-09-23,FPSB0160069,40,0.214799408447135
Eschikon,2022,2022-04-21,2022-09-23,FPSB0160069,43,0.287602358725792
Eschikon,2022,2022-04-21,2022-09-23,FPSB0160069,47,0.479384025769279
Eschikon,2022,2022-04-21,2022-09-23,FPSB0160069,48,0.493441653154422
Eschikon,2022,2022-04-21,2022-09-23,FPSB0160069,53,0.704954630189715
Eschikon,2022,2022-04-21,2022-09-23,FPSB0160069,57,0.580718918448052
Eschikon,2022,2022-04-21,2022-09-23,FPSB0160069,60,0.63225518682993
Eschikon,2022,2022-04-21,2022-09-23,FPSB0160069,63,0.732624747383756
Eschikon,2022,2022-04-21,2022-09-23,FPSB0160069,66,0.837339087339087
Eschikon,2022,2022-04-21,2022-09-23,FPSB0160069,69,0.883778300444967
Eschikon,2022,2022-04-21,2022-09-23,FPSB0160069,71,0.764121330874443
Eschikon,2022,2022-04-21,2022-09-23,FPSB0160069,78,0.835244736437682
Eschikon,2022,2022-04-21,2022-09-23,FPSB0160069,81,0.846240587060089
Eschikon,2022,2022-04-21,2022-09-23,FPSB0160069,85,0.823867935123122
Eschikon,2022,2022-04-21,2022-09-23,FPSB0160069,88,0.79806332825005
Eschikon,2022,2022-04-21,2022-09-23,FPSB0160069,95,0.848930885082337
Eschikon,2022,2022-04-21,2022-09-23,FPSB0160069,95,0.837174019694767
Eschikon,2022,2022-04-21,2022-09-23,FPSB0160069,103,0.850618269082999
Eschikon,2022,2022-04-21,2022-09-23,FPSB0160069,109,0.807061773711151
Eschikon,2022,2022-04-21,2022-09-23,FPSB0160069,109,0.681842335473041
Eschikon,2022,2022-04-21,2022-09-23,FPSB0160069,117,0.0513747029825868
Eschikon,2022,2022-04-21,2022-09-23,FPSB0160069,117,0.0405997682968637
Eschikon,2022,2022-04-21,2022-09-23,FPSB0160069,124,0.0257409180645695
Eschikon,2022,2022-04-21,2022-09-23,FPSB0160069,126,0.0178618292726177
Eschikon,2022,2022-04-21,2022-09-23,FPSB0160069,126,0.0133675568322871
Eschikon,2022,2022-04-21,2022-09-23,FPSB0160069,126,0.0143146138478089
Eschikon,2022,2022-04-21,2022-09-23,FPSB0160069,126,0.013818698206665
Eschikon,2022,2022-04-21,2022-09-23,FPSB0160069,126,0.0131896419240818
Eschikon,2022,2022-04-21,2022-09-23,FPSB0160069,126,0.0149919908737336
Eschikon,2022,2022-04-21,2022-09-23,FPSB0160069,126,0.0143864299984632
Eschikon,2022,2022-04-21,2022-09-23,FPSB0160069,131,0.0141092137461432
Eschikon,2022,2022-04-21,2022-09-23,FPSB0160069,137,0.0259372193953906
Eschikon,2022,2022-04-21,2022-09-23,FPSB0160069,145,NA
Eschikon,2022,2022-04-21,2022-09-23,FPSB0160069,151,NA
Eschikon,2022,2022-04-21,2022-09-23,FPSB0160070,0,0
Eschikon,2022,2022-04-21,2022-09-23,FPSB0160070,22,0.015397976097415
Eschikon,2022,2022-04-21,2022-09-23,FPSB0160070,25,0.041697715136151
Eschikon,2022,2022-04-21,2022-09-23,FPSB0160070,29,0.066646062446876
Eschikon,2022,2022-04-21,2022-09-23,FPSB0160070,34,0.136731223801243
Eschikon,2022,2022-04-21,2022-09-23,FPSB0160070,40,0.192703760708853
Eschikon,2022,2022-04-21,2022-09-23,FPSB0160070,43,0.238382428150977
Eschikon,2022,2022-04-21,2022-09-23,FPSB0160070,47,0.387224086617497
Eschikon,2022,2022-04-21,2022-09-23,FPSB0160070,48,0.422392883042859
Eschikon,2022,2022-04-21,2022-09-23,FPSB0160070,53,0.566595496257091
Eschikon,2022,2022-04-21,2022-09-23,FPSB0160070,57,0.592474880871869
Eschikon,2022,2022-04-21,2022-09-23,FPSB0160070,60,0.600115977782852
Eschikon,2022,2022-04-21,2022-09-23,FPSB0160070,63,0.777790536626787
Eschikon,2022,2022-04-21,2022-09-23,FPSB0160070,66,0.800675378741594
Eschikon,2022,2022-04-21,2022-09-23,FPSB0160070,69,0.862662493917197
Eschikon,2022,2022-04-21,2022-09-23,FPSB0160070,71,0.876947394958358
Eschikon,2022,2022-04-21,2022-09-23,FPSB0160070,78,0.875941487237494
Eschikon,2022,2022-04-21,2022-09-23,FPSB0160070,81,0.910284716226376
Eschikon,2022,2022-04-21,2022-09-23,FPSB0160070,85,0.913481478134963
Eschikon,2022,2022-04-21,2022-09-23,FPSB0160070,88,0.899209552302739
Eschikon,2022,2022-04-21,2022-09-23,FPSB0160070,95,0.922502019066232
Eschikon,2022,2022-04-21,2022-09-23,FPSB0160070,95,0.888308546785446
Eschikon,2022,2022-04-21,2022-09-23,FPSB0160070,103,0.84892085929674
Eschikon,2022,2022-04-21,2022-09-23,FPSB0160070,109,0.8105792377523
Eschikon,2022,2022-04-21,2022-09-23,FPSB0160070,109,0.702955338478048
Eschikon,2022,2022-04-21,2022-09-23,FPSB0160070,117,0.0602667565764668
Eschikon,2022,2022-04-21,2022-09-23,FPSB0160070,117,0.0534637025435772
Eschikon,2022,2022-04-21,2022-09-23,FPSB0160070,124,0.0103909403048009
Eschikon,2022,2022-04-21,2022-09-23,FPSB0160070,126,0.00393913128838736
Eschikon,2022,2022-04-21,2022-09-23,FPSB0160070,126,0.00385644439090015
Eschikon,2022,2022-04-21,2022-09-23,FPSB0160070,126,0.00382744122955556
Eschikon,2022,2022-04-21,2022-09-23,FPSB0160070,126,0.00436929836890683
Eschikon,2022,2022-04-21,2022-09-23,FPSB0160070,126,0.004438738630203
Eschikon,2022,2022-04-21,2022-09-23,FPSB0160070,126,0.00463158176548936
Eschikon,2022,2022-04-21,2022-09-23,FPSB0160070,126,0.00421187255564703
Eschikon,2022,2022-04-21,2022-09-23,FPSB0160070,131,0.00290617254203785
Eschikon,2022,2022-04-21,2022-09-23,FPSB0160070,137,0.00417675142543737
Eschikon,2022,2022-04-21,2022-09-23,FPSB0160070,145,0.00525236096888407
Eschikon,2022,2022-04-21,2022-09-23,FPSB0160070,151,0.0104626789536876
Eschikon,2022,2022-04-21,2022-09-23,FPSB0160071,0,0
Eschikon,2022,2022-04-21,2022-09-23,FPSB0160071,22,0.0166087425237386
Eschikon,2022,2022-04-21,2022-09-23,FPSB0160071,25,0.0396781416244391
Eschikon,2022,2022-04-21,2022-09-23,FPSB0160071,29,0.0644112096245822
Eschikon,2022,2022-04-21,2022-09-23,FPSB0160071,34,0.135221287463014
Eschikon,2022,2022-04-21,2022-09-23,FPSB0160071,40,0.198534018156485
Eschikon,2022,2022-04-21,2022-09-23,FPSB0160071,43,0.237915476780156
Eschikon,2022,2022-04-21,2022-09-23,FPSB0160071,47,0.382900931446245
Eschikon,2022,2022-04-21,2022-09-23,FPSB0160071,48,0.411599373058611
Eschikon,2022,2022-04-21,2022-09-23,FPSB0160071,53,0.544386934588225
Eschikon,2022,2022-04-21,2022-09-23,FPSB0160071,57,0.578843686730909
Eschikon,2022,2022-04-21,2022-09-23,FPSB0160071,60,0.65486196813995
Eschikon,2022,2022-04-21,2022-09-23,FPSB0160071,63,0.837475617910938
Eschikon,2022,2022-04-21,2022-09-23,FPSB0160071,66,0.867773661724924
Eschikon,2022,2022-04-21,2022-09-23,FPSB0160071,69,0.864914275760664
Eschikon,2022,2022-04-21,2022-09-23,FPSB0160071,71,0.854554594552384
Eschikon,2022,2022-04-21,2022-09-23,FPSB0160071,78,0.874865705159693
Eschikon,2022,2022-04-21,2022-09-23,FPSB0160071,81,0.883497730369967
Eschikon,2022,2022-04-21,2022-09-23,FPSB0160071,85,0.900537746138984
Eschikon,2022,2022-04-21,2022-09-23,FPSB0160071,88,0.881257226416378
Eschikon,2022,2022-04-21,2022-09-23,FPSB0160071,95,0.894841944576693
Eschikon,2022,2022-04-21,2022-09-23,FPSB0160071,95,0.903246786370129
Eschikon,2022,2022-04-21,2022-09-23,FPSB0160071,103,0.899455043188465
Eschikon,2022,2022-04-21,2022-09-23,FPSB0160071,109,0.892076069131772
Eschikon,2022,2022-04-21,2022-09-23,FPSB0160071,109,0.903352270007885
Eschikon,2022,2022-04-21,2022-09-23,FPSB0160071,117,0.537614363155919
Eschikon,2022,2022-04-21,2022-09-23,FPSB0160071,117,0.471793990140586
Eschikon,2022,2022-04-21,2022-09-23,FPSB0160071,124,0.104810904048305
Eschikon,2022,2022-04-21,2022-09-23,FPSB0160071,126,0.0412141890921732
Eschikon,2022,2022-04-21,2022-09-23,FPSB0160071,126,0.0344268680365055
Eschikon,2022,2022-04-21,2022-09-23,FPSB0160071,126,0.0308550661114764
Eschikon,2022,2022-04-21,2022-09-23,FPSB0160071,126,0.0310696544670904
Eschikon,2022,2022-04-21,2022-09-23,FPSB0160071,126,0.0285202566369675
Eschikon,2022,2022-04-21,2022-09-23,FPSB0160071,126,0.0266133643675642
Eschikon,2022,2022-04-21,2022-09-23,FPSB0160071,126,0.0265409427655228
Eschikon,2022,2022-04-21,2022-09-23,FPSB0160071,131,0.0195985450185273
Eschikon,2022,2022-04-21,2022-09-23,FPSB0160071,137,0.0209808744276901
Eschikon,2022,2022-04-21,2022-09-23,FPSB0160071,145,0.0108881155521297
Eschikon,2022,2022-04-21,2022-09-23,FPSB0160071,151,0.0142979135021575
Eschikon,2022,2022-04-21,2022-09-23,FPSB0160072,0,0
Eschikon,2022,2022-04-21,2022-09-23,FPSB0160072,22,0.0174096101231494
Eschikon,2022,2022-04-21,2022-09-23,FPSB0160072,25,0.0366984500408528
Eschikon,2022,2022-04-21,2022-09-23,FPSB0160072,29,0.055341339756523
Eschikon,2022,2022-04-21,2022-09-23,FPSB0160072,34,0.133732790182647
Eschikon,2022,2022-04-21,2022-09-23,FPSB0160072,40,0.171635444361906
Eschikon,2022,2022-04-21,2022-09-23,FPSB0160072,43,0.226578960497087
Eschikon,2022,2022-04-21,2022-09-23,FPSB0160072,47,0.388836292928899
Eschikon,2022,2022-04-21,2022-09-23,FPSB0160072,48,0.406645218766466
Eschikon,2022,2022-04-21,2022-09-23,FPSB0160072,53,0.531304352694418
Eschikon,2022,2022-04-21,2022-09-23,FPSB0160072,57,0.510679038742079
Eschikon,2022,2022-04-21,2022-09-23,FPSB0160072,60,0.578205299384614
Eschikon,2022,2022-04-21,2022-09-23,FPSB0160072,63,0.755531110340742
Eschikon,2022,2022-04-21,2022-09-23,FPSB0160072,66,0.812063833958383
Eschikon,2022,2022-04-21,2022-09-23,FPSB0160072,69,0.892690582759841
Eschikon,2022,2022-04-21,2022-09-23,FPSB0160072,71,0.777348874760319
Eschikon,2022,2022-04-21,2022-09-23,FPSB0160072,78,0.866465121063214
Eschikon,2022,2022-04-21,2022-09-23,FPSB0160072,81,0.893106273499098
Eschikon,2022,2022-04-21,2022-09-23,FPSB0160072,85,0.876018563802397
Eschikon,2022,2022-04-21,2022-09-23,FPSB0160072,88,0.815776773769508
Eschikon,2022,2022-04-21,2022-09-23,FPSB0160072,95,0.828571248360077
Eschikon,2022,2022-04-21,2022-09-23,FPSB0160072,95,0.866913754913301
Eschikon,2022,2022-04-21,2022-09-23,FPSB0160072,103,0.856360670563668
Eschikon,2022,2022-04-21,2022-09-23,FPSB0160072,109,0.813614468587221
Eschikon,2022,2022-04-21,2022-09-23,FPSB0160072,109,0.813037422596914
Eschikon,2022,2022-04-21,2022-09-23,FPSB0160072,117,0.202777971851541
Eschikon,2022,2022-04-21,2022-09-23,FPSB0160072,117,0.146422994118271
Eschikon,2022,2022-04-21,2022-09-23,FPSB0160072,124,0.0449990749150604
Eschikon,2022,2022-04-21,2022-09-23,FPSB0160072,126,0.0252451151633713
Eschikon,2022,2022-04-21,2022-09-23,FPSB0160072,126,0.0205224918553711
Eschikon,2022,2022-04-21,2022-09-23,FPSB0160072,126,0.0195684575793568
Eschikon,2022,2022-04-21,2022-09-23,FPSB0160072,126,0.0219807944603585
Eschikon,2022,2022-04-21,2022-09-23,FPSB0160072,126,0.0203135391032757
Eschikon,2022,2022-04-21,2022-09-23,FPSB0160072,126,0.0184096754827908
Eschikon,2022,2022-04-21,2022-09-23,FPSB0160072,126,0.017630307593977
Eschikon,2022,2022-04-21,2022-09-23,FPSB0160072,131,0.0169035013494596
Eschikon,2022,2022-04-21,2022-09-23,FPSB0160072,137,0.0142233612427227
Eschikon,2022,2022-04-21,2022-09-23,FPSB0160072,145,0.0120301474184308
Eschikon,2022,2022-04-21,2022-09-23,FPSB0160072,151,0.0182020156886109
Eschikon,2022,2022-04-21,2022-09-23,FPSB0160073,0,0
Eschikon,2022,2022-04-21,2022-09-23,FPSB0160073,22,0.0209953123167455
Eschikon,2022,2022-04-21,2022-09-23,FPSB0160073,25,0.0393987174465189
Eschikon,2022,2022-04-21,2022-09-23,FPSB0160073,29,0.0760110650702125
Eschikon,2022,2022-04-21,2022-09-23,FPSB0160073,34,0.146424232707825
Eschikon,2022,2022-04-21,2022-09-23,FPSB0160073,40,0.197609895045615
Eschikon,2022,2022-04-21,2022-09-23,FPSB0160073,43,0.23931466567287
Eschikon,2022,2022-04-21,2022-09-23,FPSB0160073,47,0.381600500394693
Eschikon,2022,2022-04-21,2022-09-23,FPSB0160073,48,0.415992818238189
Eschikon,2022,2022-04-21,2022-09-23,FPSB0160073,53,0.54600350788051
Eschikon,2022,2022-04-21,2022-09-23,FPSB0160073,57,0.332963774019482
Eschikon,2022,2022-04-21,2022-09-23,FPSB0160073,60,0.575062606759638
Eschikon,2022,2022-04-21,2022-09-23,FPSB0160073,63,0.763268706538597
Eschikon,2022,2022-04-21,2022-09-23,FPSB0160073,66,0.836783155172908
Eschikon,2022,2022-04-21,2022-09-23,FPSB0160073,69,0.889958079516634
Eschikon,2022,2022-04-21,2022-09-23,FPSB0160073,71,0.886596352847529
Eschikon,2022,2022-04-21,2022-09-23,FPSB0160073,78,0.867463911737195
Eschikon,2022,2022-04-21,2022-09-23,FPSB0160073,81,0.891845432884944
Eschikon,2022,2022-04-21,2022-09-23,FPSB0160073,85,0.901336357886217
Eschikon,2022,2022-04-21,2022-09-23,FPSB0160073,88,0.8942245713765
Eschikon,2022,2022-04-21,2022-09-23,FPSB0160073,95,0.904541486091345
Eschikon,2022,2022-04-21,2022-09-23,FPSB0160073,95,0.871239745063828
Eschikon,2022,2022-04-21,2022-09-23,FPSB0160073,103,0.872687865338383
Eschikon,2022,2022-04-21,2022-09-23,FPSB0160073,109,0.879703668861712
Eschikon,2022,2022-04-21,2022-09-23,FPSB0160073,109,0.805782698539048
Eschikon,2022,2022-04-21,2022-09-23,FPSB0160073,117,0.213238851232736
Eschikon,2022,2022-04-21,2022-09-23,FPSB0160073,117,0.166587769656914
Eschikon,2022,2022-04-21,2022-09-23,FPSB0160073,124,0.0276630337190074
Eschikon,2022,2022-04-21,2022-09-23,FPSB0160073,126,0.0149882542286117
Eschikon,2022,2022-04-21,2022-09-23,FPSB0160073,126,0.0108636659671467
Eschikon,2022,2022-04-21,2022-09-23,FPSB0160073,126,0.0107663429041604
Eschikon,2022,2022-04-21,2022-09-23,FPSB0160073,126,0.0107328409891909
Eschikon,2022,2022-04-21,2022-09-23,FPSB0160073,126,0.00979612744664485
Eschikon,2022,2022-04-21,2022-09-23,FPSB0160073,126,0.00947450906293804
Eschikon,2022,2022-04-21,2022-09-23,FPSB0160073,126,0.00852020701503298
Eschikon,2022,2022-04-21,2022-09-23,FPSB0160073,131,0.00570219343737688
Eschikon,2022,2022-04-21,2022-09-23,FPSB0160073,137,0.00914702784411157
Eschikon,2022,2022-04-21,2022-09-23,FPSB0160073,145,0.00781968197302158
Eschikon,2022,2022-04-21,2022-09-23,FPSB0160073,151,0.00924719856987025
Eschikon,2022,2022-04-21,2022-09-23,FPSB0160074,0,0
Eschikon,2022,2022-04-21,2022-09-23,FPSB0160074,22,0.0203927134540065
Eschikon,2022,2022-04-21,2022-09-23,FPSB0160074,25,0.0431507532197022
Eschikon,2022,2022-04-21,2022-09-23,FPSB0160074,29,0.0868904129300906
Eschikon,2022,2022-04-21,2022-09-23,FPSB0160074,34,0.151501357033699
Eschikon,2022,2022-04-21,2022-09-23,FPSB0160074,40,0.229475114293352
Eschikon,2022,2022-04-21,2022-09-23,FPSB0160074,43,0.258574939329205
Eschikon,2022,2022-04-21,2022-09-23,FPSB0160074,47,0.387170083371113
Eschikon,2022,2022-04-21,2022-09-23,FPSB0160074,48,0.414909251784509
Eschikon,2022,2022-04-21,2022-09-23,FPSB0160074,53,0.560939142637357
Eschikon,2022,2022-04-21,2022-09-23,FPSB0160074,57,0.33115429006242
Eschikon,2022,2022-04-21,2022-09-23,FPSB0160074,60,0.632155414214069
Eschikon,2022,2022-04-21,2022-09-23,FPSB0160074,63,0.839185404495704
Eschikon,2022,2022-04-21,2022-09-23,FPSB0160074,66,0.872436307500524
Eschikon,2022,2022-04-21,2022-09-23,FPSB0160074,69,0.91596182866112
Eschikon,2022,2022-04-21,2022-09-23,FPSB0160074,71,0.917384557373245
Eschikon,2022,2022-04-21,2022-09-23,FPSB0160074,78,0.896109209627309
Eschikon,2022,2022-04-21,2022-09-23,FPSB0160074,81,0.907817193280994
Eschikon,2022,2022-04-21,2022-09-23,FPSB0160074,85,0.893300331309381
Eschikon,2022,2022-04-21,2022-09-23,FPSB0160074,88,0.853865007541478
Eschikon,2022,2022-04-21,2022-09-23,FPSB0160074,95,0.852596814531204
Eschikon,2022,2022-04-21,2022-09-23,FPSB0160074,95,0.864801439971123
Eschikon,2022,2022-04-21,2022-09-23,FPSB0160074,103,0.846322401412899
Eschikon,2022,2022-04-21,2022-09-23,FPSB0160074,109,0.876171185107837
Eschikon,2022,2022-04-21,2022-09-23,FPSB0160074,109,0.81261263874386
Eschikon,2022,2022-04-21,2022-09-23,FPSB0160074,117,0.204919203052687
Eschikon,2022,2022-04-21,2022-09-23,FPSB0160074,117,0.159420724239729
Eschikon,2022,2022-04-21,2022-09-23,FPSB0160074,124,0.0292148483324954
Eschikon,2022,2022-04-21,2022-09-23,FPSB0160074,126,0.0204277371698186
Eschikon,2022,2022-04-21,2022-09-23,FPSB0160074,126,0.0154132987843395
Eschikon,2022,2022-04-21,2022-09-23,FPSB0160074,126,0.0129418532699076
Eschikon,2022,2022-04-21,2022-09-23,FPSB0160074,126,0.0146736538139253
Eschikon,2022,2022-04-21,2022-09-23,FPSB0160074,126,0.0148180376687164
Eschikon,2022,2022-04-21,2022-09-23,FPSB0160074,126,0.0141841023062743
Eschikon,2022,2022-04-21,2022-09-23,FPSB0160074,126,0.0141302806461177
Eschikon,2022,2022-04-21,2022-09-23,FPSB0160074,131,0.0118630029263513
Eschikon,2022,2022-04-21,2022-09-23,FPSB0160074,137,0.0111031625276399
Eschikon,2022,2022-04-21,2022-09-23,FPSB0160074,145,0.00476241121037501
Eschikon,2022,2022-04-21,2022-09-23,FPSB0160074,151,0.00752959911375753
Eschikon,2022,2022-04-21,2022-09-23,FPSB0160075,0,0
Eschikon,2022,2022-04-21,2022-09-23,FPSB0160075,22,0.0181577816628774
Eschikon,2022,2022-04-21,2022-09-23,FPSB0160075,25,0.0319104536335621
Eschikon,2022,2022-04-21,2022-09-23,FPSB0160075,29,0.0575235613069196
Eschikon,2022,2022-04-21,2022-09-23,FPSB0160075,34,0.133328496322336
Eschikon,2022,2022-04-21,2022-09-23,FPSB0160075,40,0.201253194570554
Eschikon,2022,2022-04-21,2022-09-23,FPSB0160075,43,0.241078900641997
Eschikon,2022,2022-04-21,2022-09-23,FPSB0160075,47,0.362212020558788
Eschikon,2022,2022-04-21,2022-09-23,FPSB0160075,48,0.383490256636052
Eschikon,2022,2022-04-21,2022-09-23,FPSB0160075,53,0.515321291263257
Eschikon,2022,2022-04-21,2022-09-23,FPSB0160075,57,0.543631175867048
Eschikon,2022,2022-04-21,2022-09-23,FPSB0160075,60,0.603913675474181
Eschikon,2022,2022-04-21,2022-09-23,FPSB0160075,63,0.79674543015899
Eschikon,2022,2022-04-21,2022-09-23,FPSB0160075,66,0.825127196257391
Eschikon,2022,2022-04-21,2022-09-23,FPSB0160075,69,0.893713194338724
Eschikon,2022,2022-04-21,2022-09-23,FPSB0160075,71,0.836495683254139
Eschikon,2022,2022-04-21,2022-09-23,FPSB0160075,78,0.891092665485554
Eschikon,2022,2022-04-21,2022-09-23,FPSB0160075,81,0.878739779542035
Eschikon,2022,2022-04-21,2022-09-23,FPSB0160075,85,0.87583162837933
Eschikon,2022,2022-04-21,2022-09-23,FPSB0160075,88,0.874304737054087
Eschikon,2022,2022-04-21,2022-09-23,FPSB0160075,95,0.879787152553848
Eschikon,2022,2022-04-21,2022-09-23,FPSB0160075,95,0.838455453752505
Eschikon,2022,2022-04-21,2022-09-23,FPSB0160075,103,0.822881069574478
Eschikon,2022,2022-04-21,2022-09-23,FPSB0160075,109,0.819822499462569
Eschikon,2022,2022-04-21,2022-09-23,FPSB0160075,109,0.735756221228901
Eschikon,2022,2022-04-21,2022-09-23,FPSB0160075,117,0.143777659172282
Eschikon,2022,2022-04-21,2022-09-23,FPSB0160075,117,0.132330993345738
Eschikon,2022,2022-04-21,2022-09-23,FPSB0160075,124,0.0255119186168622
Eschikon,2022,2022-04-21,2022-09-23,FPSB0160075,126,0.0145572802771415
Eschikon,2022,2022-04-21,2022-09-23,FPSB0160075,126,0.0167202862345967
Eschikon,2022,2022-04-21,2022-09-23,FPSB0160075,126,0.016206329085774
Eschikon,2022,2022-04-21,2022-09-23,FPSB0160075,126,0.0160359881196828
Eschikon,2022,2022-04-21,2022-09-23,FPSB0160075,126,0.0172757861938261
Eschikon,2022,2022-04-21,2022-09-23,FPSB0160075,126,0.0168686975386889
Eschikon,2022,2022-04-21,2022-09-23,FPSB0160075,126,0.0171664467523097
Eschikon,2022,2022-04-21,2022-09-23,FPSB0160075,131,0.00523532071667371
Eschikon,2022,2022-04-21,2022-09-23,FPSB0160075,137,0.00443671849609141
Eschikon,2022,2022-04-21,2022-09-23,FPSB0160075,145,0.00223697995814214
Eschikon,2022,2022-04-21,2022-09-23,FPSB0160075,151,0.0022355730689064
Eschikon,2022,2022-04-21,2022-09-23,FPSB0160076,0,0
Eschikon,2022,2022-04-21,2022-09-23,FPSB0160076,22,0.0184276529984748
Eschikon,2022,2022-04-21,2022-09-23,FPSB0160076,25,0.0428022923550653
Eschikon,2022,2022-04-21,2022-09-23,FPSB0160076,29,0.0765871383903036
Eschikon,2022,2022-04-21,2022-09-23,FPSB0160076,34,0.148666852394977
Eschikon,2022,2022-04-21,2022-09-23,FPSB0160076,40,0.202040715671374
Eschikon,2022,2022-04-21,2022-09-23,FPSB0160076,43,0.242363026766034
Eschikon,2022,2022-04-21,2022-09-23,FPSB0160076,47,0.385131072238463
Eschikon,2022,2022-04-21,2022-09-23,FPSB0160076,48,0.419727256921853
Eschikon,2022,2022-04-21,2022-09-23,FPSB0160076,53,0.538561151084502
Eschikon,2022,2022-04-21,2022-09-23,FPSB0160076,57,0.580320019473773
Eschikon,2022,2022-04-21,2022-09-23,FPSB0160076,60,0.595432895849003
Eschikon,2022,2022-04-21,2022-09-23,FPSB0160076,63,0.817024230217498
Eschikon,2022,2022-04-21,2022-09-23,FPSB0160076,66,0.81064913347522
Eschikon,2022,2022-04-21,2022-09-23,FPSB0160076,69,0.8827794387577
Eschikon,2022,2022-04-21,2022-09-23,FPSB0160076,71,0.874764595103578
Eschikon,2022,2022-04-21,2022-09-23,FPSB0160076,78,0.884838573751003
Eschikon,2022,2022-04-21,2022-09-23,FPSB0160076,81,0.889638505457715
Eschikon,2022,2022-04-21,2022-09-23,FPSB0160076,85,0.915082498062724
Eschikon,2022,2022-04-21,2022-09-23,FPSB0160076,88,0.903735637139592
Eschikon,2022,2022-04-21,2022-09-23,FPSB0160076,95,0.911280809585894
Eschikon,2022,2022-04-21,2022-09-23,FPSB0160076,95,0.881135761079264
Eschikon,2022,2022-04-21,2022-09-23,FPSB0160076,103,0.849458856167896
Eschikon,2022,2022-04-21,2022-09-23,FPSB0160076,109,0.826208957917997
Eschikon,2022,2022-04-21,2022-09-23,FPSB0160076,109,0.723694436971273
Eschikon,2022,2022-04-21,2022-09-23,FPSB0160076,117,0.100097956030159
Eschikon,2022,2022-04-21,2022-09-23,FPSB0160076,117,0.0842079818068519
Eschikon,2022,2022-04-21,2022-09-23,FPSB0160076,124,0.0125786407566069
Eschikon,2022,2022-04-21,2022-09-23,FPSB0160076,126,0.0060552807727949
Eschikon,2022,2022-04-21,2022-09-23,FPSB0160076,126,0.00520003380172872
Eschikon,2022,2022-04-21,2022-09-23,FPSB0160076,126,0.00507830733819434
Eschikon,2022,2022-04-21,2022-09-23,FPSB0160076,126,0.00585149313962873
Eschikon,2022,2022-04-21,2022-09-23,FPSB0160076,126,0.00596474042801726
Eschikon,2022,2022-04-21,2022-09-23,FPSB0160076,126,0.00614409653957677
Eschikon,2022,2022-04-21,2022-09-23,FPSB0160076,126,0.00594145862507444
Eschikon,2022,2022-04-21,2022-09-23,FPSB0160076,131,0.00530005932548305
Eschikon,2022,2022-04-21,2022-09-23,FPSB0160076,137,0.00390925952990551
Eschikon,2022,2022-04-21,2022-09-23,FPSB0160076,145,0.00655655811023043
Eschikon,2022,2022-04-21,2022-09-23,FPSB0160076,151,0.00942813901113659
Eschikon,2022,2022-04-21,2022-09-23,FPSB0160077,0,0
Eschikon,2022,2022-04-21,2022-09-23,FPSB0160077,22,0.0164372951591274
Eschikon,2022,2022-04-21,2022-09-23,FPSB0160077,25,0.0462018498029524
Eschikon,2022,2022-04-21,2022-09-23,FPSB0160077,29,0.094433362861958
Eschikon,2022,2022-04-21,2022-09-23,FPSB0160077,34,0.165021587178872
Eschikon,2022,2022-04-21,2022-09-23,FPSB0160077,40,0.215393189704406
Eschikon,2022,2022-04-21,2022-09-23,FPSB0160077,43,0.264486776242106
Eschikon,2022,2022-04-21,2022-09-23,FPSB0160077,47,0.402333301503319
Eschikon,2022,2022-04-21,2022-09-23,FPSB0160077,48,0.445985361305502
Eschikon,2022,2022-04-21,2022-09-23,FPSB0160077,53,0.58855830995978
Eschikon,2022,2022-04-21,2022-09-23,FPSB0160077,57,0.629470596743379
Eschikon,2022,2022-04-21,2022-09-23,FPSB0160077,60,0.70924099311674
Eschikon,2022,2022-04-21,2022-09-23,FPSB0160077,63,0.870838232866351
Eschikon,2022,2022-04-21,2022-09-23,FPSB0160077,66,0.882669269058791
Eschikon,2022,2022-04-21,2022-09-23,FPSB0160077,69,0.916060685707611
Eschikon,2022,2022-04-21,2022-09-23,FPSB0160077,71,0.860729823229823
Eschikon,2022,2022-04-21,2022-09-23,FPSB0160077,78,0.910116572616573
Eschikon,2022,2022-04-21,2022-09-23,FPSB0160077,81,0.90751397001397
Eschikon,2022,2022-04-21,2022-09-23,FPSB0160077,85,0.890551403051403
Eschikon,2022,2022-04-21,2022-09-23,FPSB0160077,88,0.861470811470812
Eschikon,2022,2022-04-21,2022-09-23,FPSB0160077,95,0.878896203896204
Eschikon,2022,2022-04-21,2022-09-23,FPSB0160077,95,0.895565758065758
Eschikon,2022,2022-04-21,2022-09-23,FPSB0160077,103,0.902746152746153
Eschikon,2022,2022-04-21,2022-09-23,FPSB0160077,109,0.854072066572067
Eschikon,2022,2022-04-21,2022-09-23,FPSB0160077,109,0.855347242847243
Eschikon,2022,2022-04-21,2022-09-23,FPSB0160077,109,0.781876656876657
Eschikon,2022,2022-04-21,2022-09-23,FPSB0160077,117,0.23223566973567
Eschikon,2022,2022-04-21,2022-09-23,FPSB0160077,117,0.212892012892013
Eschikon,2022,2022-04-21,2022-09-23,FPSB0160077,124,0.0191840191840192
Eschikon,2022,2022-04-21,2022-09-23,FPSB0160077,126,0.0161426536426536
Eschikon,2022,2022-04-21,2022-09-23,FPSB0160077,126,0.0121878746878747
Eschikon,2022,2022-04-21,2022-09-23,FPSB0160077,126,0.0132772882772883
Eschikon,2022,2022-04-21,2022-09-23,FPSB0160077,126,0.0117797742797743
Eschikon,2022,2022-04-21,2022-09-23,FPSB0160077,126,0.0118773993773994
Eschikon,2022,2022-04-21,2022-09-23,FPSB0160077,126,0.0112206987206987
Eschikon,2022,2022-04-21,2022-09-23,FPSB0160077,126,0.0114129239129239
Eschikon,2022,2022-04-21,2022-09-23,FPSB0160077,131,0.0132924132924133
Eschikon,2022,2022-04-21,2022-09-23,FPSB0160077,137,0.00614214295034906
Eschikon,2022,2022-04-21,2022-09-23,FPSB0160077,145,0.00371154121154121
Eschikon,2022,2022-04-21,2022-09-23,FPSB0160077,151,0.00331045331045331
Eschikon,2022,2022-04-21,2022-09-23,FPSB0160078,0,0
Eschikon,2022,2022-04-21,2022-09-23,FPSB0160078,22,0.0154225820408351
Eschikon,2022,2022-04-21,2022-09-23,FPSB0160078,25,0.0410178532530261
Eschikon,2022,2022-04-21,2022-09-23,FPSB0160078,29,0.0658803703312434
Eschikon,2022,2022-04-21,2022-09-23,FPSB0160078,34,0.131973854653427
Eschikon,2022,2022-04-21,2022-09-23,FPSB0160078,40,0.195412237991004
Eschikon,2022,2022-04-21,2022-09-23,FPSB0160078,43,0.219491773372949
Eschikon,2022,2022-04-21,2022-09-23,FPSB0160078,47,0.361410054043851
Eschikon,2022,2022-04-21,2022-09-23,FPSB0160078,48,0.404345821520371
Eschikon,2022,2022-04-21,2022-09-23,FPSB0160078,53,0.541274688158109
Eschikon,2022,2022-04-21,2022-09-23,FPSB0160078,57,0.53841663742427
Eschikon,2022,2022-04-21,2022-09-23,FPSB0160078,60,0.529406651473986
Eschikon,2022,2022-04-21,2022-09-23,FPSB0160078,63,0.755534781121402
Eschikon,2022,2022-04-21,2022-09-23,FPSB0160078,66,0.782369791812238
Eschikon,2022,2022-04-21,2022-09-23,FPSB0160078,69,0.890641216630425
Eschikon,2022,2022-04-21,2022-09-23,FPSB0160078,71,0.786970188791881
Eschikon,2022,2022-04-21,2022-09-23,FPSB0160078,78,0.837450898229945
Eschikon,2022,2022-04-21,2022-09-23,FPSB0160078,81,0.89532784579796
Eschikon,2022,2022-04-21,2022-09-23,FPSB0160078,85,0.898951642529547
Eschikon,2022,2022-04-21,2022-09-23,FPSB0160078,88,0.856705345372236
Eschikon,2022,2022-04-21,2022-09-23,FPSB0160078,95,0.899038700709285
Eschikon,2022,2022-04-21,2022-09-23,FPSB0160078,95,0.888865928489837
Eschikon,2022,2022-04-21,2022-09-23,FPSB0160078,103,0.865916650881392
Eschikon,2022,2022-04-21,2022-09-23,FPSB0160078,109,0.778498040712614
Eschikon,2022,2022-04-21,2022-09-23,FPSB0160078,109,0.778623366224105
Eschikon,2022,2022-04-21,2022-09-23,FPSB0160078,109,0.692116236063516
Eschikon,2022,2022-04-21,2022-09-23,FPSB0160078,117,0.12466779172622
Eschikon,2022,2022-04-21,2022-09-23,FPSB0160078,117,0.116256751792346
Eschikon,2022,2022-04-21,2022-09-23,FPSB0160078,124,0.020559363155065
Eschikon,2022,2022-04-21,2022-09-23,FPSB0160078,126,0.0129691574872905
Eschikon,2022,2022-04-21,2022-09-23,FPSB0160078,126,0.00994089610610766
Eschikon,2022,2022-04-21,2022-09-23,FPSB0160078,126,0.00912364940235995
Eschikon,2022,2022-04-21,2022-09-23,FPSB0160078,126,0.0094488021368478
Eschikon,2022,2022-04-21,2022-09-23,FPSB0160078,126,0.00972492485252727
Eschikon,2022,2022-04-21,2022-09-23,FPSB0160078,126,0.00840015766140682
Eschikon,2022,2022-04-21,2022-09-23,FPSB0160078,126,0.0084142687399907
Eschikon,2022,2022-04-21,2022-09-23,FPSB0160078,131,0.00624654398160107
Eschikon,2022,2022-04-21,2022-09-23,FPSB0160078,137,0.0110208912064807
Eschikon,2022,2022-04-21,2022-09-23,FPSB0160078,145,0.0162691169239188
Eschikon,2022,2022-04-21,2022-09-23,FPSB0160078,151,0.0357741132502875
